movie_id,Action,Adventure,Animation,Children,Comedy,Crime,Documentary,Drama,Fantasy,Film-Noir,Horror,IMAX,Musical,Mystery,Romance,Sci-Fi,Thriller,War,Western
1,0,1,1,1,1,0,0,0,1,0,0,0,0,0,0,0,0,0,0
2,0,1,0,1,0,0,0,0,1,0,0,0,0,0,0,0,0,0,0
3,0,0,0,0,1,0,0,0,0,0,0,0,0,0,1,0,0,0,0
4,0,0,0,0,1,0,0,1,0,0,0,0,0,0,1,0,0,0,0
5,0,0,0,0,1,0,0,0,0,0,0,0,0,0,0,0,0,0,0
6,1,0,0,0,0,1,0,0,0,0,0,0,0,0,0,0,1,0,0
7,0,0,0,0,1,0,0,0,0,0,0,0,0,0,1,0,0,0,0
9,1,0,0,0,0,0,0,0,0,0,0,0,0,0,0,0,0,0,0
10,1,1,0,0,0,0,0,0,0,0,0,0,0,0,0,0,1,0,0
11,0,0,0,0,1,0,0,1,0,0,0,0,0,0,1,0,0,0,0
12,0,0,0,0,1,0,0,0,0,0,1,0,0,0,0,0,0,0,0
13,0,1,1,1,0,0,0,0,0,0,0,0,0,0,0,0,0,0,0
14,0,0,0,0,0,0,0,1,0,0,0,0,0,0,0,0,0,0,0
15,1,1,0,0,0,0,0,0,0,0,0,0,0,0,1,0,0,0,0
16,0,0,0,0,0,1,0,1,0,0,0,0,0,0,0,0,0,0,0
17,0,0,0,0,0,0,0,1,0,0,0,0,0,0,1,0,0,0,0
18,0,0,0,0,1,0,0,0,0,0,0,0,0,0,0,0,0,0,0
19,0,0,0,0,1,0,0,0,0,0,0,0,0,0,0,0,0,0,0
20,1,0,0,0,1,1,0,1,0,0,0,0,0,0,0,0,1,0,0
21,0,0,0,0,1,1,0,0,0,0,0,0,0,0,0,0,1,0,0
22,0,0,0,0,0,1,0,1,0,0,1,0,0,1,0,0,1,0,0
23,1,0,0,0,0,1,0,0,0,0,0,0,0,0,0,0,1,0,0
24,0,0,0,0,0,0,0,1,0,0,0,0,0,0,0,1,0,0,0
25,0,0,0,0,0,0,0,1,0,0,0,0,0,0,1,0,0,0,0
26,0,0,0,0,0,0,0,1,0,0,0,0,0,0,0,0,0,0,0
27,0,0,0,1,0,0,0,1,0,0,0,0,0,0,0,0,0,0,0
28,0,0,0,0,0,0,0,1,0,0,0,0,0,0,1,0,0,0,0
29,0,1,0,0,0,0,0,1,1,0,0,0,0,1,0,1,0,0,0
31,0,0,0,0,0,0,0,1,0,0,0,0,0,0,0,0,0,0,0
32,0,0,0,0,0,0,0,0,0,0,0,0,0,1,0,1,1,0,0
34,0,0,0,1,0,0,0,1,0,0,0,0,0,0,0,0,0,0,0
36,0,0,0,0,0,1,0,1,0,0,0,0,0,0,0,0,0,0,0
39,0,0,0,0,1,0,0,0,0,0,0,0,0,0,1,0,0,0,0
41,0,0,0,0,0,0,0,1,0,0,0,0,0,0,0,0,0,1,0
42,1,0,0,0,0,1,0,1,0,0,0,0,0,0,0,0,0,0,0
43,0,0,0,0,0,0,0,1,0,0,0,0,0,0,0,0,0,0,0
44,1,1,0,0,0,0,0,0,1,0,0,0,0,0,0,0,0,0,0
45,0,0,0,0,1,0,0,1,0,0,0,0,0,0,0,0,1,0,0
46,0,0,0,0,0,0,0,1,0,0,0,0,0,0,1,0,0,0,0
47,0,0,0,0,0,0,0,0,0,0,0,0,0,1,0,0,1,0,0
48,0,0,1,1,0,0,0,1,0,0,0,0,1,0,1,0,0,0,0
50,0,0,0,0,0,1,0,0,0,0,0,0,0,1,0,0,1,0,0
52,0,0,0,0,1,0,0,1,0,0,0,0,0,0,1,0,0,0,0
57,0,0,0,0,0,0,0,1,0,0,0,0,0,0,0,0,0,0,0
58,0,0,0,0,1,0,0,1,0,0,0,0,0,0,1,0,0,0,0
60,0,1,0,1,0,0,0,0,1,0,0,0,0,0,0,0,0,0,0
62,0,0,0,0,0,0,0,1,0,0,0,0,0,0,0,0,0,0,0
63,0,0,0,0,1,1,0,0,0,0,0,0,0,0,0,0,0,0,0
65,0,0,0,0,1,0,0,0,0,0,0,0,0,0,0,0,0,0,0
66,1,0,0,0,0,0,0,0,0,0,0,0,0,0,0,1,1,0,0
69,0,0,0,0,1,0,0,0,0,0,0,0,0,0,0,0,0,0,0
70,1,0,0,0,1,0,0,0,0,0,1,0,0,0,0,0,1,0,0
73,0,0,0,0,0,0,0,1,0,0,0,0,0,0,0,0,0,1,0
74,0,0,0,0,0,0,0,1,0,0,0,0,0,0,1,0,0,0,0
76,1,0,0,0,0,0,0,0,0,0,0,0,0,0,0,1,1,0,0
79,0,0,0,0,0,0,0,1,0,0,0,0,0,0,0,0,1,0,0
81,0,0,0,0,0,1,0,1,0,0,0,0,0,0,1,0,0,0,0
85,0,0,0,0,0,0,0,1,0,0,0,0,0,0,1,0,0,0,0
86,1,1,0,0,0,0,0,1,0,0,0,0,0,0,0,0,0,0,0
88,0,0,0,0,1,0,0,0,0,0,0,0,0,0,0,0,0,0,0
89,1,0,0,0,0,0,0,0,0,0,0,0,0,0,0,0,1,0,0
92,0,0,0,0,0,0,0,1,0,0,1,0,0,0,0,0,1,0,0
93,0,0,0,0,1,0,0,0,0,0,1,0,0,0,1,0,0,0,0
94,0,0,0,0,1,0,0,1,0,0,0,0,0,0,1,0,0,0,0
95,1,1,0,0,0,0,0,0,0,0,0,0,0,0,0,0,1,0,0
97,0,0,0,0,0,1,0,1,0,0,0,0,0,0,0,0,0,0,0
100,0,0,0,0,0,0,0,1,0,0,0,0,0,0,0,0,1,0,0
101,0,1,0,0,1,1,0,0,0,0,0,0,0,0,1,0,0,0,0
104,0,0,0,0,1,0,0,0,0,0,0,0,0,0,0,0,0,0,0
105,0,0,0,0,0,0,0,1,0,0,0,0,0,0,1,0,0,0,0
107,0,1,0,1,1,0,0,0,0,0,0,0,1,0,0,0,0,0,0
110,1,0,0,0,0,0,0,1,0,0,0,0,0,0,0,0,0,1,0
111,0,0,0,0,0,1,0,1,0,0,0,0,0,0,0,0,1,0,0
112,1,1,0,0,1,1,0,0,0,0,0,0,0,0,0,0,0,0,0
122,0,0,0,0,1,0,0,0,0,0,0,0,0,0,1,0,0,0,0
123,0,0,0,0,0,0,0,1,0,0,0,0,0,1,1,0,0,0,0
125,0,0,0,0,1,0,0,0,0,0,0,0,0,0,0,0,0,0,0
135,0,0,0,0,1,0,0,0,0,0,0,0,0,0,0,0,0,0,0
140,0,0,0,0,0,0,0,1,0,0,0,0,0,0,1,0,0,0,0
141,0,0,0,0,1,0,0,0,0,0,0,0,0,0,0,0,0,0,0
144,0,0,0,0,1,0,0,0,0,0,0,0,0,0,0,0,0,0,0
145,1,0,0,0,1,1,0,1,0,0,0,0,0,0,0,0,1,0,0
147,0,0,0,0,0,0,0,1,0,0,0,0,0,0,0,0,0,0,0
150,0,1,0,0,0,0,0,1,0,0,0,1,0,0,0,0,0,0,0
151,1,0,0,0,0,0,0,1,0,0,0,0,0,0,1,0,0,1,0
153,1,1,0,0,1,1,0,0,0,0,0,0,0,0,0,0,0,0,0
154,0,0,0,0,0,0,0,1,0,0,0,0,0,0,0,0,0,0,0
157,0,0,0,0,1,0,0,0,0,0,0,0,0,0,0,0,0,1,0
158,0,1,0,1,0,0,0,0,0,0,0,0,0,0,0,0,0,0,0
159,0,0,0,0,0,1,0,1,0,0,0,0,0,1,0,0,0,0,0
160,1,1,0,0,0,0,0,0,0,0,0,0,0,1,0,1,0,0,0
161,0,0,0,0,0,0,0,1,0,0,0,0,0,0,0,0,1,1,0
162,0,0,0,0,0,0,1,0,0,0,0,0,0,0,0,0,0,0,0
163,1,0,0,0,0,0,0,0,0,0,0,0,0,0,1,0,0,0,1
164,0,0,0,0,0,1,0,0,0,1,0,0,0,1,0,0,1,0,0
165,1,0,0,0,0,1,0,0,0,0,0,0,0,0,0,0,1,0,0
168,1,0,0,0,0,0,0,1,0,0,0,0,0,0,1,0,0,0,0
169,0,1,0,1,0,0,0,1,0,0,0,0,0,0,0,0,0,0,0
170,1,1,0,0,0,1,0,0,0,0,0,0,0,0,0,0,1,0,0
172,1,0,0,0,0,0,0,0,0,0,0,0,0,0,0,1,1,0,0
173,1,0,0,0,0,1,0,0,0,0,0,0,0,0,0,1,0,0,0
174,0,0,0,0,1,0,0,0,0,0,0,0,0,0,0,0,0,0,0
175,0,0,0,0,0,0,0,1,0,0,0,0,0,0,0,0,0,0,0
176,0,0,0,0,1,0,0,0,0,0,0,0,0,0,0,0,0,0,0
177,0,0,0,0,0,0,0,0,0,0,1,0,0,0,0,0,0,0,0
180,0,0,0,0,1,0,0,0,0,0,0,0,0,0,1,0,0,0,0
181,1,0,0,1,0,0,0,0,0,0,0,0,0,0,0,0,0,0,0
185,1,0,0,0,0,1,0,0,0,0,0,0,0,0,0,0,1,0,0
186,0,0,0,0,1,0,0,0,0,0,0,0,0,0,1,0,0,0,0
188,0,0,0,0,0,0,0,0,1,0,1,0,0,1,0,0,0,0,0
191,0,0,0,0,0,0,0,1,0,0,0,0,0,0,1,0,0,0,0
193,0,0,0,0,0,0,0,1,0,0,0,0,0,0,0,0,0,0,0
194,0,0,0,0,1,0,0,1,0,0,0,0,0,0,0,0,0,0,0
195,0,0,0,0,1,0,0,1,0,0,0,0,0,0,1,0,0,0,0
196,0,0,0,0,0,0,0,0,0,0,1,0,0,0,0,1,0,0,0
198,1,0,0,0,0,1,0,1,0,0,0,0,0,1,0,1,1,0,0
199,0,0,0,0,0,0,0,1,0,0,0,0,1,0,1,0,0,0,0
203,0,0,0,0,1,0,0,0,0,0,0,0,0,0,0,0,0,0,0
204,1,0,0,0,0,0,0,0,0,0,0,0,0,0,0,0,0,0,0
207,0,0,0,0,0,0,0,1,0,0,0,0,0,0,1,0,0,0,0
208,1,1,0,0,0,0,0,0,0,0,0,0,0,0,0,1,0,0,0
215,0,0,0,0,0,0,0,1,0,0,0,0,0,0,1,0,0,0,0
216,0,0,0,0,1,0,0,0,0,0,0,0,0,0,0,0,0,0,0
218,0,0,0,0,1,0,0,1,0,0,0,0,0,0,0,0,0,0,0
222,0,0,0,0,0,0,0,1,0,0,0,0,0,0,1,0,0,0,0
223,0,0,0,0,1,0,0,0,0,0,0,0,0,0,0,0,0,0,0
224,0,0,0,0,1,0,0,1,0,0,0,0,0,0,1,0,0,0,0
225,0,0,0,0,0,0,0,1,0,0,0,0,0,0,0,0,1,0,0
227,1,0,0,0,0,0,0,0,0,0,0,0,0,0,0,0,1,0,0
229,0,0,0,0,0,0,0,1,0,0,0,0,0,0,0,0,1,0,0
230,0,0,0,0,0,0,0,1,0,0,0,0,0,0,0,0,1,0,0
231,0,1,0,0,1,0,0,0,0,0,0,0,0,0,0,0,0,0,0
232,0,0,0,0,1,0,0,1,0,0,0,0,0,0,1,0,0,0,0
233,0,0,0,0,0,0,0,1,0,0,0,0,0,0,0,0,0,0,0
234,0,0,0,0,1,0,0,0,0,0,0,0,0,0,0,0,0,0,0
235,0,0,0,0,1,0,0,1,0,0,0,0,0,0,0,0,0,0,0
236,1,0,0,0,1,0,0,0,0,0,0,0,0,0,1,0,0,0,0
237,0,0,0,0,1,0,0,0,0,0,0,0,0,0,1,0,0,0,0
239,0,0,1,1,1,0,0,0,0,0,0,0,0,0,1,0,0,0,0
246,0,0,0,0,0,0,1,0,0,0,0,0,0,0,0,0,0,0,0
247,0,0,0,0,0,1,0,1,0,0,0,0,0,0,0,0,0,0,0
248,0,0,0,0,1,0,0,0,0,0,0,0,0,0,0,0,0,0,0
249,0,0,0,0,0,0,0,1,0,0,0,0,0,0,1,0,0,0,0
252,0,0,0,0,1,0,0,0,0,0,0,0,0,0,1,0,0,0,0
253,0,0,0,0,0,0,0,1,0,0,1,0,0,0,0,0,0,0,0
256,0,0,0,0,1,0,0,0,0,0,0,0,0,0,0,1,0,0,0
257,0,0,0,0,0,0,0,0,0,0,0,0,0,1,0,0,1,0,0
259,0,0,0,0,0,1,0,1,0,0,0,0,0,0,0,0,1,0,0
260,1,1,0,0,0,0,0,0,0,0,0,0,0,0,0,1,0,0,0
261,0,0,0,0,0,0,0,1,0,0,0,0,0,0,0,0,0,0,0
262,0,0,0,1,0,0,0,1,0,0,0,0,0,0,0,0,0,0,0
265,0,0,0,0,0,0,0,1,1,0,0,0,0,0,1,0,0,0,0
266,0,0,0,0,0,0,0,1,0,0,0,0,0,0,1,0,0,1,1
267,0,0,0,0,1,0,0,0,0,0,0,0,0,0,0,0,0,0,0
272,0,0,0,0,1,0,0,1,0,0,0,0,0,0,0,0,0,0,0
273,0,0,0,0,0,0,0,1,0,0,1,0,0,0,0,1,0,0,0
276,0,0,0,0,1,0,0,0,0,0,0,0,0,0,1,0,0,0,0
277,0,0,0,0,0,0,0,1,0,0,0,0,0,0,0,0,0,0,0
280,0,0,0,0,0,0,0,1,0,0,0,0,0,0,0,0,1,0,0
281,0,0,0,0,1,0,0,1,0,0,0,0,0,0,1,0,0,0,0
282,0,0,0,0,0,0,0,1,0,0,0,0,0,0,0,0,0,0,0
288,1,0,0,0,0,1,0,0,0,0,0,0,0,0,0,0,1,0,0
289,0,0,0,0,1,0,0,0,0,0,0,0,0,0,1,0,0,0,0
290,0,0,0,0,0,1,0,1,0,0,0,0,0,0,0,0,0,0,0
292,1,0,0,0,0,0,0,1,0,0,0,0,0,0,0,1,1,0,0
293,1,0,0,0,0,1,0,1,0,0,0,0,0,0,0,0,1,0,0
296,0,0,0,0,1,1,0,1,0,0,0,0,0,0,0,0,1,0,0
300,0,0,0,0,0,0,0,1,0,0,0,0,0,0,0,0,0,0,0
303,1,0,0,0,0,0,0,0,0,0,0,0,0,0,0,0,1,0,1
305,0,0,0,0,1,0,0,0,0,0,0,0,0,0,0,0,0,0,0
306,0,0,0,0,0,0,0,1,0,0,0,0,0,0,0,0,0,0,0
307,0,0,0,0,0,0,0,1,0,0,0,0,0,0,0,0,0,0,0
308,0,0,0,0,1,0,0,1,0,0,0,0,0,0,0,0,0,0,0
314,0,0,0,1,0,0,0,1,1,0,0,0,0,1,0,0,0,0,0
315,1,0,0,0,0,0,0,1,0,0,0,0,0,0,0,0,1,0,0
316,1,1,0,0,0,0,0,0,0,0,0,0,0,0,0,1,0,0,0
317,0,0,0,0,1,0,0,1,1,0,0,0,0,0,0,0,0,0,0
318,0,0,0,0,0,1,0,1,0,0,0,0,0,0,0,0,0,0,0
319,0,0,0,0,1,0,0,1,0,0,0,0,0,0,0,0,1,0,0
322,0,0,0,0,1,0,0,1,0,0,0,0,0,0,0,0,0,0,0
327,1,0,0,0,1,0,0,0,0,0,0,0,0,0,0,1,0,0,0
328,0,0,0,0,0,0,0,0,0,0,1,0,0,0,0,0,1,0,0
329,0,1,0,0,0,0,0,1,0,0,0,0,0,0,0,1,0,0,0
332,0,0,0,0,0,0,0,0,0,0,1,0,0,0,0,1,0,0,0
333,0,0,0,0,1,0,0,0,0,0,0,0,0,0,0,0,0,0,0
337,0,0,0,0,0,0,0,1,0,0,0,0,0,0,0,0,0,0,0
338,1,0,0,0,0,0,0,0,0,0,0,0,0,0,0,1,1,0,0
339,0,0,0,0,1,0,0,0,0,0,0,0,0,0,1,0,0,0,0
342,0,0,0,0,1,0,0,0,0,0,0,0,0,0,0,0,0,0,0
344,0,0,0,0,1,0,0,0,0,0,0,0,0,0,0,0,0,0,0
345,0,0,0,0,1,0,0,1,0,0,0,0,0,0,0,0,0,0,0
346,0,0,0,0,0,0,0,1,0,0,0,0,1,0,0,0,0,0,0
348,0,0,0,0,1,0,0,0,0,0,0,0,0,0,0,0,0,0,0
349,1,0,0,0,0,1,0,1,0,0,0,0,0,0,0,0,1,0,0
350,0,0,0,0,0,0,0,1,0,0,0,0,0,1,0,0,1,0,0
351,0,0,0,0,1,0,0,1,0,0,0,0,0,0,1,0,0,0,0
353,1,0,0,0,0,1,0,0,1,0,0,0,0,0,0,0,1,0,0
355,0,0,0,1,1,0,0,0,1,0,0,0,0,0,0,0,0,0,0
356,0,0,0,0,1,0,0,1,0,0,0,0,0,0,1,0,0,1,0
357,0,0,0,0,1,0,0,0,0,0,0,0,0,0,1,0,0,0,0
358,0,0,0,0,0,0,0,1,0,0,0,0,0,0,0,0,0,0,0
360,1,0,0,0,1,0,0,0,0,0,0,0,0,0,0,0,0,0,0
361,0,0,0,0,1,0,0,1,0,0,0,0,0,0,1,0,0,0,0
362,0,1,0,1,0,0,0,0,0,0,0,0,0,0,1,0,0,0,0
364,0,1,1,1,0,0,0,1,0,0,0,1,1,0,0,0,0,0,0
365,0,0,0,0,0,0,0,1,0,0,0,0,0,0,0,0,0,0,0
366,0,0,0,0,0,0,0,1,0,0,1,0,0,1,0,0,1,0,0
367,1,0,0,0,1,1,0,0,1,0,0,0,0,0,0,0,0,0,0
368,0,1,0,0,1,0,0,0,0,0,0,0,0,0,0,0,0,0,1
370,1,0,0,0,1,0,0,0,0,0,0,0,0,0,0,0,0,0,0
371,0,0,0,0,1,0,0,1,0,0,0,0,0,0,0,0,0,0,0
372,0,0,0,0,1,0,0,1,0,0,0,0,0,0,1,0,0,0,0
373,0,0,0,0,0,0,0,0,0,0,0,0,0,0,0,0,1,0,0
374,0,0,0,1,1,0,0,0,0,0,0,0,0,0,0,0,0,0,0
376,1,0,0,0,0,0,0,0,0,0,0,0,0,0,0,0,1,0,0
377,1,0,0,0,0,0,0,0,0,0,0,0,0,0,1,0,1,0,0
379,1,0,0,0,0,0,0,0,0,0,0,0,0,0,0,1,1,0,0
380,1,1,0,0,1,0,0,0,0,0,0,0,0,0,1,0,1,0,0
381,0,0,0,0,0,0,0,1,0,0,0,0,0,0,1,0,0,0,0
382,0,0,0,0,0,0,0,1,0,0,1,0,0,0,1,0,1,0,0
383,0,0,0,0,0,0,0,0,0,0,0,0,0,0,0,0,0,0,1
393,1,1,0,0,0,0,0,0,1,0,0,0,0,0,0,0,0,0,0
405,1,0,0,0,0,0,0,0,1,0,0,0,0,0,0,0,0,0,0
407,0,0,0,0,0,0,0,0,0,0,1,0,0,0,0,0,1,0,0
410,0,0,0,1,1,0,0,0,1,0,0,0,0,0,0,0,0,0,0
412,0,0,0,0,0,0,0,1,0,0,0,0,0,0,0,0,0,0,0
413,0,0,0,0,1,0,0,0,0,0,0,0,0,0,0,0,0,0,0
415,0,0,0,0,1,0,0,0,0,0,0,0,0,0,0,0,1,0,0
416,0,0,0,0,0,0,0,0,0,0,0,0,0,0,0,0,0,0,1
417,0,0,0,0,1,0,0,0,0,0,0,0,0,0,1,0,0,0,0
419,0,0,0,0,1,0,0,0,0,0,0,0,0,0,0,0,0,0,0
420,1,0,0,0,1,1,0,0,0,0,0,0,0,0,0,0,1,0,0
423,1,0,0,0,0,0,0,0,0,0,0,0,0,0,0,0,1,0,0
426,0,0,0,0,0,0,0,0,0,0,1,0,0,0,0,1,1,0,0
427,0,0,0,0,0,0,0,1,0,0,0,0,0,1,1,0,1,0,0
428,0,0,0,0,0,0,0,1,0,0,0,0,0,0,0,0,0,0,0
429,0,0,0,0,1,0,0,0,0,0,0,0,0,0,0,0,0,0,0
431,0,0,0,0,0,1,0,1,0,0,0,0,0,0,0,0,0,0,0
432,0,1,0,0,1,0,0,0,0,0,0,0,0,0,0,0,0,0,1
434,1,1,0,0,0,0,0,0,0,0,0,0,0,0,0,0,1,0,0
435,0,0,0,0,1,0,0,0,0,0,0,0,0,0,0,1,0,0,0
436,0,0,0,0,0,0,0,1,0,0,0,0,0,0,0,0,1,0,0
440,0,0,0,0,1,0,0,0,0,0,0,0,0,0,1,0,0,0,0
441,0,0,0,0,1,0,0,0,0,0,0,0,0,0,0,0,0,0,0
442,1,1,0,0,0,0,0,0,0,0,0,0,0,0,0,1,0,0,0
446,0,0,0,0,0,0,0,1,0,0,0,0,0,0,1,0,0,0,0
448,0,0,0,0,0,0,0,1,0,0,0,0,0,0,0,0,0,0,0
450,0,0,0,0,1,0,0,1,0,0,0,0,0,0,0,0,0,0,0
454,0,0,0,0,0,0,0,1,0,0,0,0,0,0,0,0,1,0,0
455,0,1,0,1,0,0,0,1,0,0,0,0,0,0,0,0,0,0,0
457,0,0,0,0,0,0,0,0,0,0,0,0,0,0,0,0,1,0,0
459,1,1,0,0,0,1,0,1,0,0,0,0,0,0,1,0,1,0,0
464,1,1,0,0,0,1,0,0,0,0,0,0,0,0,0,0,1,0,0
466,1,0,0,0,1,0,0,0,0,0,0,0,0,0,0,0,0,1,0
468,0,0,0,0,1,0,0,0,0,0,0,0,0,0,1,0,0,0,0
471,0,0,0,0,1,0,0,0,0,0,0,0,0,0,0,0,0,0,0
473,0,0,0,0,1,0,0,0,0,0,0,0,0,0,0,0,0,1,0
474,1,0,0,0,0,0,0,0,0,0,0,0,0,0,0,0,1,0,0
475,0,0,0,0,0,0,0,1,0,0,0,0,0,0,0,0,0,0,0
477,0,0,0,0,0,0,0,1,0,0,0,0,1,0,0,0,0,0,0
479,1,0,0,0,0,1,0,0,0,0,0,0,0,0,0,0,1,0,0
480,1,1,0,0,0,0,0,0,0,0,0,0,0,0,0,1,1,0,0
481,0,0,0,0,0,0,0,1,0,0,0,0,0,0,0,0,1,0,0
482,0,0,0,0,0,1,0,1,0,0,0,0,0,0,0,0,1,0,0
485,1,1,0,0,1,0,0,0,1,0,0,0,0,0,0,0,0,0,0
489,0,0,0,0,1,0,0,0,0,0,0,0,0,0,0,0,0,0,0
490,0,0,0,0,0,0,0,0,0,0,0,0,0,0,0,0,1,0,0
491,0,0,0,0,0,0,0,1,0,0,0,0,0,0,0,0,0,0,0
492,0,0,0,0,1,0,0,0,0,0,0,0,0,1,0,0,0,0,0
493,1,0,0,0,0,1,0,1,0,0,0,0,0,0,0,0,0,0,0
494,1,1,0,0,0,0,0,0,0,0,0,0,0,0,0,0,1,0,0
497,0,0,0,0,1,0,0,0,0,0,0,0,0,0,1,0,0,0,0
500,0,0,0,0,1,0,0,1,0,0,0,0,0,0,0,0,0,0,0
501,0,0,0,0,0,0,0,1,0,0,0,0,0,0,0,0,0,0,0
502,1,0,0,1,0,0,0,0,0,0,0,0,0,0,1,0,0,0,0
504,1,0,0,0,0,0,0,1,0,0,0,0,0,0,0,1,0,0,0
506,0,0,0,0,0,0,0,1,1,0,0,0,0,0,1,0,0,0,0
507,0,0,0,0,0,1,0,1,0,0,0,0,0,0,0,0,1,0,0
508,0,0,0,0,0,0,0,1,0,0,0,0,0,0,0,0,0,0,0
509,0,0,0,0,0,0,0,1,0,0,0,0,0,0,1,0,0,0,0
512,0,0,0,0,0,0,0,0,0,0,1,0,0,0,0,1,0,0,0
514,0,0,0,0,1,0,0,0,0,0,0,0,0,0,0,0,0,0,0
515,0,0,0,0,0,0,0,1,0,0,0,0,0,0,1,0,0,0,0
516,0,0,0,0,1,0,0,1,0,0,0,0,0,0,0,0,0,0,0
517,1,0,0,0,0,0,0,1,0,0,0,0,0,1,0,0,0,0,0
518,0,0,0,0,1,0,0,0,0,0,0,0,0,0,0,0,0,0,0
519,1,0,0,0,0,1,0,1,0,0,0,0,0,0,0,1,1,0,0
520,0,0,0,0,1,0,0,0,0,0,0,0,0,0,0,0,0,0,0
521,0,0,0,0,0,1,0,0,0,0,0,0,0,0,0,0,1,0,0
522,1,0,0,0,0,0,0,1,0,0,0,0,0,0,0,0,0,0,0
524,0,0,0,0,0,0,0,1,0,0,0,0,0,0,0,0,0,0,0
527,0,0,0,0,0,0,0,1,0,0,0,0,0,0,0,0,0,1,0
529,0,0,0,0,0,0,0,1,0,0,0,0,0,0,0,0,0,0,0
531,0,0,0,1,0,0,0,1,0,0,0,0,0,0,0,0,0,0,0
532,0,0,0,0,1,1,0,0,0,0,1,0,0,0,0,0,0,0,0
533,1,1,0,0,0,0,0,0,1,0,0,0,0,1,0,0,0,0,0
534,0,0,0,0,0,0,0,1,0,0,0,0,0,0,1,0,0,0,0
535,0,0,0,0,0,0,0,1,0,0,0,0,0,0,0,0,0,0,0
537,0,0,0,0,0,0,0,1,0,0,0,0,0,0,0,0,0,0,0
538,0,0,0,0,0,0,0,1,0,0,0,0,0,0,0,0,0,0,0
539,0,0,0,0,1,0,0,1,0,0,0,0,0,0,1,0,0,0,0
540,0,0,0,0,0,0,0,0,0,0,0,0,0,0,0,0,1,0,0
541,1,0,0,0,0,0,0,0,0,0,0,0,0,0,0,1,1,0,0
542,0,0,0,0,1,0,0,1,0,0,0,0,0,0,1,0,0,0,0
543,0,0,0,0,1,0,0,0,0,0,0,0,0,0,1,0,1,0,0
544,1,0,0,0,0,1,0,0,0,0,0,0,0,0,0,0,0,0,0
546,1,1,0,1,1,0,0,0,1,0,0,0,0,0,0,1,0,0,0
548,1,0,0,0,0,0,0,0,0,0,0,0,0,1,0,0,1,0,0
550,0,0,0,0,1,0,0,0,0,0,0,0,0,0,1,0,0,0,0
551,0,0,1,1,0,0,0,0,1,0,0,0,1,0,0,0,0,0,0
552,1,1,0,0,1,0,0,0,0,0,0,0,0,0,1,0,0,0,0
553,1,0,0,0,0,0,0,1,0,0,0,0,0,0,0,0,0,0,1
555,0,0,0,0,0,1,0,0,0,0,0,0,0,0,0,0,1,0,0
556,0,0,0,0,0,0,1,0,0,0,0,0,0,0,0,0,0,0,0
558,1,1,1,1,0,0,0,0,1,0,0,0,0,0,0,0,0,0,0
562,0,0,0,0,1,0,0,1,0,0,0,0,0,0,0,0,0,0,0
565,0,0,0,0,0,0,0,1,0,0,1,0,0,0,0,0,0,0,0
569,0,0,0,0,1,0,0,1,0,0,0,0,0,0,0,0,0,0,0
574,0,0,0,0,1,0,0,1,0,0,0,0,0,0,0,0,0,0,0
575,0,0,0,1,1,0,0,0,0,0,0,0,0,0,0,0,0,0,0
585,0,0,0,0,1,0,0,0,0,0,0,0,0,0,0,0,0,0,0
586,0,0,0,1,1,0,0,0,0,0,0,0,0,0,0,0,0,0,0
587,0,0,0,0,1,0,0,1,1,0,0,0,0,0,1,0,1,0,0
588,0,1,1,1,1,0,0,0,0,0,0,0,1,0,0,0,0,0,0
589,1,0,0,0,0,0,0,0,0,0,0,0,0,0,0,1,0,0,0
590,0,1,0,0,0,0,0,1,0,0,0,0,0,0,0,0,0,0,1
592,1,0,0,0,0,1,0,0,0,0,0,0,0,0,0,0,1,0,0
593,0,0,0,0,0,1,0,0,0,0,1,0,0,0,0,0,1,0,0
594,0,0,1,1,0,0,0,1,1,0,0,0,1,0,0,0,0,0,0
595,0,0,1,1,0,0,0,0,1,0,0,1,1,0,1,0,0,0,0
596,0,0,1,1,0,0,0,0,1,0,0,0,1,0,0,0,0,0,0
597,0,0,0,0,1,0,0,0,0,0,0,0,0,0,1,0,0,0,0
599,0,1,0,0,0,0,0,0,0,0,0,0,0,0,0,0,0,0,1
605,0,0,0,0,0,0,0,1,0,0,0,0,0,0,1,0,0,0,0
608,0,0,0,0,1,1,0,1,0,0,0,0,0,0,0,0,1,0,0
610,1,1,1,0,0,0,0,0,0,0,1,0,0,0,0,1,0,0,0
611,1,0,0,0,0,0,0,0,0,0,1,0,0,0,0,1,0,0,0
616,0,0,1,1,0,0,0,0,0,0,0,0,0,0,0,0,0,0,0
627,0,0,0,0,0,0,0,1,0,0,0,0,0,0,0,0,1,0,0
628,0,0,0,0,0,1,0,1,0,0,0,0,0,1,0,0,1,0,0
637,0,0,0,0,1,0,0,0,0,0,0,0,0,0,0,0,0,0,0
640,0,0,0,0,0,0,0,1,0,0,0,0,0,0,0,0,1,0,0
647,1,0,0,0,0,1,0,1,0,0,0,0,0,0,0,0,0,1,0
648,1,1,0,0,0,0,0,0,0,0,0,0,0,1,0,0,1,0,0
653,1,1,0,0,0,0,0,0,1,0,0,0,0,0,0,0,0,0,0
661,0,1,1,1,0,0,0,0,1,0,0,0,1,0,0,0,0,0,0
662,0,0,0,0,0,0,0,0,0,0,0,0,0,0,0,0,1,0,0
663,0,0,0,0,1,0,0,0,0,0,0,0,0,0,0,0,0,0,0
665,0,0,0,0,1,0,0,1,0,0,0,0,0,0,0,0,0,1,0
671,0,0,0,0,1,0,0,0,0,0,0,0,0,0,0,1,0,0,0
673,0,1,1,1,1,0,0,0,1,0,0,0,0,0,0,1,0,0,0
674,0,1,0,0,1,0,0,0,0,0,0,0,0,0,0,1,0,0,0
678,0,0,0,0,0,0,0,1,0,0,0,0,0,0,0,0,1,0,0
680,0,0,0,0,0,0,0,1,0,0,0,0,0,1,1,1,1,0,0
688,1,1,0,0,1,0,0,0,0,0,0,0,0,0,0,0,0,1,0
694,1,0,0,0,0,1,0,1,0,0,0,0,0,0,0,0,0,0,0
707,0,0,0,0,0,1,0,1,0,0,0,0,0,0,0,0,1,0,0
708,0,0,0,0,1,0,0,0,0,0,0,0,0,0,1,0,0,0,0
709,0,1,1,1,1,0,0,0,0,0,0,0,1,0,0,0,0,0,0
714,0,0,0,0,0,0,0,1,0,0,0,0,0,1,0,0,0,0,1
719,0,0,0,0,1,0,0,0,0,0,0,0,0,0,0,0,0,0,0
720,0,1,1,0,1,0,0,0,0,0,0,0,0,0,0,0,0,0,0
724,0,0,0,0,0,0,0,1,1,0,1,0,0,0,0,0,1,0,0
728,0,0,0,0,1,0,0,0,0,0,0,0,0,0,0,0,0,0,0
733,1,1,0,0,0,0,0,0,0,0,0,0,0,0,0,0,1,0,0
736,1,1,0,0,0,0,0,0,0,0,0,0,0,0,1,0,1,0,0
737,1,0,0,0,0,0,0,0,0,0,0,0,0,0,0,1,0,0,0
741,0,0,1,0,0,0,0,0,0,0,0,0,0,0,0,1,0,0,0
742,0,0,0,0,0,0,0,0,0,0,1,0,0,0,0,0,1,0,0
743,0,0,0,0,1,0,0,0,0,0,0,0,0,0,0,0,0,0,0
745,0,0,1,1,1,0,0,0,0,0,0,0,0,0,0,0,0,0,0
748,1,0,0,0,0,0,0,0,0,0,0,0,0,0,0,1,1,0,0
750,0,0,0,0,1,0,0,0,0,0,0,0,0,0,0,0,0,1,0
761,1,1,0,0,0,0,0,0,0,0,0,0,0,0,0,0,0,0,0
762,0,0,0,0,1,1,0,0,0,0,0,0,0,0,0,0,0,0,0
765,0,0,0,0,1,0,0,1,0,0,0,0,0,0,0,0,0,0,0
766,0,0,0,0,0,0,0,1,0,0,0,0,0,0,0,0,0,0,0
778,0,0,0,0,1,1,0,1,0,0,0,0,0,0,0,0,0,0,0
780,1,1,0,0,0,0,0,0,0,0,0,0,0,0,0,1,1,0,0
781,0,0,0,0,0,0,0,1,0,0,0,0,0,0,0,0,0,0,0
782,0,0,0,0,0,0,0,1,0,0,0,0,0,0,0,0,1,0,0
783,0,0,1,1,0,0,0,1,0,0,0,0,1,0,1,0,0,0,0
784,0,0,0,0,1,0,0,0,0,0,0,0,0,0,0,0,1,0,0
785,0,0,0,0,1,0,0,0,0,0,0,0,0,0,0,0,0,0,0
786,1,0,0,0,0,0,0,1,0,0,0,0,0,0,0,0,1,0,0
788,0,0,0,0,1,0,0,0,1,0,0,0,0,0,1,1,0,0,0
798,1,1,0,0,0,0,0,1,0,0,0,0,0,0,0,0,1,0,0
799,0,0,0,0,1,0,0,0,0,0,1,0,0,0,0,0,1,0,0
800,0,0,0,0,0,0,0,1,0,0,0,0,0,1,0,0,0,0,1
801,0,0,0,1,1,0,0,0,0,0,0,0,0,0,0,0,0,0,0
802,0,0,0,0,0,0,0,1,0,0,0,0,0,0,1,0,0,0,0
804,0,0,0,0,1,0,0,0,0,0,0,0,0,0,1,0,0,0,0
805,0,0,0,0,0,0,0,1,0,0,0,0,0,0,0,0,1,0,0
810,0,0,0,1,1,0,0,0,1,0,0,0,0,0,0,0,0,0,0
818,0,0,0,0,1,0,0,0,0,0,0,0,0,0,0,0,0,0,0
829,0,0,0,0,1,0,0,0,1,0,0,0,1,0,0,0,0,0,0
830,0,0,0,0,1,0,0,0,0,0,0,0,0,0,0,0,0,0,0
832,0,0,0,0,0,1,0,0,0,0,0,0,0,0,0,0,1,0,0
833,0,0,0,0,1,0,0,0,0,0,0,0,0,0,0,0,0,0,0
836,1,1,0,0,0,0,0,0,0,0,0,0,0,0,0,0,1,0,0
837,0,0,0,1,1,0,0,0,1,0,0,0,0,0,0,0,0,0,0
838,0,0,0,0,1,0,0,1,0,0,0,0,0,0,1,0,0,0,0
839,1,0,0,0,0,0,0,0,0,0,0,0,0,0,0,0,1,0,0
842,0,0,0,0,1,0,0,0,0,0,1,0,0,0,0,0,0,0,0
848,0,0,0,0,0,0,0,1,0,0,0,0,0,0,0,0,0,0,0
849,1,1,0,0,0,0,0,0,0,0,0,0,0,0,0,1,1,0,0
851,0,0,0,0,0,0,0,1,0,0,0,0,0,0,0,0,0,0,0
852,0,0,0,0,1,0,0,1,0,0,0,0,0,0,1,0,0,0,0
858,0,0,0,0,0,1,0,1,0,0,0,0,0,0,0,0,0,0,0
861,1,0,0,0,1,1,0,0,0,0,0,0,0,0,0,0,1,0,0
866,0,0,0,0,0,1,0,1,0,0,0,0,0,0,1,0,1,0,0
879,0,0,0,0,0,0,0,0,0,0,1,0,0,0,0,0,1,0,0
880,0,0,0,0,0,0,0,0,0,0,0,0,0,0,0,1,1,0,0
886,1,0,0,0,1,1,0,0,0,0,0,0,0,0,0,0,0,0,0
891,0,0,0,0,0,0,0,0,0,0,1,0,0,0,0,0,1,0,0
898,0,0,0,0,1,0,0,1,0,0,0,0,0,0,1,0,0,0,0
899,0,0,0,0,1,0,0,0,0,0,0,0,1,0,1,0,0,0,0
900,0,0,0,0,0,0,0,0,0,0,0,0,1,0,1,0,0,0,0
901,0,0,0,0,1,0,0,0,0,0,0,0,1,0,0,0,0,0,0
902,0,0,0,0,0,0,0,1,0,0,0,0,0,0,1,0,0,0,0
903,0,0,0,0,0,0,0,1,0,0,0,0,0,1,1,0,1,0,0
904,0,0,0,0,0,0,0,0,0,0,0,0,0,1,0,0,1,0,0
905,0,0,0,0,1,0,0,0,0,0,0,0,0,0,1,0,0,0,0
906,0,0,0,0,0,0,0,1,0,0,0,0,0,0,0,0,1,0,0
908,1,1,0,0,0,0,0,0,0,0,0,0,0,1,1,0,1,0,0
909,0,0,0,0,1,0,0,1,0,0,0,0,0,0,1,0,0,0,0
910,0,0,0,0,1,1,0,0,0,0,0,0,0,0,0,0,0,0,0
911,0,0,0,0,1,1,0,0,0,0,0,0,0,1,1,0,1,0,0
912,0,0,0,0,0,0,0,1,0,0,0,0,0,0,1,0,0,0,0
913,0,0,0,0,0,0,0,0,0,1,0,0,0,1,0,0,0,0,0
914,0,0,0,0,1,0,0,1,0,0,0,0,1,0,1,0,0,0,0
915,0,0,0,0,1,0,0,0,0,0,0,0,0,0,1,0,0,0,0
916,0,0,0,0,1,0,0,1,0,0,0,0,0,0,1,0,0,0,0
918,0,0,0,0,0,0,0,0,0,0,0,0,1,0,0,0,0,0,0
919,0,1,0,1,0,0,0,0,1,0,0,0,1,0,0,0,0,0,0
920,0,0,0,0,0,0,0,1,0,0,0,0,0,0,1,0,0,1,0
921,0,0,0,0,1,0,0,0,0,0,0,0,0,0,0,0,0,0,0
922,0,0,0,0,0,0,0,1,0,1,0,0,0,0,1,0,0,0,0
923,0,0,0,0,0,0,0,1,0,0,0,0,0,1,0,0,0,0,0
924,0,1,0,0,0,0,0,1,0,0,0,0,0,0,0,1,0,0,0
926,0,0,0,0,0,0,0,1,0,0,0,0,0,0,0,0,0,0,0
928,0,0,0,0,0,0,0,1,0,0,0,0,0,1,1,0,1,0,0
930,0,0,0,0,0,0,0,0,0,1,0,0,0,0,1,0,1,0,0
931,0,0,0,0,0,0,0,0,0,0,0,0,0,1,1,0,1,0,0
932,0,0,0,0,0,0,0,1,0,0,0,0,0,0,1,0,0,0,0
933,0,0,0,0,0,1,0,0,0,0,0,0,0,1,1,0,1,0,0
934,0,0,0,0,1,0,0,0,0,0,0,0,0,0,0,0,0,0,0
936,0,0,0,0,1,0,0,0,0,0,0,0,0,0,1,0,0,0,0
938,0,0,0,0,0,0,0,0,0,0,0,0,1,0,0,0,0,0,0
940,1,1,0,0,0,0,0,0,0,0,0,0,0,0,1,0,0,0,0
942,0,0,0,0,0,1,0,0,0,1,0,0,0,1,0,0,0,0,0
943,0,0,0,0,0,0,0,1,1,0,0,0,0,0,1,0,0,0,0
945,0,0,0,0,1,0,0,0,0,0,0,0,1,0,1,0,0,0,0
946,0,0,0,0,1,0,0,1,0,0,0,0,0,0,0,0,0,1,0
947,0,0,0,0,1,0,0,0,0,0,0,0,0,0,1,0,0,0,0
948,0,0,0,0,0,0,0,1,0,0,0,0,0,0,1,0,0,0,1
949,0,0,0,0,0,0,0,1,0,0,0,0,0,0,0,0,0,0,0
950,0,0,0,0,1,1,0,0,0,0,0,0,0,0,0,0,0,0,0
951,0,0,0,0,1,0,0,0,0,0,0,0,0,0,1,0,0,0,0
952,0,1,0,0,1,0,0,0,0,0,0,0,0,0,0,0,0,0,0
953,0,0,0,1,0,0,0,1,1,0,0,0,0,0,1,0,0,0,0
954,0,0,0,0,0,0,0,1,0,0,0,0,0,0,0,0,0,0,0
955,0,0,0,0,1,0,0,0,0,0,0,0,0,0,1,0,0,0,0
965,0,0,0,0,0,0,0,1,0,0,0,0,0,1,0,0,1,0,0
968,0,0,0,0,0,0,0,0,0,0,1,0,0,0,0,1,1,0,0
969,0,1,0,0,1,0,0,0,0,0,0,0,0,0,1,0,0,1,0
971,0,0,0,0,0,0,0,1,0,0,0,0,0,0,0,0,0,0,0
986,0,1,0,1,0,0,0,0,0,0,0,0,0,0,0,0,0,0,0
991,0,0,0,0,0,0,0,1,0,0,0,0,0,0,0,0,0,0,0
994,0,0,0,0,1,0,0,1,0,0,0,0,0,0,0,0,0,0,0
996,1,0,0,0,0,1,0,1,0,0,0,0,0,0,0,0,1,0,0
999,0,0,0,0,0,1,0,0,0,1,0,0,0,0,0,0,0,0,0
1003,0,0,0,0,0,0,0,1,0,0,0,0,0,0,0,0,1,0,0
1004,1,0,0,0,0,0,0,0,0,0,0,0,0,0,0,0,1,0,0
1005,0,0,0,1,1,0,0,0,0,0,0,0,0,0,0,0,0,0,0
1007,0,0,0,1,1,0,0,0,0,0,0,0,0,0,0,0,0,0,1
1009,0,1,0,1,0,0,0,0,1,0,0,0,0,0,0,0,0,0,0
1010,0,0,0,1,1,0,0,0,0,0,0,0,0,0,0,0,0,0,0
1011,0,0,0,1,1,0,0,0,1,0,0,0,0,0,1,0,0,0,0
1012,0,0,0,1,0,0,0,1,0,0,0,0,0,0,0,0,0,0,0
1013,0,0,0,1,1,0,0,0,0,0,0,0,0,0,1,0,0,0,0
1014,0,0,0,1,1,0,0,1,0,0,0,0,0,0,0,0,0,0,0
1015,0,1,0,1,0,0,0,1,0,0,0,0,0,0,0,0,0,0,0
1016,0,0,0,1,1,0,0,0,0,0,0,0,0,0,0,0,0,0,0
1017,0,1,0,1,0,0,0,0,0,0,0,0,0,0,0,0,0,0,0
1019,0,1,0,0,0,0,0,1,0,0,0,0,0,0,0,1,0,0,0
1020,0,0,0,0,1,0,0,0,0,0,0,0,0,0,0,0,0,0,0
1021,0,0,0,1,1,0,0,0,0,0,0,0,0,0,0,0,0,0,0
1022,0,0,1,1,0,0,0,0,1,0,0,0,1,0,1,0,0,0,0
1023,0,0,1,1,0,0,0,0,0,0,0,0,1,0,0,0,0,0,0
1025,0,0,1,1,0,0,0,0,1,0,0,0,1,0,0,0,0,0,0
1027,0,1,0,0,0,0,0,1,0,0,0,0,0,0,0,0,0,0,0
1028,0,0,0,1,1,0,0,0,1,0,0,0,1,0,0,0,0,0,0
1029,0,0,1,1,0,0,0,1,0,0,0,0,1,0,0,0,0,0,0
1030,0,1,1,1,0,0,0,0,0,0,0,0,1,0,0,0,0,0,0
1031,0,1,0,1,0,0,0,0,0,0,0,0,1,0,0,0,0,0,0
1032,0,1,1,1,0,0,0,0,1,0,0,0,1,0,0,0,0,0,0
1033,0,0,1,1,0,0,0,1,0,0,0,0,0,0,0,0,0,0,0
1034,0,0,0,0,1,1,0,1,0,0,0,0,0,0,0,0,1,0,0
1035,0,0,0,0,0,0,0,0,0,0,0,0,1,0,1,0,0,0,0
1036,1,0,0,0,0,1,0,0,0,0,0,0,0,0,0,0,1,0,0
1037,1,0,0,0,0,0,0,0,0,0,1,0,0,0,0,1,1,0,0
1041,0,0,0,0,0,0,0,1,0,0,0,0,0,0,0,0,0,0,0
1042,0,0,0,0,1,0,0,1,0,0,0,0,0,0,0,0,0,0,0
1047,1,0,0,0,0,0,0,1,0,0,0,0,0,0,0,0,1,0,0
1049,1,1,0,0,0,0,0,0,0,0,0,0,0,0,0,0,0,0,0
1050,0,0,0,0,0,0,1,1,0,0,0,0,0,0,0,0,0,0,0
1051,0,0,0,0,0,0,0,1,0,0,0,0,0,0,0,0,0,0,0
1057,0,0,0,0,1,0,0,0,0,0,0,0,1,0,1,0,0,0,0
1059,0,0,0,0,0,0,0,1,0,0,0,0,0,0,1,0,0,0,0
1060,0,0,0,0,1,0,0,1,0,0,0,0,0,0,0,0,0,0,0
1061,0,0,0,0,0,0,0,0,0,0,0,0,0,0,0,0,1,0,0
1073,0,0,0,1,1,0,0,0,1,0,0,0,1,0,0,0,0,0,0
1077,0,0,0,0,1,0,0,0,0,0,0,0,0,0,0,1,0,0,0
1078,0,0,0,0,1,0,0,0,0,0,0,0,0,0,0,0,0,1,0
1079,0,0,0,0,1,1,0,0,0,0,0,0,0,0,0,0,0,0,0
1080,0,0,0,0,1,0,0,0,0,0,0,0,0,0,0,0,0,0,0
1081,0,0,0,0,1,0,0,0,0,0,0,0,1,0,1,0,0,0,0
1082,0,0,0,0,0,0,0,1,0,0,0,0,0,0,0,0,0,0,0
1083,0,0,0,0,1,0,0,0,0,0,0,0,1,0,0,0,0,0,0
1084,0,0,0,0,0,1,0,1,0,0,0,0,0,0,0,0,0,0,0
1086,0,0,0,0,0,1,0,0,0,0,0,0,0,1,0,0,1,0,0
1088,0,0,0,0,0,0,0,1,0,0,0,0,1,0,1,0,0,0,0
1089,0,0,0,0,0,1,0,0,0,0,0,0,0,1,0,0,1,0,0
1090,0,0,0,0,0,0,0,1,0,0,0,0,0,0,0,0,0,1,0
1091,0,0,0,0,1,0,0,0,0,0,0,0,0,0,0,0,0,0,0
1092,0,0,0,0,0,1,0,0,0,0,0,0,0,1,0,0,1,0,0
1093,0,0,0,0,0,0,0,1,0,0,0,0,0,0,0,0,0,0,0
1094,0,0,0,0,0,0,0,1,0,0,0,0,0,0,1,0,1,0,0
1095,0,0,0,0,0,0,0,1,0,0,0,0,0,0,0,0,0,0,0
1096,0,0,0,0,0,0,0,1,0,0,0,0,0,0,0,0,0,0,0
1097,0,0,0,1,0,0,0,1,0,0,0,0,0,0,0,1,0,0,0
1099,0,0,0,1,0,0,0,1,1,0,0,0,0,0,0,0,0,0,0
1100,1,0,0,0,0,0,0,1,0,0,0,0,0,0,1,0,0,0,0
1101,1,0,0,0,0,0,0,0,0,0,0,0,0,0,1,0,0,0,0
1103,0,0,0,0,0,0,0,1,0,0,0,0,0,0,0,0,0,0,0
1104,0,0,0,0,0,0,0,1,0,0,0,0,0,0,0,0,0,0,0
1111,0,0,0,0,0,0,1,0,0,0,0,0,0,0,0,0,0,0,0
1120,0,0,0,0,1,0,0,1,0,0,0,0,0,0,0,0,0,0,0
1124,0,0,0,0,0,0,0,1,0,0,0,0,0,0,0,0,0,0,0
1125,0,0,0,0,1,1,0,0,0,0,0,0,0,0,0,0,0,0,0
1126,0,0,0,0,1,0,0,0,1,0,0,0,0,0,0,0,0,0,0
1127,1,1,0,0,0,0,0,0,0,0,0,0,0,0,0,1,1,0,0
1128,0,0,0,0,0,0,0,0,0,0,1,0,0,0,0,0,0,0,0
1129,1,1,0,0,0,0,0,0,0,0,0,0,0,0,0,1,1,0,0
1130,0,0,0,0,0,0,0,0,0,0,1,0,0,1,0,0,0,0,0
1131,0,0,0,0,0,0,0,1,0,0,0,0,0,1,0,0,0,0,0
1132,0,0,0,0,0,0,0,1,0,0,0,0,0,0,0,0,0,0,0
1135,0,0,0,0,1,0,0,0,0,0,0,0,0,0,0,0,0,0,0
1136,0,1,0,0,1,0,0,0,1,0,0,0,0,0,0,0,0,0,0
1147,0,0,0,0,0,0,1,0,0,0,0,0,0,0,0,0,0,0,0
1148,0,0,1,1,1,1,0,0,0,0,0,0,0,0,0,0,0,0,0
1161,0,0,0,0,0,0,0,1,0,0,0,0,0,0,0,0,0,1,0
1171,0,0,0,0,1,0,0,0,0,0,0,0,0,0,0,0,0,0,0
1172,0,0,0,0,0,0,0,1,0,0,0,0,0,0,0,0,0,0,0
1173,0,0,0,0,1,0,0,1,0,0,0,0,0,0,0,0,0,0,0
1175,0,0,0,0,1,0,0,1,0,0,0,0,0,0,1,0,0,0,0
1176,0,0,0,0,0,0,0,1,1,0,0,0,0,0,1,0,0,0,0
1177,0,0,0,0,0,0,0,1,0,0,0,0,0,0,1,0,0,0,0
1178,0,0,0,0,0,0,0,1,0,0,0,0,0,0,0,0,0,1,0
1179,0,0,0,0,0,1,0,1,0,1,0,0,0,0,0,0,0,0,0
1183,0,0,0,0,0,0,0,1,0,0,0,0,0,0,1,0,0,1,0
1185,0,0,0,0,0,0,0,1,0,0,0,0,0,0,0,0,0,0,0
1186,0,0,0,0,0,0,0,1,0,0,0,0,0,0,0,0,0,0,0
1187,0,0,0,0,0,0,0,1,0,0,0,0,0,0,0,0,0,0,0
1188,0,0,0,0,1,0,0,0,0,0,0,0,0,0,1,0,0,0,0
1189,0,0,0,0,0,0,1,0,0,0,0,0,0,0,0,0,0,0,0
1190,0,0,0,0,0,1,0,1,0,0,0,0,0,0,1,0,0,0,0
1191,0,0,0,0,0,0,1,0,0,0,0,0,1,0,0,0,0,0,0
1193,0,0,0,0,0,0,0,1,0,0,0,0,0,0,0,0,0,0,0
1194,0,0,0,0,1,0,0,0,0,0,0,0,0,0,0,0,0,0,0
1196,1,1,0,0,0,0,0,0,0,0,0,0,0,0,0,1,0,0,0
1197,1,1,0,0,1,0,0,0,1,0,0,0,0,0,1,0,0,0,0
1198,1,1,0,0,0,0,0,0,0,0,0,0,0,0,0,0,0,0,0
1199,0,0,0,0,0,0,0,0,1,0,0,0,0,0,0,1,0,0,0
1200,1,1,0,0,0,0,0,0,0,0,1,0,0,0,0,1,0,0,0
1201,1,1,0,0,0,0,0,0,0,0,0,0,0,0,0,0,0,0,1
1202,0,0,0,0,1,0,0,0,0,0,0,0,0,0,0,0,0,0,0
1203,0,0,0,0,0,0,0,1,0,0,0,0,0,0,0,0,0,0,0
1204,0,1,0,0,0,0,0,1,0,0,0,0,0,0,0,0,0,1,0
1206,0,0,0,0,0,1,0,1,0,0,0,0,0,0,0,1,1,0,0
1207,0,0,0,0,0,0,0,1,0,0,0,0,0,0,0,0,0,0,0
1208,1,0,0,0,0,0,0,1,0,0,0,0,0,0,0,0,0,1,0
1209,1,0,0,0,0,0,0,1,0,0,0,0,0,0,0,0,0,0,1
1210,1,1,0,0,0,0,0,0,0,0,0,0,0,0,0,1,0,0,0
1211,0,0,0,0,0,0,0,1,1,0,0,0,0,0,1,0,0,0,0
1212,0,0,0,0,0,0,0,0,0,1,0,0,0,1,0,0,1,0,0
1213,0,0,0,0,0,1,0,1,0,0,0,0,0,0,0,0,0,0,0
1214,0,0,0,0,0,0,0,0,0,0,1,0,0,0,0,1,0,0,0
1215,1,1,0,0,1,0,0,0,1,0,1,0,0,0,0,0,0,0,0
1216,0,1,0,0,0,0,0,1,0,0,0,0,0,0,1,0,0,0,0
1217,0,0,0,0,0,0,0,1,0,0,0,0,0,0,0,0,0,1,0
1218,1,0,0,0,0,1,0,1,0,0,0,0,0,0,0,0,1,0,0
1219,0,0,0,0,0,1,0,0,0,0,1,0,0,0,0,0,0,0,0
1220,1,0,0,0,1,0,0,0,0,0,0,0,1,0,0,0,0,0,0
1221,0,0,0,0,0,1,0,1,0,0,0,0,0,0,0,0,0,0,0
1222,0,0,0,0,0,0,0,1,0,0,0,0,0,0,0,0,0,1,0
1223,0,1,1,1,1,0,0,0,0,0,0,0,0,0,0,1,0,0,0
1224,1,0,0,0,0,0,0,1,0,0,0,0,0,0,1,0,0,1,0
1225,0,0,0,0,0,0,0,1,0,0,0,0,0,0,0,0,0,0,0
1226,0,0,0,0,0,0,0,1,0,0,0,0,0,0,1,0,0,0,0
1227,0,0,0,0,0,1,0,1,0,0,0,0,0,0,0,0,0,0,0
1228,0,0,0,0,0,0,0,1,0,0,0,0,0,0,0,0,0,0,0
1230,0,0,0,0,1,0,0,0,0,0,0,0,0,0,1,0,0,0,0
1231,0,0,0,0,0,0,0,1,0,0,0,0,0,0,0,0,0,0,0
1232,0,0,0,0,0,0,0,1,0,0,0,0,0,1,0,1,0,0,0
1233,1,0,0,0,0,0,0,1,0,0,0,0,0,0,0,0,0,1,0
1234,0,0,0,0,1,1,0,0,0,0,0,0,0,0,0,0,0,0,0
1235,0,0,0,0,1,0,0,1,0,0,0,0,0,0,1,0,0,0,0
1237,0,0,0,0,0,0,0,1,0,0,0,0,0,0,0,0,0,0,0
1238,0,0,0,0,1,0,0,0,0,0,0,0,0,0,0,0,0,0,0
1240,1,0,0,0,0,0,0,0,0,0,0,0,0,0,0,1,1,0,0
1241,0,0,0,0,1,0,0,0,1,0,1,0,0,0,0,0,0,0,0
1242,0,0,0,0,0,0,0,1,0,0,0,0,0,0,0,0,0,1,0
1243,0,0,0,0,1,0,0,1,0,0,0,0,0,0,0,0,0,0,0
1244,0,0,0,0,1,0,0,1,0,0,0,0,0,0,1,0,0,0,0
1245,0,0,0,0,0,1,0,1,0,1,0,0,0,0,0,0,1,0,0
1246,0,0,0,0,0,0,0,1,0,0,0,0,0,0,0,0,0,0,0
1247,0,0,0,0,1,0,0,1,0,0,0,0,0,0,1,0,0,0,0
1248,0,0,0,0,0,1,0,0,0,1,0,0,0,0,0,0,1,0,0
1249,1,0,0,0,0,1,0,0,0,0,0,0,0,0,1,0,1,0,0
1250,0,1,0,0,0,0,0,1,0,0,0,0,0,0,0,0,0,1,0
1251,0,0,0,0,0,0,0,1,1,0,0,0,0,0,0,0,0,0,0
1252,0,0,0,0,0,1,0,0,0,1,0,0,0,1,0,0,1,0,0
1253,0,0,0,0,0,0,0,1,0,0,0,0,0,0,0,1,1,0,0
1254,1,1,0,0,0,0,0,1,0,0,0,0,0,0,0,0,0,0,1
1255,0,0,0,0,1,0,0,0,0,0,1,0,0,0,0,1,0,0,0
1256,0,0,0,0,1,0,0,0,0,0,0,0,1,0,0,0,0,1,0
1257,0,0,0,0,1,0,0,0,0,0,0,0,0,0,1,0,0,0,0
1258,0,0,0,0,0,0,0,0,0,0,1,0,0,0,0,0,0,0,0
1259,0,1,0,0,0,0,0,1,0,0,0,0,0,0,0,0,0,0,0
1260,0,0,0,0,0,1,0,0,0,1,0,0,0,0,0,0,1,0,0
1261,1,0,0,0,1,0,0,0,1,0,1,0,0,0,0,0,0,0,0
1262,1,1,0,0,0,0,0,1,0,0,0,0,0,0,0,0,0,1,0
1263,0,0,0,0,0,0,0,1,0,0,0,0,0,0,0,0,0,1,0
1264,1,0,0,0,0,0,0,1,0,0,0,0,0,1,1,0,1,0,0
1265,0,0,0,0,1,0,0,0,1,0,0,0,0,0,1,0,0,0,0
1266,0,0,0,0,0,0,0,1,0,0,0,0,0,0,0,0,0,0,1
1267,0,0,0,0,0,1,0,0,0,0,0,0,0,0,0,0,1,1,0
1268,0,0,0,0,1,0,0,1,0,0,0,0,0,0,0,0,0,0,0
1269,0,0,0,0,1,0,0,0,0,0,0,0,0,1,0,0,1,0,0
1270,0,1,0,0,1,0,0,0,0,0,0,0,0,0,0,1,0,0,0
1271,0,0,0,0,1,1,0,1,0,0,0,0,0,0,0,0,0,0,0
1272,0,0,0,0,0,0,0,1,0,0,0,0,0,0,0,0,0,1,0
1273,0,0,0,0,1,0,0,1,0,1,0,0,0,0,0,0,0,0,0
1274,1,1,1,0,0,0,0,0,0,0,0,0,0,0,0,1,0,0,0
1275,1,1,0,0,0,0,0,0,1,0,0,0,0,0,0,0,0,0,0
1276,0,0,0,0,0,0,0,1,0,0,0,0,0,0,0,0,0,0,0
1277,0,0,0,0,1,0,0,1,0,0,0,0,0,0,1,0,0,0,0
1278,0,0,0,0,1,0,0,0,1,0,0,0,0,0,0,0,0,0,0
1279,0,0,0,0,1,0,0,1,0,0,0,0,0,0,0,0,0,0,0
1280,0,0,0,0,0,0,0,1,0,0,0,0,0,0,0,0,0,0,0
1281,0,0,0,0,1,0,0,1,0,0,0,0,0,0,0,0,0,1,0
1282,0,0,1,1,0,0,0,0,1,0,0,0,1,0,0,0,0,0,0
1283,0,0,0,0,0,0,0,1,0,0,0,0,0,0,0,0,0,0,1
1284,0,0,0,0,0,1,0,0,0,1,0,0,0,1,0,0,0,0,0
1285,0,0,0,0,1,0,0,0,0,0,0,0,0,0,0,0,0,0,0
1286,0,0,0,0,0,0,0,1,0,0,0,0,0,0,1,0,0,0,0
1287,1,1,0,0,0,0,0,1,0,0,0,0,0,0,0,0,0,0,0
1288,0,0,0,0,1,0,0,0,0,0,0,0,0,0,0,0,0,0,0
1289,0,0,0,0,0,0,1,0,0,0,0,0,0,0,0,0,0,0,0
1290,0,0,0,0,0,0,0,1,0,0,0,0,0,0,1,0,0,0,0
1291,1,1,0,0,0,0,0,0,0,0,0,0,0,0,0,0,0,0,0
1292,0,0,0,0,1,0,0,1,0,0,0,0,0,0,0,0,0,0,0
1293,0,0,0,0,0,0,0,1,0,0,0,0,0,0,0,0,0,0,0
1295,0,0,0,0,0,0,0,1,0,0,0,0,0,0,0,0,0,0,0
1296,0,0,0,0,0,0,0,1,0,0,0,0,0,0,1,0,0,0,0
1297,0,0,0,0,1,0,0,0,0,0,0,0,0,0,0,0,0,0,0
1298,0,0,0,0,0,0,0,1,0,0,0,0,1,0,0,0,0,0,0
1299,0,0,0,0,0,0,0,1,0,0,0,0,0,0,0,0,0,1,0
1300,0,0,0,0,1,0,0,1,0,0,0,0,0,0,0,0,0,0,0
1301,0,0,0,0,0,0,0,1,0,0,0,0,0,0,0,1,0,0,0
1302,0,0,0,1,0,0,0,1,1,0,0,0,0,0,0,0,0,0,0
1303,0,1,0,0,0,0,0,1,0,0,0,0,0,0,0,0,0,0,0
1304,1,0,0,0,0,0,0,0,0,0,0,0,0,0,0,0,0,0,1
1305,0,0,0,0,0,0,0,1,0,0,0,0,0,0,1,0,0,0,0
1307,0,0,0,0,1,0,0,0,0,0,0,0,0,0,1,0,0,0,0
1320,1,0,0,0,0,0,0,0,0,0,1,0,0,0,0,1,1,0,0
1321,0,0,0,0,1,0,0,0,0,0,1,0,0,0,0,0,1,0,0
1327,0,0,0,0,0,0,0,1,0,0,1,0,0,1,0,0,1,0,0
1333,0,0,0,0,0,0,0,0,0,0,1,0,0,0,0,0,1,0,0
1334,0,0,0,0,0,0,0,0,0,0,1,0,0,0,0,1,0,0,0
1339,0,0,0,0,0,0,0,0,1,0,1,0,0,0,1,0,1,0,0
1340,0,0,0,0,0,0,0,1,0,0,1,0,0,0,0,1,0,0,0
1342,0,0,0,0,0,0,0,0,0,0,1,0,0,0,0,0,1,0,0
1343,0,0,0,0,0,0,0,0,0,0,0,0,0,0,0,0,1,0,0
1344,0,0,0,0,0,1,0,1,0,0,0,0,0,0,0,0,1,0,0
1345,0,0,0,0,0,0,0,1,1,0,1,0,0,0,0,0,1,0,0
1346,0,0,0,0,0,0,0,1,1,0,1,0,0,0,0,0,0,0,0
1347,0,0,0,0,0,0,0,0,0,0,1,0,0,0,0,0,1,0,0
1348,0,0,0,0,0,0,0,0,0,0,1,0,0,0,0,0,0,0,0
1350,0,0,0,0,0,0,0,0,0,0,1,0,0,1,0,0,1,0,0
1353,0,0,0,0,1,0,0,1,0,0,0,0,0,0,1,0,0,0,0
1354,0,0,0,0,0,0,0,1,0,0,0,0,0,1,0,0,0,0,0
1356,1,1,0,0,0,0,0,0,0,0,0,0,0,0,0,1,1,0,0
1357,0,0,0,0,0,0,0,1,0,0,0,0,0,0,1,0,0,0,0
1358,0,0,0,0,0,0,0,1,0,0,0,0,0,0,0,0,0,0,0
1359,0,0,0,1,1,0,0,0,0,0,0,0,0,0,0,0,0,0,0
1361,0,0,0,0,0,0,1,0,0,0,0,0,0,0,0,0,0,0,0
1366,0,0,0,0,0,0,0,1,0,0,0,0,0,0,0,0,0,0,0
1367,0,1,0,1,1,0,0,0,0,0,0,0,0,0,0,0,0,0,0
1370,1,1,0,0,0,0,0,0,0,0,0,0,0,0,0,0,1,0,0
1371,0,1,0,0,0,0,0,0,0,0,0,0,0,0,0,1,0,0,0
1372,1,0,0,0,0,0,0,0,0,0,0,0,0,1,0,1,0,0,0
1373,1,0,0,0,0,0,0,0,0,0,0,0,0,0,0,1,0,0,0
1374,1,1,0,0,0,0,0,0,0,0,0,0,0,0,0,1,1,0,0
1375,1,1,0,0,0,0,0,0,0,0,0,0,0,0,0,1,0,0,0
1376,0,1,0,0,1,0,0,0,0,0,0,0,0,0,0,1,0,0,0
1377,1,0,0,0,0,1,0,0,0,0,0,0,0,0,0,0,0,0,0
1378,1,0,0,0,1,0,0,0,0,0,0,0,0,0,0,0,0,0,1
1379,1,0,0,0,0,0,0,0,0,0,0,0,0,0,0,0,0,0,1
1380,0,0,0,0,1,0,0,0,0,0,0,0,1,0,1,0,0,0,0
1381,0,0,0,0,1,0,0,0,0,0,0,0,1,0,1,0,0,0,0
1385,1,0,0,0,0,0,0,1,0,0,0,0,0,0,0,0,1,0,0
1387,1,0,0,0,0,0,0,0,0,0,1,0,0,0,0,0,0,0,0
1388,0,0,0,0,0,0,0,0,0,0,1,0,0,0,0,0,1,0,0
1389,1,0,0,0,0,0,0,0,0,0,1,0,0,0,0,0,0,0,0
1390,0,0,0,0,1,0,0,0,0,0,0,0,0,0,0,0,0,0,0
1391,1,0,0,0,1,0,0,0,0,0,0,0,0,0,0,1,0,0,0
1392,0,0,0,0,1,0,0,1,0,0,0,0,0,0,0,0,0,0,0
1393,0,0,0,0,0,0,0,1,0,0,0,0,0,0,1,0,0,0,0
1394,0,0,0,0,1,0,0,0,0,0,0,0,0,0,0,0,0,0,0
1395,0,0,0,0,1,0,0,1,0,0,0,0,0,0,0,0,0,0,0
1396,1,0,0,0,1,1,0,1,0,0,0,0,0,0,0,1,0,0,0
1399,0,0,0,0,0,0,0,1,0,0,0,0,0,0,0,0,0,0,0
1401,0,0,0,0,0,0,0,1,0,0,0,0,0,0,0,0,0,0,0
1405,0,1,1,0,1,1,0,0,0,0,0,0,0,0,0,0,0,0,0
1407,0,0,0,0,1,0,0,0,0,0,1,0,0,1,0,0,1,0,0
1408,1,0,0,0,0,0,0,0,0,0,0,0,0,0,1,0,0,1,1
1409,0,0,0,0,1,0,0,1,1,0,0,0,0,0,1,0,0,0,0
1411,0,0,0,0,0,1,0,1,0,0,0,0,0,0,1,0,0,0,0
1414,0,0,0,0,1,0,0,0,0,0,0,0,0,0,0,0,0,0,0
1416,0,0,0,0,0,0,0,1,0,0,0,0,1,0,0,0,0,0,0
1419,0,1,0,0,0,0,0,1,0,0,0,0,0,0,0,0,0,0,0
1422,0,0,0,0,0,1,0,1,0,0,0,0,0,1,0,0,1,0,0
1425,0,0,0,0,1,0,0,0,0,0,0,0,0,0,0,0,0,0,0
1429,1,1,0,0,1,0,0,0,0,0,0,0,0,0,0,0,1,0,0
1431,1,0,0,0,1,0,0,0,0,0,0,0,0,0,0,0,0,0,0
1432,1,0,0,0,1,1,0,1,0,0,0,0,0,0,0,0,1,0,0
1438,1,0,0,0,0,0,0,0,0,0,0,0,0,0,0,0,1,0,0
1441,0,0,0,0,1,0,0,0,0,0,0,0,0,0,1,0,0,0,0
1445,0,0,0,0,1,0,0,0,0,0,0,0,0,0,0,0,0,1,0
1446,0,0,0,0,1,0,0,1,0,0,0,0,0,0,0,0,0,0,0
1449,0,0,0,0,1,0,0,0,0,0,0,0,0,0,0,0,0,0,0
1453,0,0,0,0,1,0,0,0,0,0,0,0,0,0,1,0,0,0,0
1457,0,0,0,0,1,0,0,1,0,0,0,0,0,0,1,0,0,0,0
1459,0,0,0,0,0,0,0,0,0,0,0,0,0,1,0,0,1,0,0
1461,0,0,0,0,1,0,0,0,0,0,0,0,0,0,0,0,0,0,0
1464,0,0,0,0,0,1,0,1,1,1,0,0,0,1,1,0,0,0,0
1466,0,0,0,0,0,1,0,1,0,0,0,0,0,0,0,0,0,0,0
1474,0,0,0,1,1,0,0,0,0,0,0,0,0,0,0,0,0,0,0
1476,0,0,0,0,1,0,0,1,0,0,0,0,0,0,0,0,0,0,0
1479,1,0,0,0,0,0,0,0,0,0,0,0,0,0,1,1,1,0,0
1480,0,0,0,0,0,0,0,1,0,0,0,0,0,0,0,0,1,0,0
1483,0,0,0,0,0,0,0,1,0,0,0,0,0,0,0,0,1,0,0
1485,0,0,0,0,1,0,0,0,0,0,0,0,0,0,0,0,0,0,0
1487,0,0,0,0,0,0,0,1,0,0,0,0,1,0,0,0,0,0,0
1488,1,0,0,0,0,0,0,1,0,0,0,0,0,0,0,0,1,0,0
1498,0,0,0,0,0,0,0,1,0,0,0,0,0,0,1,0,0,0,0
1499,1,1,0,0,0,0,0,0,0,0,0,0,0,0,0,0,1,0,0
1500,0,0,0,0,1,1,0,0,0,0,0,0,0,0,1,0,0,0,0
1503,0,0,0,0,1,0,0,0,0,0,0,0,0,0,0,0,0,0,0
1513,0,0,0,0,1,0,0,0,0,0,0,0,0,0,0,0,0,0,0
1515,1,0,0,0,0,0,0,1,0,0,0,0,0,0,0,0,1,0,0
1517,1,1,0,0,1,0,0,0,0,0,0,0,0,0,0,0,0,0,0
1518,1,0,0,0,0,0,0,0,0,0,0,0,0,0,0,0,1,0,0
1527,1,1,0,0,1,0,0,0,0,0,0,0,0,0,0,1,0,0,0
1537,0,0,0,0,1,0,0,1,0,0,0,0,0,0,1,0,0,0,0
1541,0,0,0,0,1,0,0,0,0,0,0,0,0,0,1,0,0,0,0
1542,0,0,0,0,1,0,0,1,0,0,0,0,0,0,1,0,0,0,0
1544,1,1,0,0,0,0,0,0,0,0,0,0,0,0,0,1,1,0,0
1552,1,1,0,0,0,0,0,0,0,0,0,0,0,0,0,0,1,0,0
1554,0,0,0,0,0,0,0,1,0,0,0,0,0,0,1,0,0,0,0
1556,1,0,0,0,0,0,0,0,0,0,0,0,0,0,1,0,1,0,0
1562,1,1,0,0,0,0,0,0,1,0,0,0,0,0,0,0,1,0,0
1566,0,1,1,1,1,0,0,0,0,0,0,0,1,0,0,0,0,0,0
1569,0,0,0,0,1,0,0,0,0,0,0,0,0,0,1,0,0,0,0
1573,1,0,0,0,0,1,0,1,0,0,0,0,0,0,0,0,1,0,0
1580,1,0,0,0,1,0,0,0,0,0,0,0,0,0,0,1,0,0,0
1584,0,0,0,0,0,0,0,1,0,0,0,0,0,0,0,1,0,0,0
1586,1,0,0,0,0,0,0,1,0,0,0,0,0,0,0,0,0,0,0
1587,1,1,0,0,0,0,0,0,1,0,0,0,0,0,0,0,0,0,0
1588,0,0,0,1,1,0,0,0,0,0,0,0,0,0,0,0,0,0,0
1589,1,0,0,0,0,1,0,1,0,0,0,0,0,0,0,0,1,0,0
1590,0,0,0,0,0,0,0,0,0,0,1,0,0,0,0,1,1,0,0
1591,1,1,0,0,0,0,0,0,0,0,0,0,0,0,0,1,1,0,0
1592,0,0,0,1,1,0,0,0,0,0,0,0,0,0,0,0,0,0,0
1593,0,0,0,0,1,0,0,0,0,0,0,0,0,0,1,0,0,0,0
1594,0,0,0,0,1,0,0,1,0,0,0,0,0,0,0,0,0,0,0
1597,0,0,0,0,0,0,0,1,0,0,0,0,0,1,1,0,1,0,0
1603,0,0,0,0,0,0,0,0,0,0,1,0,0,0,0,1,1,0,0
1608,1,0,0,0,0,0,0,0,0,0,0,0,0,0,0,0,1,0,0
1610,1,1,0,0,0,0,0,0,0,0,0,0,0,0,0,0,1,0,0
1611,0,0,0,0,0,0,0,1,0,0,0,0,0,0,1,0,0,0,0
1614,0,0,0,0,1,0,0,0,0,0,0,0,0,0,0,0,0,0,0
1615,0,1,0,0,0,0,0,1,0,0,0,0,0,0,0,0,0,0,0
1616,1,0,0,0,0,0,0,0,0,0,0,0,0,0,0,0,1,1,0
1617,0,0,0,0,0,1,0,0,0,1,0,0,0,1,0,0,1,0,0
1619,0,1,0,0,0,0,0,1,0,0,0,0,0,0,0,0,0,1,0
1620,0,0,0,0,0,1,0,1,0,0,0,0,0,1,0,0,1,0,0
1625,0,0,0,0,0,0,0,1,0,0,0,0,0,1,0,0,1,0,0
1627,0,0,0,0,0,1,0,1,0,0,0,0,0,1,0,0,0,0,0
1633,0,0,0,0,0,0,0,1,0,0,0,0,0,0,0,0,0,0,0
1635,0,0,0,0,0,0,0,1,0,0,0,0,0,0,0,0,0,0,0
1639,0,0,0,0,1,0,0,1,0,0,0,0,0,0,1,0,0,0,0
1641,0,0,0,0,1,0,0,1,0,0,0,0,0,0,0,0,0,0,0
1643,0,0,0,0,0,0,0,1,0,0,0,0,0,0,1,0,0,0,0
1644,0,0,0,0,0,0,0,0,0,0,1,0,0,1,0,0,1,0,0
1645,0,0,0,0,0,0,0,1,0,0,0,0,0,1,0,0,1,0,0
1648,0,0,0,0,1,0,0,1,0,0,0,0,0,0,0,0,0,0,0
1649,0,0,0,0,0,0,1,0,0,0,0,0,0,0,0,0,0,0,0
1653,0,0,0,0,0,0,0,1,0,0,0,0,0,0,0,1,1,0,0
1658,0,0,0,0,0,0,0,0,0,0,0,0,0,0,1,0,1,0,0
1660,0,0,0,0,0,0,0,1,0,0,0,0,0,0,0,0,0,0,0
1663,0,0,0,0,1,0,0,0,0,0,0,0,0,0,0,0,0,1,0
1665,0,0,0,0,1,0,0,0,0,0,0,0,0,0,0,0,0,0,0
1667,1,0,0,0,0,0,0,1,0,0,0,0,0,0,0,0,0,0,0
1672,0,0,0,0,0,0,0,1,0,0,0,0,0,0,0,0,0,0,0
1673,0,0,0,0,0,0,0,1,0,0,0,0,0,0,0,0,0,0,0
1674,0,0,0,0,0,0,0,1,0,0,0,0,0,0,1,0,1,0,0
1676,1,0,0,0,0,0,0,0,0,0,0,0,0,0,0,1,0,0,0
1678,0,0,0,0,0,0,0,1,0,0,0,0,0,0,1,0,0,0,0
1680,0,0,0,0,0,0,0,1,0,0,0,0,0,0,1,0,0,0,0
1681,1,1,0,0,0,0,0,0,1,0,0,0,0,0,0,0,0,0,0
1682,0,0,0,0,1,0,0,1,0,0,0,0,0,0,0,1,0,0,0
1683,0,0,0,0,0,0,0,1,0,0,0,0,0,0,1,0,0,0,0
1687,1,0,0,0,0,0,0,0,0,0,0,0,0,0,0,0,1,0,0
1688,0,1,1,1,0,0,0,1,0,0,0,0,1,0,0,0,0,0,0
1689,0,0,0,0,1,1,0,0,0,0,0,0,0,0,0,0,1,0,0
1690,1,0,0,0,0,0,0,0,0,0,1,0,0,0,0,1,0,0,0
1693,0,0,0,0,0,0,0,1,0,0,0,0,0,1,0,0,0,0,0
1694,0,0,0,0,0,0,0,1,0,0,0,0,0,0,0,0,0,0,0
1701,0,0,0,0,1,0,0,1,0,0,0,0,0,0,0,0,0,0,0
1702,0,0,0,1,1,0,0,0,1,0,0,0,0,0,0,0,0,0,0
1704,0,0,0,0,0,0,0,1,0,0,0,0,0,0,1,0,0,0,0
1707,0,0,0,1,1,0,0,0,0,0,0,0,0,0,0,0,0,0,0
1711,0,0,0,0,0,1,0,1,0,0,0,0,0,1,0,0,0,0,0
1713,0,0,0,1,1,0,0,0,0,0,0,0,0,0,0,0,0,0,0
1717,0,0,0,0,1,0,0,0,0,0,1,0,0,1,0,0,1,0,0
1719,0,0,0,0,0,0,0,1,0,0,0,0,0,0,0,0,0,0,0
1721,0,0,0,0,0,0,0,1,0,0,0,0,0,0,1,0,0,0,0
1722,1,1,0,0,0,0,0,0,0,0,0,0,0,0,0,0,1,0,0
1726,1,1,0,0,0,0,0,1,0,0,0,0,0,0,0,1,0,0,0
1727,0,0,0,0,0,0,0,1,0,0,0,0,0,0,1,0,0,0,0
1729,0,0,0,0,0,1,0,1,0,0,0,0,0,0,0,0,1,0,0
1730,0,0,0,0,0,0,0,1,0,0,0,0,0,0,0,0,0,0,0
1732,0,0,0,0,1,1,0,0,0,0,0,0,0,0,0,0,0,0,0
1734,0,0,0,0,1,0,0,1,0,0,0,0,0,0,0,0,0,0,0
1735,0,0,0,0,0,0,0,1,0,0,0,0,0,0,1,0,0,0,0
1747,0,0,0,0,1,0,0,0,0,0,0,0,0,0,0,0,0,0,0
1748,0,1,0,0,0,0,0,0,0,1,0,0,0,0,0,1,1,0,0
1752,1,0,0,0,0,1,0,0,0,0,0,0,0,0,0,0,1,0,0
1753,0,0,0,0,1,0,0,0,0,0,0,0,0,0,0,0,0,0,0
1754,0,0,0,0,0,1,0,1,1,0,0,0,0,0,0,0,1,0,0
1760,0,0,0,0,1,0,0,0,0,0,0,0,0,0,0,0,0,0,0
1762,1,0,0,0,0,0,0,0,0,0,1,0,0,0,0,1,0,0,0
1769,1,0,0,0,0,1,0,0,0,0,0,0,0,0,0,0,1,0,0
1772,1,0,0,0,1,0,0,0,0,0,0,0,1,0,0,0,0,0,0
1777,0,0,0,0,1,0,0,0,0,0,0,0,0,0,1,0,0,0,0
1779,0,0,0,0,0,0,0,0,0,0,0,0,0,0,0,1,1,0,0
1784,0,0,0,0,1,0,0,1,0,0,0,0,0,0,1,0,0,0,0
1785,0,0,0,0,0,1,0,0,0,0,0,0,0,0,0,0,1,0,0
1792,1,0,0,0,0,1,0,0,0,0,0,0,0,0,0,0,1,0,0
1797,0,0,0,0,0,0,1,0,0,0,0,1,0,0,0,0,0,0,0
1799,0,0,0,0,1,1,0,1,0,0,0,0,0,1,0,0,1,0,0
1801,1,1,0,0,0,0,0,1,0,0,0,0,0,0,0,0,0,0,0
1804,0,0,0,0,0,1,0,1,0,0,0,0,0,0,0,0,0,0,0
1805,0,0,0,0,0,1,0,1,0,0,0,0,0,1,0,0,1,0,0
1809,0,0,0,0,0,1,0,1,0,0,0,0,0,0,0,0,0,0,0
1810,0,0,0,0,1,0,0,1,0,0,0,0,0,0,0,0,0,0,0
1821,0,0,0,0,1,0,0,0,0,0,0,0,0,0,1,0,0,0,0
1831,1,1,0,0,0,0,0,0,0,0,0,0,0,0,0,1,0,0,0
1833,1,0,0,0,0,0,0,1,0,0,0,0,0,0,0,0,1,0,0
1834,0,0,0,0,0,1,0,1,0,0,0,0,0,1,0,0,1,0,0
1835,0,0,0,0,0,0,0,1,1,0,0,0,0,0,1,0,0,0,0
1836,0,0,0,0,1,0,0,1,0,0,0,0,0,0,0,0,0,0,0
1840,0,0,0,0,0,0,0,1,0,0,0,0,0,0,0,0,0,0,0
1845,0,0,0,0,1,0,0,0,0,0,0,0,0,1,0,0,1,0,0
1848,0,1,0,1,1,0,0,0,1,0,0,0,0,0,0,0,0,0,0
1858,1,0,0,0,1,0,0,0,0,0,0,0,0,0,0,0,0,0,0
1862,0,0,0,0,0,0,0,0,0,0,1,0,0,0,0,1,0,0,0
1863,0,0,0,0,1,0,0,0,0,0,0,0,0,0,0,0,0,0,0
1866,1,0,0,0,1,1,0,0,0,0,0,0,0,0,0,0,0,0,0
1873,0,0,0,0,0,1,0,1,0,0,0,0,0,0,1,0,0,1,0
1875,0,0,0,0,1,0,0,0,0,0,0,0,0,0,0,0,0,0,0
1876,0,0,0,0,0,0,0,1,0,0,0,0,0,0,0,1,1,0,0
1882,1,0,0,0,0,0,0,0,0,0,0,0,0,0,0,1,1,0,0
1883,0,0,0,0,1,0,0,1,0,0,0,0,0,0,1,0,0,0,0
1884,0,1,0,0,1,0,0,1,0,0,0,0,0,0,0,0,0,0,0
1885,0,0,0,0,1,0,0,1,0,0,0,0,0,0,1,0,0,0,0
1888,0,0,0,0,1,0,0,1,0,0,0,0,0,0,1,0,0,0,0
1889,0,0,0,0,0,0,0,1,0,0,0,0,0,1,0,0,1,0,0
1892,0,0,0,0,0,0,0,0,0,0,0,0,0,0,0,0,1,0,0
1894,0,1,0,0,1,0,0,0,0,0,0,0,0,0,1,0,0,0,0
1895,0,0,0,0,1,0,0,1,0,0,0,0,0,0,1,0,0,0,0
1907,0,1,1,1,1,0,0,1,0,0,0,0,1,0,1,0,0,0,0
1909,1,0,0,0,0,1,0,0,0,0,0,0,0,1,0,1,1,0,0
1911,0,0,0,0,1,0,0,0,0,0,0,0,0,0,0,0,0,0,0
1912,0,0,0,0,1,1,0,1,0,0,0,0,0,0,1,0,1,0,0
1913,0,0,0,0,0,0,0,1,0,0,0,0,0,1,0,0,0,0,0
1914,0,0,0,0,1,0,0,1,0,0,0,0,0,0,0,0,0,0,0
1916,0,0,0,0,0,0,0,1,0,0,0,0,0,0,1,0,0,0,0
1917,1,0,0,0,0,0,0,0,0,0,0,0,0,0,1,1,1,0,0
1918,1,0,0,0,1,1,0,0,0,0,0,0,0,0,0,0,1,0,0
1920,0,0,1,1,0,0,0,0,1,0,0,0,0,0,0,0,0,1,0
1921,0,0,0,0,0,0,0,1,0,0,0,0,0,0,0,1,1,0,0
1923,0,0,0,0,1,0,0,0,0,0,0,0,0,0,1,0,0,0,0
1924,0,0,0,0,0,0,0,0,0,0,1,0,0,0,0,1,0,0,0
1927,1,0,0,0,0,0,0,1,0,0,0,0,0,0,0,0,0,1,0
1931,0,1,0,0,0,0,0,1,0,0,0,0,0,0,0,0,0,0,0
1938,0,0,0,0,0,0,0,1,0,0,0,0,0,0,0,0,0,0,0
1939,0,0,0,0,0,0,0,1,0,0,0,0,0,0,0,0,0,1,0
1944,0,0,0,0,0,0,0,1,0,0,0,0,0,0,1,0,0,1,0
1945,0,0,0,0,0,1,0,1,0,0,0,0,0,0,0,0,0,0,0
1946,0,0,0,0,0,0,0,1,0,0,0,0,0,0,1,0,0,0,0
1947,0,0,0,0,0,0,0,1,0,0,0,0,1,0,1,0,0,0,0
1948,0,1,0,0,1,0,0,0,0,0,0,0,0,0,1,0,0,0,0
1949,0,0,0,0,0,0,0,1,0,0,0,0,0,0,0,0,0,0,0
1950,0,0,0,0,0,0,0,1,0,0,0,0,0,1,0,0,0,0,0
1951,0,0,0,0,0,0,0,1,0,0,0,0,1,0,0,0,0,0,0
1952,0,0,0,0,0,0,0,1,0,0,0,0,0,0,0,0,0,0,0
1953,1,0,0,0,0,1,0,0,0,0,0,0,0,0,0,0,1,0,0
1954,0,0,0,0,0,0,0,1,0,0,0,0,0,0,0,0,0,0,0
1955,0,0,0,0,0,0,0,1,0,0,0,0,0,0,0,0,0,0,0
1956,0,0,0,0,0,0,0,1,0,0,0,0,0,0,0,0,0,0,0
1957,0,0,0,0,0,0,0,1,0,0,0,0,0,0,0,0,0,0,0
1958,0,0,0,0,1,0,0,1,0,0,0,0,0,0,0,0,0,0,0
1959,0,0,0,0,0,0,0,1,0,0,0,0,0,0,1,0,0,0,0
1960,0,0,0,0,0,0,0,1,0,0,0,0,0,0,0,0,0,0,0
1961,0,0,0,0,0,0,0,1,0,0,0,0,0,0,0,0,0,0,0
1962,0,0,0,0,0,0,0,1,0,0,0,0,0,0,0,0,0,0,0
1963,0,0,0,0,1,1,0,0,0,0,0,0,0,0,0,0,0,0,0
1964,0,0,0,0,0,0,0,1,0,0,0,0,0,1,0,0,0,0,0
1965,0,0,0,0,1,0,0,0,0,0,0,0,0,0,0,1,0,0,0
1966,0,0,0,0,1,0,0,0,0,0,0,0,0,0,0,0,0,0,0
1967,0,1,0,0,0,0,0,0,1,0,0,0,1,0,0,0,0,0,0
1968,0,0,0,0,1,0,0,1,0,0,0,0,0,0,0,0,0,0,0
1969,0,0,0,0,0,0,0,0,0,0,1,0,0,0,0,0,0,0,0
1970,0,0,0,0,0,0,0,0,0,0,1,0,0,0,0,0,1,0,0
1971,0,0,0,0,0,0,0,0,0,0,1,0,0,0,0,0,1,0,0
1972,0,0,0,0,0,0,0,0,0,0,1,0,0,0,0,0,0,0,0
1973,0,0,0,0,0,0,0,0,0,0,1,0,0,0,0,0,0,0,0
1974,0,0,0,0,0,0,0,0,0,0,1,0,0,1,0,0,1,0,0
1975,0,0,0,0,0,0,0,0,0,0,1,0,0,0,0,0,0,0,0
1976,0,0,0,0,0,0,0,0,0,0,1,0,0,0,0,0,0,0,0
1977,0,0,0,0,0,0,0,0,0,0,1,0,0,0,0,0,0,0,0
1978,0,0,0,0,0,0,0,0,0,0,1,0,0,0,0,0,0,0,0
1979,0,0,0,0,0,0,0,0,0,0,1,0,0,0,0,0,0,0,0
1980,0,0,0,0,0,0,0,0,0,0,1,0,0,0,0,0,0,0,0
1981,0,0,0,0,0,0,0,0,0,0,1,0,0,0,0,0,0,0,0
1982,0,0,0,0,0,0,0,0,0,0,1,0,0,0,0,0,0,0,0
1983,0,0,0,0,0,0,0,0,0,0,1,0,0,0,0,0,0,0,0
1984,0,0,0,0,0,0,0,0,0,0,1,0,0,0,0,0,0,0,0
1985,0,0,0,0,0,0,0,0,0,0,1,0,0,0,0,0,0,0,0
1986,0,0,0,0,0,0,0,0,0,0,1,0,0,0,0,0,0,0,0
1991,0,0,0,0,0,0,0,0,0,0,1,0,0,0,0,0,1,0,0
1992,0,0,0,0,0,0,0,0,0,0,1,0,0,0,0,0,1,0,0
1993,0,0,0,0,1,0,0,0,0,0,1,0,0,0,0,0,1,0,0
1994,0,0,0,0,0,0,0,0,0,0,1,0,0,0,0,0,1,0,0
1995,0,0,0,0,0,0,0,0,0,0,1,0,0,0,0,0,1,0,0
1996,0,0,0,0,0,0,0,0,0,0,1,0,0,0,0,0,1,0,0
1997,0,0,0,0,0,0,0,0,0,0,1,0,0,1,0,0,0,0,0
1998,0,0,0,0,0,0,0,0,0,0,1,0,0,0,0,0,0,0,0
1999,0,0,0,0,0,0,0,0,0,0,1,0,0,0,0,0,0,0,0
2000,1,0,0,0,1,1,0,1,0,0,0,0,0,0,0,0,0,0,0
2001,1,0,0,0,1,1,0,1,0,0,0,0,0,0,0,0,0,0,0
2002,1,0,0,0,1,1,0,1,0,0,0,0,0,0,0,0,0,0,0
2003,0,0,0,0,1,0,0,0,0,0,1,0,0,0,0,0,0,0,0
2004,0,0,0,0,1,0,0,0,0,0,1,0,0,0,0,0,0,0,0
2005,1,1,0,1,1,0,0,0,1,0,0,0,0,0,0,0,0,0,0
2006,1,0,0,0,1,0,0,0,0,0,0,0,0,0,1,0,0,0,0
2009,0,0,0,0,0,0,0,1,0,0,0,0,0,1,0,1,1,0,0
2010,0,0,0,0,0,0,0,1,0,0,0,0,0,0,0,1,0,0,0
2011,0,1,0,0,1,0,0,0,0,0,0,0,0,0,0,1,0,0,0
2012,0,1,0,0,1,0,0,0,0,0,0,0,0,0,0,1,0,0,1
2013,1,1,0,0,0,0,0,1,0,0,0,0,0,0,0,0,0,0,0
2014,0,0,0,1,1,0,0,0,1,0,0,0,0,0,0,0,0,0,0
2015,0,0,0,1,1,0,0,0,1,0,0,0,0,0,0,0,0,0,0
2018,0,0,1,1,0,0,0,1,0,0,0,0,0,0,0,0,0,0,0
2019,1,1,0,0,0,0,0,1,0,0,0,0,0,0,0,0,0,0,0
2020,0,0,0,0,0,0,0,1,0,0,0,0,0,0,1,0,0,0,0
2021,0,1,0,0,0,0,0,0,0,0,0,0,0,0,0,1,0,0,0
2022,0,0,0,0,0,0,0,1,0,0,0,0,0,0,0,0,0,0,0
2023,0,0,0,0,0,1,0,1,0,0,0,0,0,1,0,0,1,0,0
2025,0,0,0,0,0,0,0,1,0,0,0,0,0,0,1,0,0,0,0
2026,0,0,0,0,0,0,0,0,0,0,1,0,0,0,0,0,1,0,0
2027,0,0,0,0,1,1,0,0,0,0,0,0,0,0,0,0,0,0,0
2028,1,0,0,0,0,0,0,1,0,0,0,0,0,0,0,0,0,1,0
2033,0,1,1,1,0,0,0,0,1,0,0,0,0,0,0,0,0,0,0
2034,0,0,0,1,0,0,0,0,0,0,0,0,0,0,0,1,0,0,0
2036,0,0,0,1,1,0,0,0,0,0,0,0,0,0,0,0,0,0,0
2042,0,0,0,1,1,0,0,0,0,0,0,0,0,0,0,0,0,0,0
2046,0,1,0,1,0,0,0,0,0,0,0,0,0,0,0,1,0,0,0
2048,1,0,1,1,0,1,0,0,0,0,0,0,0,0,0,0,0,0,0
2050,0,1,0,1,1,0,0,0,0,0,0,0,0,0,0,0,0,0,0
2052,0,0,0,1,1,0,0,0,1,0,1,0,0,0,0,0,0,0,0
2053,0,0,0,1,1,0,0,0,0,0,0,0,0,0,0,1,0,0,0
2054,0,1,0,1,1,0,0,0,1,0,0,0,0,0,0,1,0,0,0
2058,1,0,0,0,0,1,0,1,0,0,0,0,0,1,0,0,1,0,0
2059,0,0,0,1,1,0,0,0,0,0,0,0,0,0,1,0,0,0,0
2060,0,0,0,0,1,0,0,0,0,0,0,0,0,0,0,0,0,0,0
2064,0,0,0,0,0,0,1,0,0,0,0,0,0,0,0,0,0,0,0
2065,0,0,0,0,1,0,0,1,1,0,0,0,0,0,1,0,0,0,0
2066,0,0,0,0,0,0,0,0,0,1,0,0,0,0,0,0,0,0,0
2067,0,0,0,0,0,0,0,1,0,0,0,0,0,0,1,0,0,1,0
2068,0,0,0,0,0,0,0,1,1,0,0,0,0,1,0,0,0,0,0
2070,0,0,0,0,0,0,0,1,0,0,0,0,0,0,1,0,0,0,1
2071,0,0,0,0,0,0,0,1,0,0,0,0,0,0,0,0,0,0,0
2072,0,0,0,0,1,0,0,0,0,0,0,0,0,0,0,0,0,0,0
2076,0,0,0,0,0,0,0,1,0,0,0,0,0,1,0,0,1,0,0
2078,0,0,1,1,1,0,0,0,0,0,0,0,1,0,0,0,0,0,0
2080,0,0,1,1,1,0,0,0,0,0,0,0,0,0,1,0,0,0,0
2081,0,0,1,1,1,0,0,0,0,0,0,0,1,0,1,0,0,0,0
2082,0,0,0,1,1,0,0,0,0,0,0,0,0,0,0,0,0,0,0
2083,0,0,0,1,1,0,0,0,0,0,0,0,1,0,0,0,0,0,0
2084,0,0,0,1,0,0,0,0,0,0,0,0,1,0,0,0,0,0,0
2085,0,1,1,1,0,0,0,0,0,0,0,0,0,0,0,0,0,0,0
2087,0,0,1,1,0,0,0,0,1,0,0,0,1,0,0,0,0,0,0
2088,0,1,0,0,1,0,0,0,0,0,0,0,1,0,0,0,0,0,0
2089,0,1,1,1,0,0,0,0,0,0,0,0,0,0,0,0,0,0,0
2090,0,1,1,1,0,1,0,1,0,0,0,0,0,0,0,0,0,0,0
2091,0,0,0,1,0,0,0,0,0,0,0,0,0,0,0,1,0,0,0
2093,0,1,0,1,0,0,0,0,1,0,0,0,0,0,0,0,0,0,0
2094,1,1,0,0,0,0,0,0,0,0,0,0,0,0,0,1,0,0,0
2096,0,0,1,1,0,0,0,0,0,0,0,0,1,0,0,0,0,0,0
2097,0,0,0,1,0,0,0,1,1,0,0,0,0,1,0,0,1,0,0
2099,0,1,1,1,0,0,0,0,0,0,0,0,1,0,0,0,0,0,0
2100,0,0,0,0,1,0,0,0,1,0,0,0,0,0,1,0,0,0,0
2102,0,0,1,1,1,0,0,0,0,0,0,0,1,0,0,0,0,0,0
2105,1,1,0,0,0,0,0,0,0,0,0,0,0,0,0,1,0,0,0
2106,0,0,0,0,0,0,0,1,0,0,0,0,0,0,0,0,0,1,0
2107,0,0,0,0,0,0,0,0,0,0,1,0,0,0,0,0,1,0,0
2108,0,0,0,0,1,0,0,0,0,0,0,0,0,0,1,0,0,0,0
2109,0,0,0,0,1,0,0,0,0,0,0,0,0,0,0,0,0,0,0
2110,0,0,0,0,1,1,0,0,0,0,0,0,0,0,0,0,1,0,0
2111,0,0,0,0,1,0,0,0,0,0,0,0,0,0,0,0,0,0,0
2112,0,0,0,0,0,1,0,1,0,0,0,0,0,0,0,0,0,0,0
2114,0,0,0,0,0,0,0,1,0,0,0,0,0,0,0,0,0,0,0
2115,1,1,0,0,0,0,0,0,1,0,0,0,0,0,0,0,0,0,0
2116,0,1,1,1,0,0,0,0,1,0,0,0,0,0,0,0,0,0,0
2117,0,0,0,0,0,0,0,1,0,0,0,0,0,0,0,1,0,0,0
2118,0,0,0,0,0,0,0,0,0,0,0,0,0,0,0,0,1,0,0
2119,0,0,0,0,0,0,0,0,0,0,1,0,0,0,0,0,0,0,0
2120,0,0,0,0,0,0,0,1,0,0,1,0,0,0,0,0,0,0,0
2121,0,0,0,0,0,0,0,0,0,0,1,0,0,0,0,0,1,0,0
2122,0,0,0,0,0,0,0,0,0,0,1,0,0,0,0,0,1,0,0
2123,0,0,1,1,1,0,0,1,1,0,0,0,0,0,0,0,0,0,0
2124,0,0,0,1,1,0,0,0,1,0,0,0,0,0,0,0,0,0,0
2125,0,0,0,0,1,0,0,1,0,0,0,0,0,0,1,0,0,0,0
2126,1,0,0,0,0,1,0,0,0,0,0,0,0,1,0,0,1,0,0
2130,0,0,0,0,0,1,0,1,0,0,0,0,0,0,1,0,0,0,0
2132,0,0,0,0,0,0,0,1,0,0,0,0,0,0,0,0,0,0,0
2133,0,1,0,0,1,0,0,0,0,0,0,0,0,0,0,0,0,0,0
2134,0,0,0,0,1,0,0,0,1,0,0,0,0,0,0,1,0,0,0
2135,0,1,0,1,0,0,0,0,0,0,0,0,1,0,0,0,0,0,0
2136,0,0,0,0,1,0,0,0,0,0,0,0,0,0,0,1,0,0,0
2137,0,0,1,1,0,0,0,0,0,0,0,0,0,0,0,0,0,0,0
2138,0,1,1,1,0,0,0,1,1,0,0,0,0,0,0,0,0,0,0
2139,0,1,1,1,0,0,0,1,0,0,0,0,0,0,0,0,0,0,0
2140,0,1,0,0,0,0,0,0,1,0,0,0,0,0,0,0,0,0,0
2141,0,1,1,1,1,0,0,0,0,0,0,0,0,0,0,0,0,0,0
2142,0,1,1,1,0,0,0,0,0,0,0,0,1,0,0,0,0,0,1
2143,0,1,0,0,0,0,0,0,1,0,0,0,0,0,1,0,0,0,0
2144,0,0,0,0,1,0,0,0,0,0,0,0,0,0,1,0,0,0,0
2145,0,0,0,0,1,0,0,1,0,0,0,0,0,0,1,0,0,0,0
2146,0,0,0,0,0,0,0,1,0,0,0,0,0,0,1,0,0,0,0
2147,0,1,0,0,0,0,0,1,1,0,0,0,0,0,0,0,0,0,0
2148,0,0,0,0,1,0,0,0,1,0,1,0,0,0,0,0,0,0,0
2150,0,1,0,0,1,0,0,0,0,0,0,0,0,0,0,0,0,0,0
2151,0,0,0,0,1,0,0,0,0,0,0,0,0,0,0,0,0,0,0
2153,1,1,0,0,0,0,0,0,0,0,0,0,0,0,0,0,0,0,0
2155,0,0,0,0,1,0,0,1,0,0,0,0,0,0,0,0,0,0,0
2159,0,0,0,0,0,1,0,0,0,0,1,0,0,0,0,0,1,0,0
2160,0,0,0,0,0,0,0,1,0,0,1,0,0,0,0,0,1,0,0
2161,0,1,0,1,0,0,0,0,1,0,0,0,0,0,0,0,0,0,0
2162,0,1,0,1,0,0,0,0,1,0,0,0,0,0,0,0,0,0,0
2163,0,0,0,0,1,0,0,0,0,0,1,0,0,0,0,0,0,0,0
2167,1,0,0,0,0,0,0,0,0,0,1,0,0,0,0,0,1,0,0
2169,0,0,0,0,1,0,0,0,0,0,0,0,0,0,0,0,0,0,0
2174,0,0,0,0,1,0,0,0,1,0,0,0,0,0,0,0,0,0,0
2176,0,0,0,0,0,1,0,1,0,0,0,0,0,0,0,0,1,0,0
2178,0,0,0,0,0,0,0,0,0,0,0,0,0,0,0,0,1,0,0
2181,0,0,0,0,0,0,0,1,0,0,0,0,0,1,1,0,1,0,0
2183,0,1,0,0,0,0,0,1,0,0,0,0,0,1,0,0,1,0,0
2184,0,0,0,0,1,0,0,0,0,0,0,0,0,1,0,0,0,0,0
2186,0,0,0,0,0,1,0,1,0,1,0,0,0,0,0,0,1,0,0
2188,0,0,0,0,0,0,0,1,0,0,0,0,0,0,0,0,0,0,0
2193,1,1,0,0,0,0,0,0,1,0,0,0,0,0,0,0,0,0,0
2194,1,0,0,0,0,1,0,1,0,0,0,0,0,0,0,0,0,0,0
2195,0,0,0,0,1,0,0,0,0,0,0,0,0,0,0,0,0,0,0
2202,0,0,0,0,0,0,0,1,0,0,0,0,0,0,0,0,0,1,0
2203,0,0,0,0,0,1,0,1,0,0,0,0,0,0,0,0,1,0,0
2206,0,0,0,0,0,0,0,0,0,1,0,0,0,1,0,0,1,0,0
2208,0,0,0,0,0,0,0,1,0,0,0,0,0,1,0,0,1,0,0
2212,0,0,0,0,0,0,0,1,0,0,0,0,0,0,0,0,1,0,0
2231,0,0,0,0,0,0,0,1,0,0,0,0,0,0,0,0,0,0,0
2232,0,0,0,0,0,0,0,0,0,0,1,0,0,1,0,1,1,0,0
2236,0,0,0,0,0,0,0,1,0,0,0,0,0,0,0,0,0,0,0
2240,0,0,0,0,0,0,0,1,0,0,0,0,0,0,0,0,0,0,0
2243,0,0,0,0,1,0,0,1,0,0,0,0,0,0,1,0,0,0,0
2245,0,0,0,0,1,0,0,1,0,0,0,0,0,0,1,0,0,0,0
2247,0,0,0,0,1,0,0,0,0,0,0,0,0,0,0,0,0,0,0
2248,0,0,0,0,1,0,0,1,0,0,0,0,0,0,1,0,0,0,0
2249,0,0,0,0,1,0,0,0,0,0,0,0,0,0,0,0,0,0,0
2252,0,0,0,0,1,0,0,1,0,0,0,0,0,0,0,0,0,0,0
2253,0,0,0,0,1,0,0,0,1,0,0,0,0,0,0,0,0,0,0
2259,0,0,0,0,1,0,0,0,0,0,0,0,0,0,1,0,0,0,0
2261,0,0,0,0,1,0,0,0,0,0,0,0,0,0,0,0,0,0,0
2262,0,0,0,0,1,0,0,1,0,0,0,0,0,0,1,0,0,0,0
2263,0,0,0,0,0,0,0,1,1,0,0,0,0,0,0,0,1,0,0
2265,0,1,0,0,1,0,0,0,0,0,0,0,0,0,0,0,0,0,0
2266,0,0,0,0,1,0,0,0,0,0,0,0,0,0,1,0,0,0,0
2268,0,0,0,0,0,1,0,1,0,0,0,0,0,0,0,0,1,0,0
2269,0,0,0,0,0,0,0,1,0,0,0,0,0,0,1,0,0,0,0
2273,1,0,0,0,1,1,0,0,0,0,0,0,0,0,0,0,1,0,0
2278,1,0,0,0,0,1,0,0,0,0,0,0,0,0,0,0,1,0,0
2279,0,0,0,0,0,0,0,0,0,0,1,0,0,0,0,0,1,0,0
2282,0,0,0,0,1,0,0,1,0,0,0,0,0,0,0,0,0,0,0
2287,0,0,0,0,0,0,0,0,0,0,1,0,0,0,0,1,1,0,0
2288,1,0,0,0,0,0,0,0,0,0,1,0,0,0,0,1,1,0,0
2289,0,0,0,0,1,1,0,1,0,0,0,0,0,0,0,0,0,0,0
2290,0,0,0,0,1,0,0,1,0,0,0,0,0,0,0,0,0,0,0
2291,0,0,0,0,0,0,0,1,1,0,0,0,0,0,1,0,0,0,0
2294,0,1,1,1,1,0,0,0,1,0,0,0,0,0,0,0,0,0,0
2296,0,0,0,0,1,0,0,0,0,0,0,0,0,0,0,0,0,0,0
2297,0,1,0,0,0,0,0,1,1,0,0,0,0,0,1,0,0,0,0
2300,0,0,0,0,1,0,0,0,0,0,0,0,0,0,0,0,0,0,0
2301,0,0,0,0,1,0,0,0,0,0,0,0,1,0,0,0,0,0,0
2302,0,0,0,0,1,0,0,0,0,0,0,0,0,0,0,0,0,0,0
2303,0,0,0,0,0,0,0,1,0,0,0,0,1,0,0,0,0,0,0
2306,0,0,0,0,1,0,0,0,0,0,0,0,0,0,0,0,0,0,0
2311,0,0,0,0,0,0,0,0,0,0,0,0,0,0,0,1,0,0,0
2312,0,0,0,0,0,0,0,1,0,0,0,0,0,0,0,0,0,0,0
2313,0,0,0,0,0,0,0,1,0,0,0,0,0,0,0,0,0,0,0
2315,0,0,0,0,1,0,0,0,0,0,1,0,0,0,0,0,1,0,0
2316,0,0,0,0,0,0,0,1,1,0,0,0,0,1,1,0,0,0,0
2318,0,0,0,0,1,0,0,1,0,0,0,0,0,0,0,0,0,0,0
2320,0,0,0,0,0,0,0,1,0,0,0,0,0,0,0,0,1,0,0
2321,0,0,0,0,1,0,0,1,1,0,0,0,0,0,0,0,0,0,0
2322,1,0,0,0,0,0,0,0,0,0,0,0,0,0,0,1,0,1,0
2324,0,0,0,0,1,0,0,1,0,0,0,0,0,0,1,0,0,1,0
2325,0,0,0,0,1,0,0,0,0,0,0,0,0,0,0,0,0,0,0
2328,0,0,0,0,0,0,0,0,0,0,1,0,0,0,0,0,0,0,1
2329,0,0,0,0,0,1,0,1,0,0,0,0,0,0,0,0,0,0,0
2333,0,0,0,0,0,0,0,1,0,0,0,0,0,0,0,0,0,0,0
2334,1,0,0,0,0,0,0,0,0,0,0,0,0,0,0,0,1,0,0
2335,0,0,0,0,1,0,0,0,0,0,0,0,0,0,0,0,0,0,0
2336,0,0,0,0,0,0,0,1,0,0,0,0,0,0,0,0,0,0,0
2337,0,0,0,0,0,0,0,1,0,0,0,0,0,0,0,0,0,0,0
2338,0,0,0,0,0,0,0,0,0,0,1,0,0,1,0,0,1,0,0
2340,0,0,0,0,0,0,0,0,0,0,0,0,0,0,1,0,0,0,0
2344,1,1,0,0,0,0,0,1,0,0,0,0,0,0,0,0,1,0,0
2346,0,0,0,0,0,0,0,0,0,0,0,0,0,1,0,1,1,0,0
2348,0,0,0,0,0,0,0,1,0,0,0,0,0,0,0,0,0,0,0
2349,0,0,0,0,1,0,0,0,0,0,0,0,0,0,0,0,1,0,0
2351,0,0,0,0,0,0,0,1,0,0,0,0,0,0,0,0,0,0,0
2352,0,0,0,0,1,0,0,1,0,0,0,0,0,0,0,0,0,0,0
2353,1,0,0,0,0,0,0,0,0,0,0,0,0,0,0,0,1,0,0
2354,0,0,1,1,1,0,0,0,0,0,0,0,0,0,0,0,0,0,0
2355,0,1,1,1,1,0,0,0,0,0,0,0,0,0,0,0,0,0,0
2356,0,0,0,0,1,0,0,0,0,0,0,0,0,0,0,0,0,0,0
2357,0,0,0,0,0,0,0,1,0,0,0,0,0,0,0,0,0,0,0
2359,0,0,0,0,1,0,0,0,0,0,0,0,0,0,0,0,0,0,0
2360,0,0,0,0,0,0,0,1,0,0,0,0,0,0,0,0,0,0,0
2361,0,0,0,0,1,0,0,0,0,0,0,0,0,0,0,0,0,0,0
2363,0,0,0,0,0,0,0,1,0,0,1,0,0,0,0,1,0,0,0
2366,1,1,0,0,0,0,0,0,1,0,1,0,0,0,0,0,0,0,0
2367,0,1,0,0,0,0,0,0,1,0,0,0,0,0,1,1,1,0,0
2369,0,0,0,0,1,0,0,1,0,0,0,0,0,0,1,0,0,0,0
2371,0,0,0,0,1,1,0,0,0,0,0,0,0,1,0,0,0,0,0
2372,0,0,0,0,1,0,0,0,0,0,0,0,0,0,0,0,0,0,0
2373,1,1,0,0,0,0,0,0,1,0,0,0,0,0,0,0,0,0,0
2374,0,0,0,0,1,0,0,1,0,0,0,0,0,0,0,0,0,0,0
2375,0,0,0,0,1,0,0,0,0,0,0,0,0,0,0,0,0,0,0
2376,1,1,0,0,0,0,0,0,0,0,0,0,0,0,0,0,1,0,0
2377,0,0,0,0,0,0,0,0,0,0,1,0,0,0,0,1,0,0,0
2378,0,0,0,0,1,1,0,0,0,0,0,0,0,0,0,0,0,0,0
2379,0,0,0,0,1,1,0,0,0,0,0,0,0,0,0,0,0,0,0
2380,0,0,0,0,1,1,0,0,0,0,0,0,0,0,0,0,0,0,0
2381,0,0,0,0,1,1,0,0,0,0,0,0,0,0,0,0,0,0,0
2382,0,0,0,0,1,1,0,0,0,0,0,0,0,0,0,0,0,0,0
2383,0,0,0,0,1,1,0,0,0,0,0,0,0,0,0,0,0,0,0
2384,0,1,0,1,0,0,0,1,0,0,0,0,0,0,0,0,0,0,0
2385,0,0,0,0,1,0,0,0,0,0,0,0,0,0,1,0,0,0,0
2387,0,0,0,0,1,1,0,0,0,0,0,0,0,0,0,0,0,0,0
2389,0,0,0,0,0,1,0,0,0,0,1,0,0,0,0,0,1,0,0
2390,0,0,0,0,1,0,0,0,0,0,0,0,0,0,0,0,0,0,0
2391,0,0,0,0,0,1,0,1,0,0,0,0,0,0,0,0,1,0,0
2392,0,0,0,1,1,0,0,1,0,0,0,0,0,0,0,0,0,0,0
2393,1,0,0,0,0,0,0,1,0,0,0,0,0,0,1,1,0,0,0
2394,0,0,1,0,0,0,0,0,0,0,0,0,1,0,0,0,0,0,0
2395,0,0,0,0,1,0,0,1,0,0,0,0,0,0,0,0,0,0,0
2396,0,0,0,0,1,0,0,1,0,0,0,0,0,0,1,0,0,0,0
2398,0,0,0,0,1,0,0,1,0,0,0,0,0,0,0,0,0,0,0
2399,0,1,0,1,0,0,0,0,1,0,0,0,0,0,0,0,0,0,0
2401,0,0,0,0,0,0,0,0,0,0,0,0,0,0,0,0,0,0,1
2402,1,1,0,0,0,0,0,0,0,0,0,0,0,0,0,0,1,0,0
2403,1,1,0,0,0,0,0,1,0,0,0,0,0,0,0,0,1,0,0
2404,1,1,0,0,0,0,0,0,0,0,0,0,0,0,0,0,1,1,0
2405,1,1,0,0,1,0,0,0,0,0,0,0,0,0,1,0,0,0,0
2406,1,1,0,0,1,0,0,0,0,0,0,0,0,0,1,0,0,0,0
2407,0,0,0,0,1,0,0,0,0,0,0,0,0,0,0,1,0,0,0
2408,0,0,0,0,1,0,0,0,0,0,0,0,0,0,0,1,0,0,0
2409,1,0,0,0,0,0,0,1,0,0,0,0,0,0,0,0,0,0,0
2410,1,0,0,0,0,0,0,1,0,0,0,0,0,0,0,0,0,0,0
2411,1,0,0,0,0,0,0,1,0,0,0,0,0,0,0,0,0,0,0
2412,1,0,0,0,0,0,0,1,0,0,0,0,0,0,0,0,0,0,0
2413,0,0,0,0,1,1,0,0,0,0,0,0,0,1,0,0,1,0,0
2414,1,1,0,1,0,0,0,0,1,0,0,0,0,1,0,0,1,0,0
2416,0,0,0,0,1,0,0,0,0,0,0,0,0,0,0,0,0,0,0
2420,0,0,0,0,0,0,0,1,0,0,0,0,0,0,0,0,0,0,0
2421,1,1,0,0,0,0,0,1,0,0,0,0,0,0,0,0,0,0,0
2422,1,1,0,1,0,0,0,1,0,0,0,0,0,0,0,0,0,0,0
2423,0,0,0,0,1,0,0,0,0,0,0,0,0,0,0,0,0,0,0
2424,0,0,0,0,1,0,0,0,0,0,0,0,0,0,1,0,0,0,0
2427,1,0,0,0,0,0,0,1,0,0,0,0,0,0,0,0,0,1,0
2428,0,0,0,0,0,0,0,0,0,0,1,0,0,0,0,1,0,0,0
2429,1,1,0,0,0,0,0,1,1,0,0,0,0,0,0,0,1,0,0
2431,0,0,0,0,1,0,0,1,0,0,0,0,0,0,0,0,0,0,0
2432,0,0,0,0,0,0,0,1,0,0,0,0,0,0,0,0,0,0,0
2433,0,0,0,0,0,0,0,1,0,0,0,0,0,0,0,0,0,0,0
2439,0,0,0,0,0,0,0,1,0,0,0,0,0,0,0,0,0,0,0
2442,0,0,0,0,0,0,0,1,0,0,0,0,0,0,0,0,0,0,0
2447,0,0,0,0,1,0,0,1,0,0,0,0,0,0,0,0,0,0,0
2448,0,0,0,0,0,0,0,0,0,0,1,0,0,0,0,1,0,0,0
2450,0,1,0,0,1,0,0,0,0,0,0,0,0,0,0,1,0,0,0
2453,0,0,0,0,0,0,0,1,1,0,0,0,0,0,0,0,0,0,0
2454,0,0,0,0,0,0,0,0,0,0,1,0,0,1,0,1,0,0,0
2455,0,0,0,0,0,0,0,1,0,0,1,0,0,0,0,1,1,0,0
2456,0,0,0,0,0,0,0,0,0,0,1,0,0,0,0,1,0,0,0
2457,1,0,0,0,1,0,0,0,0,0,0,0,0,0,0,0,0,0,0
2458,0,0,0,0,1,1,0,0,0,0,0,0,0,0,0,0,0,0,0
2459,0,0,0,0,0,0,0,0,0,0,1,0,0,0,0,0,0,0,0
2463,0,0,0,0,1,0,0,0,0,0,0,0,0,0,0,0,0,0,0
2467,0,0,0,0,0,1,0,1,0,0,0,0,0,1,0,0,1,0,0
2468,1,0,0,0,1,0,0,0,0,0,0,0,0,0,1,0,1,0,0
2469,0,0,0,0,1,0,0,1,0,0,0,0,0,0,0,0,0,0,0
2470,0,1,0,0,1,0,0,0,0,0,0,0,0,0,0,0,0,0,0
2471,1,1,0,0,1,0,0,0,0,0,0,0,0,0,0,0,0,0,0
2473,0,0,0,0,1,0,0,0,0,0,0,0,0,0,0,0,0,0,0
2474,0,0,0,0,0,0,0,1,0,0,0,0,0,0,0,0,0,0,0
2476,1,0,0,0,0,0,0,0,0,0,0,0,0,0,0,0,0,1,0
2478,0,0,0,0,1,0,0,0,0,0,0,0,0,0,0,0,0,0,1
2485,0,0,0,0,1,0,0,0,0,0,0,0,0,0,1,0,0,0,0
2488,0,0,0,0,0,0,0,1,0,0,1,0,0,0,0,0,1,0,0
2490,1,0,0,0,0,0,0,0,0,0,0,0,0,0,0,0,1,0,0
2495,0,0,1,0,0,0,0,0,0,0,0,0,0,0,0,1,0,0,0
2496,0,0,0,0,1,0,0,0,0,0,0,0,0,0,1,0,0,0,0
2497,0,0,0,0,0,0,0,0,0,0,0,0,0,0,1,0,0,0,0
2500,0,0,0,0,1,0,0,0,0,0,0,0,0,0,0,0,0,0,0
2501,0,0,0,0,0,0,0,1,0,0,0,0,0,0,0,0,0,0,0
2502,0,0,0,0,1,1,0,0,0,0,0,0,0,0,0,0,0,0,0
2504,0,0,0,0,1,0,0,1,0,0,0,0,0,0,0,0,0,0,0
2505,0,0,0,0,0,0,0,1,0,0,0,0,0,1,0,0,1,0,0
2506,0,0,0,0,1,0,0,1,0,0,0,0,0,0,1,0,0,0,0
2511,0,0,0,0,0,1,0,0,0,1,0,0,0,0,0,0,0,0,0
2513,0,0,0,0,0,0,0,0,0,0,1,0,0,0,0,0,0,0,0
2514,0,0,0,0,1,0,0,0,0,0,1,0,0,0,0,0,0,0,0
2517,0,0,0,0,0,0,0,0,0,0,1,0,0,0,0,0,0,0,0
2518,0,0,0,0,1,0,0,0,0,0,0,0,0,0,0,0,0,0,0
2519,0,0,0,0,0,0,0,1,0,0,1,0,0,0,0,0,1,0,0
2520,0,0,0,0,0,0,0,1,0,0,0,0,0,0,0,0,0,0,0
2524,1,1,0,0,0,0,0,1,0,0,0,0,0,0,0,0,1,0,0
2527,1,0,0,0,0,0,0,0,0,0,0,0,0,0,0,1,1,0,1
2528,1,1,0,0,0,0,0,0,0,0,0,0,0,0,0,1,0,0,0
2529,1,0,0,0,0,0,0,1,0,0,0,0,0,0,0,1,0,0,0
2530,1,0,0,0,0,0,0,0,0,0,0,0,0,0,0,1,0,0,0
2531,1,0,0,0,0,0,0,0,0,0,0,0,0,0,0,1,0,0,0
2532,1,0,0,0,0,0,0,0,0,0,0,0,0,0,0,1,0,0,0
2533,1,0,0,0,0,0,0,0,0,0,0,0,0,0,0,1,0,0,0
2539,0,0,0,0,1,0,0,0,0,0,0,0,0,0,0,0,0,0,0
2540,1,0,0,0,0,1,0,1,0,0,0,0,0,0,0,0,1,0,0
2541,0,0,0,0,0,0,0,1,0,0,0,0,0,0,0,0,0,0,0
2542,0,0,0,0,1,1,0,0,0,0,0,0,0,0,0,0,1,0,0
2549,1,0,0,0,0,0,0,0,0,0,0,0,0,0,0,1,0,0,0
2550,0,0,0,0,0,0,0,0,0,0,1,0,0,0,0,0,1,0,0
2551,0,0,0,0,0,0,0,1,0,0,1,0,0,0,0,0,1,0,0
2553,0,0,0,0,0,0,0,0,0,0,1,0,0,0,0,1,1,0,0
2555,0,0,0,0,1,0,0,0,0,0,0,0,0,0,0,0,0,0,0
2558,0,0,0,0,1,0,0,0,0,0,0,0,0,0,1,0,0,0,0
2560,0,0,0,0,0,0,0,0,0,0,1,0,0,0,0,0,1,0,0
2561,0,0,0,0,0,1,0,0,0,0,0,0,0,0,0,0,1,0,0
2565,0,0,0,0,0,0,0,1,0,0,0,0,1,0,1,0,0,0,0
2567,0,0,0,0,1,0,0,0,0,0,0,0,0,0,0,0,0,0,0
2568,1,0,0,0,0,1,0,0,0,0,0,0,0,0,0,0,0,0,0
2571,1,0,0,0,0,0,0,0,0,0,0,0,0,0,0,1,1,0,0
2572,0,0,0,0,1,0,0,0,0,0,0,0,0,0,1,0,0,0,0
2574,0,0,0,0,1,0,0,0,0,0,0,0,0,0,0,0,0,0,0
2579,0,0,0,0,0,1,0,0,0,0,0,0,0,1,0,0,1,0,0
2580,0,0,0,0,1,1,0,0,0,0,0,0,0,0,0,0,0,0,0
2581,0,0,0,0,1,0,0,0,0,0,0,0,0,0,1,0,0,0,0
2583,0,0,0,0,1,0,0,1,0,0,0,0,0,0,0,0,0,0,0
2587,0,0,0,0,1,1,0,1,0,0,0,0,0,0,0,0,0,0,0
2594,0,0,0,0,0,0,0,1,0,0,0,0,0,0,1,1,1,0,0
2596,0,0,0,0,1,0,0,1,0,0,0,0,0,0,0,0,0,0,0
2598,0,0,0,0,1,0,0,0,0,0,0,0,0,0,0,0,0,0,0
2599,0,0,0,0,1,0,0,0,0,0,0,0,0,0,0,0,0,0,0
2600,1,0,0,0,0,0,0,0,0,0,0,0,0,0,0,1,1,0,0
2605,0,0,0,0,0,1,0,0,0,0,0,0,0,0,0,0,1,0,0
2606,0,0,0,0,1,0,0,0,0,0,1,0,0,0,0,0,0,0,0
2611,0,0,0,0,0,0,0,1,0,0,0,0,0,0,0,0,0,0,0
2612,0,0,0,0,0,0,0,1,0,1,0,0,0,0,0,0,0,0,0
2613,0,0,0,0,1,0,0,0,0,0,1,0,0,0,0,1,0,0,0
2616,1,0,0,0,0,1,0,0,0,0,0,0,0,0,0,0,0,0,0
2617,1,1,0,0,1,0,0,0,1,0,1,0,0,0,0,0,1,0,0
2622,0,0,0,0,1,0,0,0,1,0,0,0,0,0,0,0,0,0,0
2628,1,1,0,0,0,0,0,0,0,0,0,0,0,0,0,1,0,0,0
2633,0,0,0,0,0,0,0,0,0,0,1,0,0,0,1,0,0,0,0
2639,0,0,0,0,0,0,0,1,0,0,0,0,0,0,0,0,0,0,0
2640,1,1,0,0,0,0,0,0,0,0,0,0,0,0,0,1,0,0,0
2641,1,0,0,0,0,0,0,0,0,0,0,0,0,0,0,1,0,0,0
2642,1,1,0,0,0,0,0,0,0,0,0,0,0,0,0,1,0,0,0
2643,1,1,0,0,0,0,0,0,0,0,0,0,0,0,0,1,0,0,0
2644,0,0,0,0,0,0,0,0,0,0,1,0,0,0,0,0,0,0,0
2648,0,0,0,0,0,0,0,1,0,0,1,0,0,0,0,1,0,0,0
2654,0,0,0,0,0,0,0,1,1,0,1,0,0,0,0,0,0,0,0
2657,0,0,0,0,1,0,0,0,0,0,1,0,1,0,0,1,0,0,0
2660,0,0,0,0,0,0,0,0,0,0,1,0,0,0,0,1,0,0,0
2662,1,0,0,0,0,0,0,1,0,0,0,0,0,0,0,1,0,0,0
2664,0,0,0,0,0,0,0,0,0,0,1,0,0,0,0,1,1,0,0
2668,0,0,0,0,0,0,0,0,0,0,1,0,0,0,0,1,0,0,0
2671,0,0,0,0,1,0,0,0,0,0,0,0,0,0,1,0,0,0,0
2672,0,0,0,0,0,0,0,1,0,0,0,0,0,0,0,1,1,0,0
2676,0,0,0,0,0,0,0,1,0,0,0,0,0,0,0,0,1,0,0
2677,0,0,0,0,0,0,1,0,0,0,0,0,1,0,0,0,0,0,0
2683,1,1,0,0,1,0,0,0,0,0,0,0,0,0,0,0,0,0,0
2686,0,0,0,0,0,0,0,1,0,0,0,0,0,1,0,0,0,0,0
2687,0,1,1,1,0,0,0,1,0,0,0,0,0,0,0,0,0,0,0
2688,0,0,0,0,0,1,0,1,0,0,0,0,0,1,0,0,1,0,0
2690,0,0,0,0,1,0,0,0,0,0,0,0,0,0,1,0,0,0,0
2692,1,0,0,0,0,1,0,0,0,0,0,0,0,0,0,0,0,0,0
2693,0,0,0,0,0,0,1,0,0,0,0,0,0,0,0,0,0,0,0
2694,0,0,0,0,1,0,0,0,0,0,0,0,0,0,0,0,0,0,0
2696,0,0,0,0,1,0,0,0,0,0,0,0,0,0,0,0,0,0,0
2699,0,0,0,0,1,0,0,0,0,0,1,0,0,0,0,0,0,0,0
2700,0,0,1,0,1,0,0,0,0,0,0,0,1,0,0,0,0,0,0
2701,1,0,0,0,1,0,0,0,0,0,0,0,0,0,0,1,0,0,1
2702,0,0,0,0,0,0,0,1,0,0,0,0,0,0,0,0,0,0,0
2706,0,0,0,0,1,0,0,0,0,0,0,0,0,0,1,0,0,0,0
2707,0,0,0,0,0,0,0,0,0,0,0,0,0,0,0,0,1,0,0
2709,0,0,0,1,1,0,0,0,0,0,0,0,0,0,0,0,0,0,0
2710,0,0,0,0,0,0,0,1,0,0,1,0,0,0,0,0,1,0,0
2712,0,0,0,0,0,0,0,1,0,0,0,0,0,1,0,0,1,0,0
2713,0,0,0,0,0,0,0,0,0,0,1,0,0,0,0,0,1,0,0
2716,1,0,0,0,1,0,0,0,0,0,0,0,0,0,0,1,0,0,0
2717,0,0,0,0,1,0,0,0,1,0,0,0,0,0,0,1,0,0,0
2718,0,0,0,0,1,0,0,0,0,0,0,0,0,0,0,0,0,0,0
2719,0,0,0,0,0,0,0,0,0,0,1,0,0,0,0,0,1,0,0
2720,1,1,0,1,1,0,0,0,0,0,0,0,0,0,0,0,0,0,0
2722,1,0,0,0,0,0,0,0,0,0,1,0,0,0,0,1,1,0,0
2723,1,0,0,0,1,0,0,0,1,0,0,0,0,0,0,0,0,0,0
2724,0,0,0,0,1,0,0,0,0,0,0,0,0,0,1,0,0,0,0
2726,0,0,0,0,0,1,0,0,0,1,0,0,0,0,0,0,0,0,0
2728,1,0,0,0,0,0,0,1,0,0,0,0,0,0,1,0,0,1,0
2729,0,0,0,0,0,0,0,1,0,0,0,0,0,0,1,0,0,0,0
2730,0,0,0,0,0,0,0,1,0,0,0,0,0,0,1,0,0,1,0
2731,0,0,0,0,0,1,0,1,0,0,0,0,0,0,0,0,0,0,0
2732,0,0,0,0,0,0,0,1,0,0,0,0,0,0,1,0,0,0,0
2734,0,1,0,0,0,0,0,1,0,0,0,0,0,0,0,0,1,0,0
2735,1,1,0,0,1,0,0,0,1,0,0,0,0,1,0,0,0,0,0
2736,0,0,0,0,1,0,0,0,0,0,0,0,0,0,0,0,0,0,0
2739,0,0,0,0,0,0,0,1,0,0,0,0,0,0,0,0,0,0,0
2745,0,0,0,0,0,0,0,1,0,0,0,0,0,0,0,0,0,0,0
2746,0,0,0,0,1,0,0,0,0,0,1,0,1,0,0,0,0,0,0
2747,0,0,0,0,1,0,0,0,0,0,1,0,0,0,0,0,0,0,0
2748,1,1,0,0,1,0,0,0,0,0,0,0,0,0,0,0,0,0,0
2750,0,0,0,0,1,0,0,1,0,0,0,0,0,0,0,0,0,0,0
2752,0,0,0,0,1,0,0,0,0,0,0,0,0,1,0,0,0,0,0
2759,0,0,0,0,1,0,0,0,0,0,0,0,0,0,0,0,0,0,0
2761,0,1,1,1,0,0,0,1,0,0,0,0,0,0,0,1,0,0,0
2762,0,0,0,0,0,0,0,1,0,0,1,0,0,1,0,0,0,0,0
2763,1,0,0,0,0,0,0,0,0,0,0,0,0,1,0,0,0,0,0
2764,0,0,0,0,0,1,0,1,0,0,0,0,0,0,1,0,1,0,0
2770,0,0,0,0,1,0,0,0,0,0,0,0,0,0,0,0,0,0,0
2771,0,0,0,0,0,0,0,1,0,0,0,0,0,0,0,0,0,0,0
2772,0,0,0,0,1,0,0,0,0,0,0,0,0,0,0,0,0,0,0
2779,0,0,0,0,1,0,0,0,0,0,0,0,0,0,0,0,0,0,0
2787,0,0,0,0,0,0,0,0,0,0,1,0,0,0,0,0,0,0,0
2788,0,0,0,0,1,0,0,0,0,0,0,0,0,0,0,0,0,0,0
2789,0,0,0,0,0,0,0,0,0,0,1,0,0,0,0,0,0,0,0
2791,0,0,0,0,1,0,0,0,0,0,0,0,0,0,0,0,0,0,0
2792,0,0,0,0,1,0,0,0,0,0,0,0,0,0,0,0,0,0,0
2793,0,0,0,0,1,0,0,0,0,0,1,0,0,0,1,0,1,0,0
2794,0,1,0,0,1,0,0,0,0,0,0,0,0,0,1,0,0,0,0
2795,0,0,0,0,1,0,0,0,0,0,0,0,0,0,0,0,0,0,0
2796,0,0,0,0,1,0,0,0,0,0,0,0,0,0,0,0,0,0,0
2797,0,0,0,0,1,0,0,1,1,0,0,0,0,0,1,0,0,0,0
2798,0,0,0,1,1,0,0,0,0,0,0,0,0,0,0,0,0,0,0
2799,0,0,0,0,1,0,0,0,0,0,0,0,0,0,0,0,0,0,0
2802,1,0,0,0,0,0,0,1,0,0,0,0,0,0,1,0,1,0,0
2803,0,0,0,0,0,1,0,1,0,0,0,0,0,1,1,0,1,0,0
2804,0,0,0,1,1,0,0,0,0,0,0,0,0,0,0,0,0,0,0
2805,0,0,0,0,1,0,0,0,0,0,0,0,0,0,1,0,0,0,0
2806,0,0,0,0,1,0,0,0,0,0,0,0,0,0,0,0,1,0,0
2807,1,0,0,0,0,0,0,0,0,0,0,0,0,0,0,1,0,0,0
2808,1,0,0,0,0,0,0,0,0,0,0,0,0,0,0,1,0,0,0
2810,0,0,1,0,0,0,0,0,0,0,1,0,0,1,0,0,1,0,0
2815,1,0,0,0,0,0,0,0,0,0,0,0,0,0,0,0,0,1,0
2819,0,0,0,0,0,0,0,1,0,0,0,0,0,1,1,0,1,0,0
2822,0,1,0,0,0,0,0,0,0,0,0,0,0,0,1,0,0,0,0
2826,1,1,0,0,0,0,0,0,1,0,0,0,0,0,0,0,0,0,0
2827,0,0,0,0,0,0,0,0,0,0,1,0,0,0,0,1,1,0,0
2829,0,0,0,0,1,0,0,0,0,0,0,0,0,0,0,0,0,0,0
2836,0,0,0,0,1,0,0,0,0,0,0,0,0,0,0,0,0,0,0
2840,0,0,0,0,0,0,0,1,0,0,0,0,0,0,0,0,1,0,0
2841,0,0,0,0,0,0,0,0,0,0,1,0,0,1,0,0,1,0,0
2843,0,0,0,0,1,0,0,0,0,0,0,0,0,0,1,0,0,0,0
2846,0,1,0,1,1,0,0,1,0,0,0,0,0,0,0,0,0,0,0
2852,0,0,0,0,0,0,0,1,0,0,0,0,0,0,0,0,0,0,0
2857,0,1,1,0,1,0,0,0,1,0,0,0,1,0,0,0,0,0,0
2858,0,0,0,0,0,0,0,1,0,0,0,0,0,0,1,0,0,0,0
2859,0,0,0,0,0,0,1,0,0,0,0,0,1,0,0,0,0,0,0
2860,0,0,0,0,1,0,0,0,0,0,0,0,0,0,0,0,0,0,0
2861,0,0,0,0,1,0,0,1,0,0,0,0,0,0,0,0,0,0,0
2862,0,0,0,0,0,0,0,1,0,0,0,0,0,0,0,0,0,0,0
2863,0,1,0,0,1,0,0,0,0,0,0,0,1,0,0,0,0,0,0
2866,0,0,0,0,0,0,0,1,0,0,0,0,0,0,0,0,0,0,0
2867,0,0,0,0,1,0,0,0,0,0,1,0,0,0,0,0,1,0,0
2870,0,0,0,0,1,0,0,0,0,0,0,0,0,0,0,0,0,0,0
2871,0,1,0,0,0,0,0,1,0,0,0,0,0,0,0,0,1,0,0
2872,0,1,0,0,0,0,0,0,1,0,0,0,0,0,0,0,0,0,0
2875,0,0,0,0,0,0,0,1,0,0,0,0,0,1,1,0,0,0,0
2877,0,0,0,0,0,0,0,0,0,0,0,0,1,0,0,0,0,0,0
2881,1,0,0,0,0,1,0,1,0,0,0,0,0,0,0,0,1,0,0
2883,0,0,0,0,1,0,0,1,0,0,0,0,0,0,0,0,0,0,0
2889,0,0,0,0,1,0,0,1,0,0,0,0,0,0,0,0,0,0,0
2890,1,1,0,0,1,0,0,1,0,0,0,0,0,0,0,0,0,1,0
2891,0,0,0,0,1,0,0,0,0,0,0,0,0,0,0,0,0,0,0
2901,0,0,0,0,0,0,0,0,0,0,1,0,0,0,0,1,0,0,0
2902,0,0,0,0,0,0,0,0,0,0,1,0,0,1,0,0,1,0,0
2905,1,1,0,0,0,0,0,1,0,0,0,0,0,0,0,0,0,0,0
2906,0,0,0,0,0,0,0,1,0,0,0,0,0,0,1,0,0,0,0
2907,0,0,0,0,1,0,0,0,0,0,0,0,0,0,0,0,0,0,0
2908,0,0,0,0,0,0,0,1,0,0,0,0,0,0,0,0,0,0,0
2912,0,0,0,0,0,1,0,1,0,0,0,0,0,0,0,0,1,0,0
2915,0,0,0,0,1,0,0,0,0,0,0,0,0,0,0,0,0,0,0
2916,1,1,0,0,0,0,0,0,0,0,0,0,0,0,0,1,1,0,0
2917,0,0,0,0,0,1,0,0,0,0,0,0,0,0,0,0,1,0,0
2918,0,0,0,0,1,0,0,0,0,0,0,0,0,0,0,0,0,0,0
2919,0,0,0,0,0,0,0,1,0,0,0,0,0,0,1,0,0,1,0
2921,0,0,0,0,0,0,0,0,0,0,0,0,0,0,0,0,0,0,1
2922,0,0,0,0,0,1,0,1,0,0,0,0,0,0,0,0,0,0,1
2924,1,0,0,0,1,0,0,0,0,0,0,0,0,0,0,0,0,0,0
2926,0,0,0,0,1,0,0,1,0,0,0,0,0,0,0,0,0,0,0
2927,0,0,0,0,0,0,0,1,0,0,0,0,0,0,1,0,0,0,0
2929,0,0,0,0,0,0,0,1,0,0,0,0,0,0,1,0,0,0,0
2932,0,0,0,0,0,0,0,1,0,0,0,0,0,0,0,0,0,0,0
2935,0,0,0,0,1,0,0,0,0,0,0,0,0,0,1,0,0,0,0
2936,0,1,0,0,1,0,0,0,0,0,0,0,0,0,1,0,0,0,0
2940,0,0,0,0,0,0,0,1,0,1,0,0,0,1,1,0,0,0,0
2941,0,0,0,0,0,0,0,0,0,0,0,0,1,0,1,0,0,1,0
2942,0,0,0,0,0,0,0,1,0,0,0,0,0,0,1,0,0,0,0
2944,1,0,0,0,0,0,0,1,0,0,0,0,0,0,0,0,0,1,0
2946,0,0,0,0,1,0,0,0,0,0,0,0,1,0,0,0,0,0,0
2947,1,1,0,0,0,0,0,0,0,0,0,0,0,0,0,0,1,0,0
2948,1,1,0,0,0,0,0,0,0,0,0,0,0,0,0,0,1,0,0
2949,1,1,0,0,0,0,0,0,0,0,0,0,0,0,0,0,1,0,0
2950,0,1,0,0,0,0,0,1,0,0,0,0,0,0,1,0,0,0,0
2951,1,0,0,0,0,0,0,0,0,0,0,0,0,0,0,0,0,0,1
2952,0,0,0,0,0,1,0,1,0,0,0,0,0,0,0,0,1,0,0
2953,0,0,0,1,1,0,0,0,0,0,0,0,0,0,0,0,0,0,0
2956,1,0,0,0,0,1,0,0,0,0,0,0,0,0,0,0,1,0,0
2959,1,0,0,0,0,1,0,1,0,0,0,0,0,0,0,0,1,0,0
2961,0,0,0,0,1,0,0,1,0,0,0,0,0,0,0,0,0,0,0
2966,0,1,0,0,0,0,0,1,0,0,0,0,0,0,0,0,0,0,0
2968,0,1,0,0,1,0,0,0,1,0,0,0,0,0,0,1,0,0,0
2970,0,1,0,0,0,0,0,1,0,0,0,0,0,0,0,0,0,0,0
2971,0,0,0,0,0,0,0,1,1,0,0,0,1,0,0,0,0,0,0
2973,0,0,0,0,1,1,0,1,0,0,0,0,0,0,0,0,0,0,0
2976,0,0,0,0,0,0,0,1,0,0,0,0,0,0,0,0,0,0,0
2978,0,0,0,0,1,0,0,0,0,0,0,0,0,0,1,0,0,0,0
2985,1,0,0,0,0,1,0,1,0,0,0,0,0,0,0,1,1,0,0
2986,1,0,0,0,0,1,0,0,0,0,0,0,0,0,0,1,1,0,0
2987,0,1,1,1,1,1,0,0,1,0,0,0,0,1,0,0,0,0,0
2989,1,1,0,0,0,0,0,0,0,0,0,0,0,0,0,0,1,0,0
2990,1,1,0,0,0,0,0,0,0,0,0,0,0,0,0,0,1,0,0
2991,1,1,0,0,0,0,0,0,0,0,0,0,0,0,0,0,1,0,0
2993,1,1,0,0,0,0,0,0,0,0,0,0,0,0,0,0,1,0,0
2995,0,0,0,0,0,0,0,0,0,0,1,0,0,0,0,0,1,0,0
2997,0,0,0,0,1,0,0,1,1,0,0,0,0,0,0,0,0,0,0
3000,1,1,1,0,0,0,0,1,1,0,0,0,0,0,0,0,0,0,0
3004,0,0,0,0,1,0,0,0,0,0,0,0,0,0,1,0,0,0,0
3005,0,0,0,0,0,0,0,0,0,0,0,0,0,0,0,0,1,0,0
3006,0,0,0,0,0,0,0,1,0,0,0,0,0,0,0,0,1,0,0
3007,0,0,0,0,0,0,1,0,0,0,0,0,0,0,0,0,0,0,0
3011,0,0,0,0,0,0,0,1,0,0,0,0,0,0,0,0,0,0,0
3015,0,0,0,0,0,0,0,0,0,0,0,0,0,0,0,0,1,0,0
3016,0,0,0,0,0,0,0,0,0,0,1,0,0,0,0,0,0,0,0
3018,0,0,0,0,1,0,0,0,0,0,1,0,0,0,0,1,0,0,0
3019,0,0,0,0,0,1,0,1,0,0,0,0,0,0,0,0,0,0,0
3020,1,0,0,0,0,0,0,1,0,0,0,0,0,0,0,0,0,0,0
3022,0,0,0,0,1,0,0,0,0,0,0,0,0,0,0,0,0,1,0
3024,0,0,0,0,0,0,0,0,0,0,1,0,0,0,0,1,0,0,0
3030,1,1,0,0,0,0,0,0,0,0,0,0,0,0,0,0,0,0,0
3032,1,0,0,0,0,0,0,1,0,0,0,0,0,0,0,1,1,0,0
3033,0,0,0,0,1,0,0,0,0,0,0,0,0,0,0,1,0,0,0
3034,0,1,1,1,1,0,0,0,0,0,0,0,1,0,0,0,0,0,0
3035,0,0,0,0,1,0,0,1,0,0,0,0,0,0,0,0,0,1,0
3036,0,1,0,0,0,0,0,1,0,0,0,0,0,0,0,0,0,0,0
3037,0,0,0,0,0,0,0,0,0,0,0,0,0,0,0,0,0,0,1
3039,0,0,0,0,1,0,0,0,0,0,0,0,0,0,0,0,0,0,0
3040,0,0,0,0,1,0,0,0,0,0,0,0,0,0,0,0,0,0,0
3044,0,0,0,0,0,0,0,0,0,0,0,0,0,1,1,0,1,0,0
3052,0,1,0,0,1,0,0,0,1,0,0,0,0,0,0,0,0,0,0
3053,0,0,0,0,0,0,0,1,0,0,0,0,0,0,0,0,0,1,0
3054,0,1,1,1,0,0,0,0,1,0,0,0,0,0,0,1,0,0,0
3060,0,0,0,0,1,0,0,1,0,0,0,0,1,0,0,0,0,0,0
3061,0,0,0,0,1,0,0,0,0,0,0,0,1,0,0,0,0,0,0
3062,1,0,0,0,0,0,0,1,0,0,0,0,0,0,0,0,0,1,0
3063,0,0,0,0,0,0,0,1,0,0,0,0,0,0,0,0,1,0,0
3066,1,0,0,0,0,0,0,1,0,0,0,0,0,0,0,0,0,1,0
3067,0,0,0,0,1,0,0,1,0,0,0,0,0,0,0,0,0,0,0
3068,0,0,0,0,0,0,0,1,0,0,0,0,0,1,0,0,0,0,0
3070,0,1,0,0,1,0,0,0,0,0,0,0,0,0,0,1,0,0,0
3071,0,0,0,0,1,0,0,1,0,0,0,0,0,0,0,0,0,0,0
3072,0,0,0,0,1,0,0,0,0,0,0,0,0,0,1,0,0,0,0
3074,0,0,0,0,0,0,0,0,0,0,0,0,0,0,0,0,0,0,1
3075,0,0,0,0,0,0,0,1,0,0,1,0,0,0,0,0,0,0,0
3079,0,0,0,0,1,0,0,1,0,0,0,0,0,0,1,0,0,0,0
3081,0,0,0,0,0,0,0,0,1,0,1,0,0,1,1,0,0,0,0
3082,1,1,0,0,0,0,0,0,0,0,0,0,0,0,0,0,1,0,0
3083,0,0,0,0,0,0,0,1,0,0,0,0,0,0,0,0,0,0,0
3087,0,0,0,0,1,0,0,0,1,0,0,0,0,0,1,0,0,0,0
3088,0,0,0,0,1,0,0,0,1,0,0,0,0,0,0,0,0,0,0
3089,0,0,0,0,0,0,0,1,0,0,0,0,0,0,0,0,0,0,0
3090,0,0,0,0,0,0,0,1,0,0,0,0,0,0,0,0,0,0,0
3091,0,0,0,0,0,0,0,1,0,0,0,0,0,0,0,0,0,1,0
3093,0,0,0,0,0,0,0,1,0,0,0,0,0,0,0,0,0,0,1
3095,0,0,0,0,0,0,0,1,0,0,0,0,0,0,0,0,0,0,0
3097,0,0,0,0,1,0,0,1,0,0,0,0,0,0,1,0,0,0,0
3098,0,0,0,0,0,0,0,1,0,0,0,0,0,0,0,0,0,0,0
3099,0,0,0,0,1,0,0,1,0,0,0,0,0,0,1,0,0,0,0
3100,0,0,0,0,0,0,0,1,0,0,0,0,0,0,0,0,0,0,0
3101,0,0,0,0,0,0,0,1,0,0,0,0,0,0,0,0,1,0,0
3102,0,0,0,0,0,1,0,0,0,0,0,0,0,0,1,0,1,0,0
3104,1,0,0,0,1,1,0,0,0,0,0,0,0,0,0,0,1,0,0
3105,0,0,0,0,0,0,0,1,0,0,0,0,0,1,0,0,0,0,0
3107,1,0,0,0,0,0,0,1,0,0,0,0,0,0,0,0,0,0,0
3108,0,0,0,0,1,0,0,1,1,0,0,0,0,0,1,0,0,0,0
3111,0,0,0,0,0,0,0,1,0,0,0,0,0,0,0,0,0,0,0
3113,1,0,0,0,0,0,0,0,1,0,1,0,0,1,0,0,1,0,0
3114,0,1,1,1,1,0,0,0,1,0,0,0,0,0,0,0,0,0,0
3120,0,0,0,0,1,0,0,0,0,0,0,0,0,0,0,0,0,0,0
3125,0,0,0,0,0,0,0,1,0,0,0,0,0,0,0,0,0,0,0
3129,0,0,0,0,1,0,0,1,0,0,0,0,0,0,0,0,0,0,0
3130,0,0,0,0,1,1,0,1,0,0,0,0,0,0,0,0,0,0,0
3134,0,0,0,0,0,0,0,1,0,0,0,0,0,0,0,0,0,1,0
3135,0,0,0,0,0,0,0,1,0,0,0,0,0,0,0,0,0,0,0
3142,0,0,0,0,0,0,1,0,0,0,0,0,1,0,0,0,0,0,0
3145,0,0,0,0,0,0,0,1,0,0,0,0,0,0,0,0,0,0,0
3146,0,0,0,0,1,0,0,0,0,0,0,0,0,0,0,0,0,0,0
3147,0,0,0,0,0,1,0,1,0,0,0,0,0,0,0,0,0,0,0
3148,0,0,0,0,0,0,0,1,0,0,0,0,0,0,0,0,0,0,0
3152,0,0,0,0,0,0,0,1,0,0,0,0,0,0,0,0,0,0,0
3153,1,1,0,0,0,0,0,0,1,0,0,0,0,0,0,0,0,0,0
3155,0,0,0,0,0,0,0,1,0,0,0,0,0,0,1,0,0,0,0
3156,0,0,0,0,0,0,0,1,0,0,0,0,0,0,1,1,0,0,0
3157,0,0,0,1,1,0,0,0,1,0,0,0,0,0,0,0,0,0,0
3159,0,0,1,1,0,0,0,0,0,0,0,1,1,0,0,0,0,0,0
3160,0,0,0,0,0,0,0,1,0,0,0,0,0,0,0,0,0,0,0
3163,0,0,0,0,1,0,0,1,0,0,0,0,1,0,0,0,0,0,0
3167,0,0,0,0,1,0,0,1,0,0,0,0,0,0,0,0,0,0,0
3168,0,1,0,0,0,0,0,1,0,0,0,0,0,0,0,0,0,0,0
3169,0,0,0,0,0,1,0,1,0,0,0,0,0,0,0,0,1,0,0
3173,0,0,0,0,0,0,0,1,0,0,0,0,0,0,0,0,0,0,0
3174,0,0,0,0,1,0,0,1,0,0,0,0,0,0,0,0,0,0,0
3175,0,1,0,0,1,0,0,0,0,0,0,0,0,0,0,1,0,0,0
3176,0,0,0,0,0,0,0,1,0,0,0,0,0,1,0,0,1,0,0
3177,0,0,0,0,1,0,0,0,0,0,0,0,0,0,0,0,0,0,0
3178,0,0,0,0,0,0,0,1,0,0,0,0,0,0,0,0,0,0,0
3179,0,0,0,0,0,0,0,1,0,0,0,0,0,0,0,0,0,0,0
3181,0,0,0,0,0,0,0,1,0,0,0,0,0,0,0,0,0,0,0
3185,0,0,0,0,0,0,0,1,0,0,0,0,0,0,0,0,0,0,0
3186,0,0,0,0,0,0,0,1,0,0,0,0,0,0,0,0,0,0,0
3189,0,0,0,1,0,0,0,1,0,0,0,0,0,0,0,0,0,0,0
3190,0,1,0,0,0,0,0,0,0,0,0,0,0,0,0,1,1,0,0
3194,0,0,0,0,0,0,0,1,0,0,0,0,0,0,1,0,0,0,0
3196,0,0,0,0,0,0,0,1,0,0,0,0,0,0,0,0,0,1,0
3197,1,0,0,0,0,1,0,0,0,0,0,0,0,0,1,0,1,0,0
3198,0,0,0,0,0,1,0,1,0,0,0,0,0,0,0,0,0,0,0
3200,0,0,0,0,1,0,0,1,0,0,0,0,0,0,0,0,0,0,0
3201,0,0,0,0,0,0,0,1,0,0,0,0,0,0,0,0,0,0,0
3203,0,0,0,0,0,0,0,0,0,0,0,0,0,0,0,0,1,0,0
3204,1,0,0,0,0,0,0,0,0,0,0,0,0,1,0,0,1,0,0
3208,1,0,0,0,1,0,0,0,0,0,0,0,0,0,0,0,0,0,0
3210,0,0,0,0,1,0,0,1,0,0,0,0,0,0,1,0,0,0,0
3213,0,0,1,1,0,0,0,0,0,0,0,0,0,0,0,0,0,0,0
3219,0,0,0,0,0,0,0,0,0,0,0,0,0,1,0,0,1,0,0
3238,0,0,0,0,0,0,0,0,0,0,0,0,0,0,0,0,1,0,0
3243,0,0,0,0,1,0,0,0,0,0,0,0,0,0,0,0,0,0,0
3244,0,0,0,0,1,0,0,0,0,0,0,0,0,0,1,0,0,0,0
3246,0,0,0,0,0,0,0,1,0,0,0,0,0,0,0,0,0,0,0
3247,0,0,0,0,1,1,0,0,0,0,0,0,0,0,0,0,0,0,0
3248,0,0,0,0,1,0,0,0,0,0,0,0,0,0,0,0,0,0,0
3249,0,0,0,0,0,0,0,1,0,0,0,0,0,0,0,0,1,0,0
3250,0,0,0,0,0,0,0,1,0,0,0,0,0,0,0,0,0,0,0
3251,0,0,0,0,0,0,0,1,0,0,0,0,0,1,0,0,0,0,0
3252,0,0,0,0,0,0,0,1,0,0,0,0,0,0,0,0,0,0,0
3253,0,0,0,0,1,0,0,0,0,0,0,0,0,0,0,0,0,0,0
3254,0,0,0,0,1,0,0,0,0,0,0,0,0,0,0,0,0,0,0
3255,0,0,0,0,1,0,0,1,0,0,0,0,0,0,0,0,0,0,0
3256,1,0,0,0,0,1,0,1,0,0,0,0,0,0,0,0,1,0,0
3257,0,0,0,0,0,0,0,1,0,0,0,0,0,0,1,0,1,0,0
3258,0,0,0,0,1,0,0,0,1,0,0,0,0,0,0,0,0,0,0
3259,0,1,0,0,0,0,0,1,0,0,0,0,0,0,1,0,0,0,0
3260,0,0,0,0,0,0,0,1,0,0,0,0,0,0,0,0,0,0,0
3261,0,0,0,0,1,0,0,1,0,0,0,0,0,0,1,0,0,0,0
3262,0,0,0,0,0,1,0,1,0,0,0,0,0,1,0,0,1,0,0
3263,0,0,0,0,1,0,0,1,0,0,0,0,0,0,0,0,0,0,0
3264,1,0,0,0,1,0,0,0,0,0,1,0,0,0,0,0,0,0,0
3265,1,0,0,0,0,1,0,1,0,0,0,0,0,0,0,0,1,0,0
3266,0,0,0,0,1,1,0,1,0,0,0,0,0,0,0,0,1,0,0
3267,1,0,0,0,0,1,0,0,0,0,0,0,0,0,0,0,1,0,1
3268,1,0,0,0,1,0,0,0,0,0,0,0,0,0,0,0,0,0,0
3269,0,0,0,0,0,0,0,1,0,0,0,0,0,0,1,1,0,0,0
3270,0,0,0,0,1,0,0,1,0,0,0,0,0,0,1,0,0,0,0
3271,0,0,0,0,0,0,0,1,0,0,0,0,0,0,0,0,0,0,0
3272,0,0,0,0,0,1,0,1,0,0,0,0,0,0,0,0,0,0,0
3273,0,0,0,0,1,0,0,0,0,0,1,0,0,1,0,0,1,0,0
3274,0,0,0,0,0,0,0,1,0,0,0,0,0,0,0,0,1,0,0
3275,1,0,0,0,0,1,0,1,0,0,0,0,0,0,0,0,1,0,0
3285,0,1,0,0,0,0,0,1,0,0,0,0,0,0,0,0,0,0,0
3296,0,0,0,0,0,0,0,1,0,0,0,0,0,0,0,0,0,0,0
3298,0,0,0,0,0,1,0,1,0,0,0,0,0,0,0,0,1,0,0
3300,0,0,0,0,0,0,0,0,0,0,1,0,0,0,0,1,1,0,0
3301,0,0,0,0,1,1,0,0,0,0,0,0,0,0,0,0,0,0,0
3307,0,0,0,0,1,0,0,1,0,0,0,0,0,0,1,0,0,0,0
3308,0,0,0,0,1,0,0,1,0,0,0,0,0,0,0,0,0,0,0
3310,0,0,0,0,1,0,0,1,0,0,0,0,0,0,0,0,0,0,0
3316,1,0,0,0,0,0,0,0,0,0,0,0,0,0,0,0,1,0,0
3317,0,0,0,0,1,0,0,1,0,0,0,0,0,0,0,0,0,0,0
3324,0,0,0,0,1,0,0,0,0,0,0,0,0,0,0,0,0,0,0
3328,0,0,0,0,0,1,0,1,0,0,0,0,0,0,0,0,0,0,0
3334,0,0,0,0,0,1,0,1,0,1,0,0,0,0,0,0,1,0,0
3342,0,0,0,0,0,0,0,1,0,0,0,0,0,0,0,0,0,1,0
3347,0,1,0,0,0,0,0,1,0,0,0,0,0,0,0,0,0,0,0
3354,0,0,0,0,0,0,0,0,0,0,0,0,0,0,0,1,0,0,0
3355,0,0,0,0,0,0,0,0,1,0,1,0,0,1,0,0,1,0,0
3358,0,0,0,0,1,0,0,1,1,0,0,0,0,0,1,0,0,0,0
3359,0,0,0,0,1,0,0,1,0,0,0,0,0,0,0,0,0,0,0
3360,0,0,0,0,0,0,0,1,0,0,0,0,0,0,1,0,0,0,0
3361,0,0,0,0,1,0,0,1,0,0,0,0,0,0,1,0,0,0,0
3362,0,0,0,0,0,1,0,1,0,0,0,0,0,0,0,0,0,0,0
3363,0,0,0,0,1,0,0,1,0,0,0,0,0,0,0,0,0,0,0
3364,0,0,0,0,0,1,0,0,0,1,0,0,0,0,0,0,0,0,0
3365,0,0,0,0,0,0,0,1,0,0,0,0,0,0,0,0,0,0,1
3384,1,0,0,0,0,1,0,0,0,0,0,0,0,0,0,0,0,0,0
3386,0,0,0,0,0,0,0,1,0,0,0,0,0,1,0,0,1,0,0
3387,0,0,0,0,1,0,0,0,0,0,0,0,0,1,0,0,0,0,0
3388,0,0,0,1,1,0,0,0,0,0,0,0,0,0,0,0,0,0,0
3392,0,0,0,0,1,0,0,0,0,0,0,0,0,0,0,0,0,0,0
3394,0,0,0,0,1,0,0,0,0,0,0,0,0,0,1,0,0,0,0
3396,0,1,0,1,1,0,0,0,0,0,0,0,1,0,0,0,0,0,0
3397,0,0,0,1,1,0,0,0,0,0,0,0,0,0,0,0,0,0,0
3398,0,0,0,1,1,0,0,0,0,0,0,0,1,0,0,0,0,0,0
3408,0,0,0,0,0,0,0,1,0,0,0,0,0,0,0,0,0,0,0
3409,0,0,0,0,0,0,0,1,0,0,0,0,0,0,0,0,1,0,0
3412,0,1,0,1,0,0,0,1,0,0,0,0,0,0,0,0,0,0,0
3418,0,1,0,0,0,1,0,1,0,0,0,0,0,0,0,0,0,0,0
3420,0,0,0,0,0,0,0,1,0,0,0,0,0,0,0,0,1,0,0
3421,0,0,0,0,1,0,0,0,0,0,0,0,0,0,0,0,0,0,0
3422,0,0,0,0,1,0,0,0,0,0,0,0,0,0,1,0,0,0,0
3424,0,0,0,0,0,0,0,1,0,0,0,0,0,0,0,0,0,0,0
3426,0,0,0,0,0,0,0,1,0,0,0,0,0,0,1,0,0,0,0
3429,0,0,1,0,1,0,0,0,0,0,0,0,0,0,0,0,0,0,0
3430,1,0,0,0,0,1,0,1,0,0,0,0,0,0,0,0,0,0,0
3435,0,0,0,0,0,1,0,1,0,1,0,0,0,0,0,0,0,0,0
3438,1,0,0,1,1,0,0,0,1,0,0,0,0,0,0,1,0,0,0
3439,1,0,0,1,0,0,0,0,1,0,0,0,0,0,0,0,0,0,0
3440,1,1,0,1,1,0,0,0,1,0,0,0,0,0,0,0,0,0,0
3441,1,0,0,0,0,0,0,1,0,0,0,0,0,0,0,0,0,1,0
3444,1,0,0,0,0,0,0,0,0,0,0,0,0,0,0,0,0,0,0
3448,0,0,0,0,1,0,0,1,0,0,0,0,0,0,0,0,0,1,0
3450,0,0,0,0,1,0,0,0,0,0,0,0,0,0,0,0,0,0,0
3451,0,0,0,0,0,0,0,1,0,0,0,0,0,0,0,0,0,0,0
3452,1,0,0,0,0,1,0,0,0,0,0,0,0,0,1,0,1,0,0
3461,0,1,0,0,0,0,0,1,0,0,0,0,0,0,0,0,1,0,0
3462,0,0,0,0,1,0,0,1,0,0,0,0,0,0,1,0,0,0,0
3466,0,0,0,0,1,0,0,0,1,0,0,0,0,0,0,0,0,0,0
3467,0,0,0,0,0,0,0,1,0,0,0,0,0,0,0,0,0,0,1
3468,0,0,0,0,0,0,0,1,0,0,0,0,0,0,0,0,0,0,0
3469,0,0,0,0,0,0,0,1,0,0,0,0,0,0,0,0,0,0,0
3471,0,1,0,0,0,0,0,1,0,0,0,0,0,0,0,1,0,0,0
3476,0,0,0,0,0,0,0,0,0,0,1,0,0,1,0,0,0,0,0
3477,0,0,0,0,1,0,0,1,0,0,0,0,0,0,0,0,0,0,0
3478,0,0,0,0,0,0,0,1,0,0,0,0,0,0,0,0,0,0,0
3479,0,1,0,0,0,0,0,0,1,0,0,0,0,0,1,0,0,0,0
3480,0,0,0,0,0,0,0,1,0,0,0,0,0,0,1,0,0,0,0
3481,0,0,0,0,1,0,0,1,0,0,0,0,0,0,1,0,0,0,0
3483,0,0,1,1,0,0,0,0,0,0,0,0,0,0,0,0,0,0,0
3484,0,0,0,0,0,0,0,0,0,0,0,0,0,0,0,0,1,0,0
3489,0,1,0,0,1,0,0,0,1,0,0,0,0,0,0,0,0,0,0
3494,0,1,0,0,0,0,0,1,0,0,0,0,0,0,0,0,0,0,1
3498,0,0,0,0,0,0,0,1,0,0,0,0,0,0,0,0,0,0,0
3499,0,0,0,0,0,0,0,1,0,0,1,0,0,0,0,0,1,0,0
3503,0,0,0,0,0,0,0,1,0,0,0,0,0,1,0,1,0,0,0
3504,0,0,0,0,1,0,0,1,0,0,0,0,0,0,0,0,0,0,0
3505,0,0,0,0,0,0,0,1,0,0,0,0,0,1,0,0,1,0,0
3507,0,0,0,0,1,0,0,0,0,0,0,0,0,0,0,0,0,0,0
3508,1,1,0,0,0,0,0,1,0,0,0,0,0,0,0,0,1,0,1
3510,0,0,0,0,0,0,0,1,0,0,0,0,0,0,0,0,1,0,0
3512,0,0,0,0,0,0,0,1,0,0,0,0,0,0,1,0,0,0,0
3513,0,0,0,0,0,0,0,1,0,0,0,0,0,0,0,0,1,0,0
3519,1,0,0,0,0,0,0,1,0,0,0,0,0,0,0,0,0,1,0
3521,0,0,0,0,1,0,0,1,0,0,0,0,0,0,0,0,0,0,0
3524,0,0,0,0,1,0,0,0,0,0,0,0,0,0,1,0,0,0,0
3525,0,0,0,0,1,0,0,0,0,0,0,0,0,0,0,0,0,0,0
3526,0,0,0,0,1,0,0,1,0,0,0,0,0,0,0,0,0,0,0
3527,1,0,0,0,0,0,0,0,0,0,0,0,0,0,0,1,1,0,0
3528,0,0,0,0,0,0,0,1,0,0,0,0,0,0,1,0,0,0,0
3529,0,0,0,0,0,1,0,0,0,0,0,0,0,0,0,0,1,0,0
3534,0,0,0,0,0,0,0,1,0,0,0,0,0,0,0,0,0,0,0
3535,0,0,0,0,0,1,0,0,0,0,1,0,0,1,0,0,1,0,0
3536,0,0,0,0,1,0,0,1,0,0,0,0,0,0,1,0,0,0,0
3543,0,0,0,0,1,0,0,1,0,0,0,0,0,0,0,0,0,0,0
3545,0,0,0,0,0,0,0,1,0,0,0,0,1,0,0,0,0,0,0
3546,0,0,0,0,0,0,0,1,0,0,1,0,0,0,0,0,1,0,0
3548,0,0,0,0,1,0,0,1,0,0,0,0,0,0,0,0,0,0,0
3549,0,0,0,0,1,0,0,0,0,0,0,0,1,0,1,0,0,0,0
3550,0,0,0,0,0,0,0,0,0,0,1,0,0,0,0,0,0,0,0
3551,0,0,0,0,0,1,0,1,0,0,0,0,0,0,0,0,1,0,0
3552,0,0,0,0,1,0,0,0,0,0,0,0,0,0,0,0,0,0,0
3555,1,0,0,0,0,0,0,0,0,0,0,0,0,0,0,0,1,1,0
3556,0,0,0,0,0,0,0,1,0,0,0,0,0,0,1,0,0,0,0
3564,0,0,0,1,1,0,0,0,0,0,0,0,0,0,0,0,0,0,0
3565,0,0,0,0,1,0,0,1,0,0,0,0,0,0,0,0,0,0,0
3566,0,0,0,0,1,0,0,1,0,0,0,0,0,0,0,0,0,0,0
3576,1,0,0,0,0,0,0,0,0,0,1,0,0,0,0,1,0,0,0
3578,1,1,0,0,0,0,0,1,0,0,0,0,0,0,0,0,0,0,0
3591,0,0,0,0,1,0,0,1,0,0,0,0,0,0,0,0,0,0,0
3593,1,0,0,0,0,0,0,0,0,0,0,0,0,0,0,1,0,0,0
3594,0,0,0,0,0,0,0,1,0,0,0,0,1,0,0,0,0,0,0
3598,0,0,0,0,0,1,0,1,0,0,0,0,0,0,1,0,1,0,0
3608,0,1,0,0,1,0,0,0,0,0,0,0,0,0,0,0,0,0,0
3614,0,0,0,0,1,0,0,0,0,0,0,0,0,0,1,0,0,0,0
3615,0,1,1,1,0,0,0,0,0,0,0,0,0,0,0,0,0,0,0
3616,0,0,0,0,1,0,0,0,0,0,0,0,0,0,1,0,0,0,0
3617,0,0,0,0,1,0,0,0,0,0,0,0,0,0,0,0,0,0,0
3618,0,0,0,0,1,1,0,0,0,0,0,0,0,0,0,0,0,0,0
3623,1,1,0,0,0,0,0,0,0,0,0,0,0,0,0,0,1,0,0
3624,1,1,0,0,1,0,0,0,0,0,0,0,0,0,0,0,0,0,1
3629,0,1,0,0,1,0,0,0,0,0,0,0,0,0,1,0,0,0,0
3633,1,1,0,0,0,0,0,0,0,0,0,0,0,0,1,0,1,0,0
3635,1,1,0,0,0,0,0,0,0,0,0,0,0,0,0,0,1,0,0
3638,1,1,0,0,0,0,0,0,0,0,0,0,0,0,0,1,1,0,0
3639,1,1,0,0,0,0,0,0,0,0,0,0,0,0,0,0,1,0,0
3646,0,0,0,0,1,0,0,0,0,0,0,0,0,0,0,0,0,0,0
3649,0,0,0,0,0,0,0,1,0,0,0,0,0,0,0,0,0,0,0
3654,1,1,0,0,0,0,0,1,0,0,0,0,0,0,0,0,0,1,0
3668,0,0,0,0,0,0,0,1,0,0,0,0,0,0,1,0,0,0,0
3671,0,0,0,0,1,0,0,0,0,0,0,0,0,0,0,0,0,0,1
3675,0,0,0,0,1,0,0,0,0,0,0,0,1,0,1,0,0,0,0
3676,0,0,0,0,0,0,0,1,0,0,1,0,0,0,0,0,0,0,0
3677,0,0,0,0,0,0,1,0,0,0,0,0,0,0,0,0,0,0,0
3681,1,0,0,0,0,0,0,1,0,0,0,0,0,0,0,0,1,0,1
3682,1,0,0,0,0,1,0,1,0,0,0,0,0,0,0,0,1,0,0
3683,0,0,0,0,0,1,0,1,0,1,0,0,0,0,0,0,0,0,0
3684,0,0,0,0,0,0,0,1,0,0,0,0,0,0,1,0,0,0,0
3685,0,0,0,0,1,0,0,1,0,0,0,0,0,0,1,0,0,0,0
3686,0,0,0,0,0,0,0,0,0,0,1,0,0,0,0,1,1,0,0
3688,0,0,0,0,1,0,0,0,0,0,0,0,0,0,0,0,0,0,0
3689,0,0,0,0,1,0,0,0,0,0,0,0,0,0,0,0,0,0,0
3693,0,0,0,0,1,0,0,0,0,0,1,0,0,0,0,0,0,0,0
3697,1,0,0,0,0,0,0,0,0,0,0,0,0,0,0,1,1,0,0
3698,1,0,0,0,0,0,0,0,0,0,0,0,0,0,0,1,0,0,0
3699,0,1,0,0,0,0,0,1,0,0,0,0,0,0,1,1,0,0,0
3700,0,0,0,0,0,0,0,1,0,0,0,0,0,0,0,1,0,0,0
3701,0,0,0,0,0,1,0,1,0,0,0,0,0,0,0,1,1,0,0
3702,1,1,0,0,0,0,0,0,0,0,0,0,0,0,0,1,0,0,0
3703,1,1,0,0,0,0,0,0,0,0,0,0,0,0,0,1,1,0,0
3704,1,1,0,0,0,0,0,0,0,0,0,0,0,0,0,1,0,0,0
3705,1,0,0,0,1,0,0,0,0,0,0,0,0,0,1,0,0,0,0
3706,0,0,0,0,0,0,0,0,0,1,1,0,0,1,0,0,1,0,0
3707,0,0,0,0,0,0,0,1,0,0,0,0,0,0,1,0,0,0,0
3708,0,0,0,0,0,0,0,0,0,0,1,0,0,0,0,0,1,0,0
3712,0,0,0,0,1,0,0,0,0,0,0,0,0,0,0,0,0,0,0
3717,1,0,0,0,0,1,0,0,0,0,0,0,0,0,0,0,0,0,0
3723,0,0,0,0,0,0,0,1,0,0,0,0,0,0,0,0,0,0,0
3726,1,0,0,0,0,0,0,0,0,0,0,0,0,0,0,0,1,0,0
3727,0,0,0,0,0,0,0,0,0,0,1,0,0,0,0,0,0,0,1
3728,0,0,0,0,0,1,0,1,0,1,0,0,0,0,0,0,1,0,0
3729,1,0,0,0,0,1,0,1,0,0,0,0,0,0,0,0,1,0,0
3730,0,0,0,0,0,0,0,1,0,0,0,0,0,1,0,0,0,0,0
3733,0,0,0,0,0,0,0,1,0,0,0,0,0,0,0,0,0,0,0
3735,0,0,0,0,0,1,0,1,0,0,0,0,0,0,0,0,0,0,0
3740,1,1,0,0,1,0,0,0,1,0,0,0,0,0,0,0,0,0,0
3741,0,0,0,0,0,1,0,1,0,0,0,0,0,0,0,0,1,0,0
3742,0,0,0,0,0,0,0,1,0,0,0,0,0,0,0,0,0,1,0
3744,1,0,0,0,0,1,0,0,0,0,0,0,0,0,0,0,1,0,0
3745,1,1,1,1,0,0,0,0,0,0,0,0,0,0,0,1,0,0,0
3751,0,0,1,1,1,0,0,0,0,0,0,0,0,0,0,0,0,0,0
3752,0,1,0,0,1,0,0,0,0,0,0,0,0,0,0,0,0,0,0
3753,1,0,0,0,0,0,0,1,0,0,0,0,0,0,0,0,0,1,0
3754,0,1,1,1,1,0,0,0,1,0,0,0,0,0,0,0,0,0,0
3755,0,0,0,0,0,0,0,1,0,0,0,0,0,0,0,0,1,0,0
3760,0,0,0,0,1,0,0,0,0,0,0,0,0,0,0,0,0,0,0
3763,1,0,0,0,0,1,0,0,0,0,0,0,0,0,0,0,1,0,0
3764,1,0,0,0,0,1,0,0,0,0,0,0,0,0,0,0,1,0,0
3770,0,0,0,0,0,0,0,0,0,0,1,0,0,0,0,1,1,0,0
3783,0,0,0,0,0,1,0,1,0,0,0,0,0,0,0,0,0,0,0
3784,0,0,0,0,1,0,0,0,1,0,0,0,0,0,0,0,0,0,0
3785,0,0,0,0,1,0,0,0,0,0,1,0,0,0,0,0,0,0,0
3786,0,0,0,0,1,0,0,0,0,0,0,0,0,0,0,0,0,0,0
3788,0,0,0,0,0,0,0,1,0,0,0,0,0,1,0,0,0,0,0
3791,0,0,0,0,0,0,0,1,0,0,0,0,0,0,0,0,0,0,0
3793,1,1,0,0,0,0,0,0,0,0,0,0,0,0,0,1,0,0,0
3798,0,0,0,0,0,0,0,1,0,0,1,0,0,1,0,0,0,0,0
3801,0,0,0,0,0,0,0,1,0,0,0,0,0,1,0,0,0,0,0
3802,1,0,0,0,0,0,0,0,0,0,0,0,0,0,0,1,0,0,0
3809,0,0,0,0,1,0,0,0,0,0,0,0,0,0,0,0,0,0,0
3811,0,0,0,0,0,0,0,1,0,0,0,0,0,0,0,0,0,1,0
3812,0,0,0,0,1,0,0,0,0,0,0,0,0,0,0,0,0,0,0
3814,0,0,0,0,1,0,0,0,0,0,0,0,0,0,0,0,0,0,0
3819,0,0,0,0,1,0,0,0,0,0,0,0,0,0,0,0,0,0,0
3821,0,0,0,0,1,0,0,0,0,0,0,0,0,0,0,0,0,0,0
3824,0,0,0,0,0,0,0,1,0,0,0,0,0,0,1,0,0,0,0
3825,0,0,0,0,1,0,0,1,0,0,0,0,0,0,1,0,0,0,0
3826,0,0,0,0,0,0,0,0,0,0,1,0,0,0,0,1,1,0,0
3827,1,1,0,0,1,0,0,0,0,0,0,0,0,0,0,1,0,0,0
3831,0,0,0,0,1,0,0,0,0,0,0,0,0,0,0,0,0,0,0
3835,0,0,0,0,0,0,0,0,0,0,0,0,0,0,0,0,1,0,0
3836,1,0,0,0,1,0,0,0,0,0,0,0,0,0,0,0,0,1,0
3841,1,0,0,0,1,0,0,0,0,0,0,0,0,0,0,0,0,0,0
3844,0,0,0,0,0,0,0,1,0,0,0,0,0,0,0,0,0,0,0
3852,0,0,0,0,1,0,0,0,0,0,0,0,0,0,0,0,0,0,0
3858,0,0,0,0,1,0,0,0,0,0,0,0,0,0,0,0,0,0,0
3861,0,0,0,0,1,0,0,0,0,0,0,0,0,0,0,0,0,0,0
3863,0,0,0,0,0,0,0,1,0,0,1,0,0,0,0,0,1,0,0
3865,0,0,0,0,1,0,1,0,0,0,0,0,0,0,0,0,0,0,0
3868,1,0,0,0,1,1,0,0,0,0,0,0,0,0,1,0,0,0,0
3869,0,0,0,0,1,0,0,0,0,0,0,0,0,0,0,0,0,0,0
3871,0,0,0,0,0,0,0,1,0,0,0,0,0,0,0,0,0,0,1
3873,0,0,0,0,1,0,0,0,0,0,0,0,0,0,0,0,0,0,1
3877,1,1,0,0,0,0,0,0,1,0,0,0,0,0,0,0,0,0,0
3879,1,0,0,0,0,0,0,0,0,0,0,0,0,0,0,0,1,0,0
3882,0,0,0,0,1,0,0,0,0,0,0,0,0,0,0,0,0,0,0
3889,1,1,0,0,0,0,0,0,1,0,0,0,0,0,0,0,0,0,0
3893,0,0,0,0,1,1,0,1,0,0,0,0,0,0,1,0,1,0,0
3895,0,0,0,0,0,1,0,0,0,0,0,0,0,0,0,0,1,0,0
3896,0,0,0,0,0,1,0,0,0,0,0,0,0,0,0,0,1,0,0
3897,0,0,0,0,0,0,0,1,0,0,0,0,0,0,0,0,0,0,0
3908,0,0,0,0,0,0,0,0,0,0,1,0,0,0,0,0,0,0,0
3910,0,0,0,0,0,0,0,1,0,0,0,0,1,0,0,0,0,0,0
3911,0,0,0,0,1,0,0,0,0,0,0,0,0,0,0,0,0,0,0
3916,0,0,0,0,0,0,0,1,0,0,0,0,0,0,0,0,0,0,0
3917,0,0,0,0,0,0,0,0,0,0,1,0,0,0,0,0,0,0,0
3918,0,0,0,0,0,0,0,0,0,0,1,0,0,0,0,0,0,0,0
3925,0,0,0,0,1,0,0,1,0,0,0,0,0,0,0,0,0,0,0
3927,0,1,0,0,0,0,0,0,0,0,0,0,0,0,0,1,0,0,0
3930,0,1,0,0,0,0,0,0,0,0,1,0,0,0,0,1,0,0,0
3932,0,0,0,0,0,0,0,0,0,0,1,0,0,0,0,1,0,0,0
3946,1,0,0,0,0,0,0,1,0,0,0,0,0,0,0,0,1,0,0
3948,0,0,0,0,1,0,0,0,0,0,0,0,0,0,0,0,0,0,0
3949,0,0,0,0,0,0,0,1,0,0,0,0,0,0,0,0,0,0,0
3950,0,0,0,0,0,0,0,1,0,0,0,0,0,0,0,0,0,0,0
3952,0,0,0,0,0,0,0,1,0,0,0,0,0,0,0,0,1,0,0
3953,0,0,0,0,1,0,0,0,0,0,0,0,0,0,1,0,0,0,0
3955,0,0,0,0,1,0,0,0,0,0,0,0,0,0,0,0,0,0,0
3959,1,1,0,0,0,0,0,0,0,0,0,0,0,0,0,1,0,0,0
3967,0,0,0,0,0,0,0,1,0,0,0,0,0,0,0,0,0,0,0
3968,0,0,0,0,1,0,0,0,0,0,0,0,0,0,0,0,0,0,0
3969,0,0,0,0,0,0,0,1,0,0,0,0,0,0,0,0,0,0,0
3972,1,0,0,0,1,0,0,0,0,0,0,0,0,0,0,0,0,0,0
3973,0,0,0,0,0,1,0,0,0,0,1,0,0,1,0,0,1,0,0
3977,1,0,0,0,1,0,0,0,0,0,0,0,0,0,0,0,0,0,0
3978,0,0,0,0,0,0,0,1,0,0,0,0,0,0,1,0,0,0,0
3979,0,0,0,0,1,0,0,0,0,0,0,0,0,0,0,0,0,0,0
3980,0,0,0,0,0,0,0,1,0,0,0,0,0,0,0,0,0,0,0
3981,1,0,0,0,0,0,0,0,0,0,0,0,0,0,0,1,1,0,0
3983,0,0,0,0,0,0,0,1,0,0,0,0,0,0,1,0,0,0,0
3984,1,1,0,0,0,0,0,0,0,0,0,0,0,0,0,0,1,0,0
3986,1,0,0,0,0,0,0,0,0,0,0,0,0,0,0,1,1,0,0
3987,0,0,0,0,0,0,0,1,0,0,0,0,0,0,1,0,0,0,0
3988,0,0,0,1,1,0,0,0,1,0,0,0,0,0,0,0,0,0,0
3991,0,0,0,1,1,0,0,0,0,0,0,0,0,0,0,0,0,0,0
3992,0,0,0,0,0,0,0,1,0,0,0,0,0,0,1,0,0,1,0
3993,0,0,0,0,0,0,0,1,0,0,0,0,0,0,1,0,0,0,0
3994,0,0,0,0,0,0,0,1,0,0,0,0,0,0,0,1,0,0,0
3996,1,0,0,0,0,0,0,1,0,0,0,0,0,0,1,0,0,0,0
3997,1,1,0,0,1,0,0,0,1,0,0,0,0,0,0,0,0,0,0
3998,0,0,0,0,0,0,0,1,0,0,0,0,0,0,0,0,0,0,0
3999,1,1,0,0,0,0,0,0,0,0,0,0,0,0,0,0,0,0,0
4002,0,0,0,0,1,0,0,0,0,0,0,0,0,0,0,0,0,0,0
4003,0,0,0,0,1,0,0,0,0,0,0,0,0,0,0,0,0,0,0
4005,1,1,0,0,0,0,0,0,0,0,0,0,0,0,0,0,1,0,0
4006,0,1,1,1,0,0,0,0,0,0,0,0,0,0,0,1,0,0,0
4007,0,0,0,0,0,0,0,1,0,0,0,0,0,0,0,0,0,0,0
4008,0,0,0,0,0,0,0,1,0,0,0,0,0,0,0,0,0,1,0
4009,0,0,0,0,0,0,0,1,0,0,0,0,0,0,0,0,0,0,0
4010,0,0,0,0,1,0,0,0,0,0,0,0,0,0,0,0,0,0,0
4011,0,0,0,0,1,1,0,0,0,0,0,0,0,0,0,0,1,0,0
4014,0,0,0,0,0,0,0,1,0,0,0,0,0,0,1,0,0,0,0
4015,0,0,0,0,1,0,0,0,0,0,0,0,0,0,0,1,0,0,0
4016,0,1,1,1,1,0,0,0,1,0,0,0,0,0,0,0,0,0,0
4017,0,0,0,0,0,0,0,1,0,0,0,0,0,0,0,0,0,0,0
4018,0,0,0,0,1,0,0,0,0,0,0,0,0,0,1,0,0,0,0
4019,0,0,0,0,0,0,0,1,0,0,0,0,0,0,0,0,0,0,0
4020,0,0,0,0,0,0,0,0,0,0,0,0,0,0,0,0,1,0,0
4021,0,0,0,0,0,0,0,1,0,0,0,0,0,0,0,0,0,0,0
4022,0,0,0,0,0,0,0,1,0,0,0,0,0,0,0,0,0,0,0
4023,0,0,0,0,1,0,0,1,0,0,0,0,0,0,1,0,0,0,0
4025,0,0,0,0,1,1,0,0,0,0,0,0,0,0,0,0,0,0,0
4027,0,1,0,0,1,1,0,0,0,0,0,0,0,0,0,0,0,0,0
4029,0,0,0,0,1,0,0,1,0,0,0,0,0,0,0,0,0,0,0
4030,0,0,0,0,0,0,0,0,0,0,1,0,0,0,0,0,0,0,0
4031,0,0,0,0,0,0,0,1,0,0,0,0,0,0,1,0,0,0,1
4033,0,0,0,0,0,0,0,1,0,0,0,0,0,0,0,0,1,1,0
4034,0,0,0,0,0,1,0,1,0,0,0,0,0,0,0,0,1,0,0
4036,0,0,0,0,0,0,0,1,0,0,1,0,0,0,0,0,0,0,0
4037,0,0,0,0,0,1,0,0,0,1,0,0,0,1,0,0,1,0,0
4039,0,0,0,1,0,0,0,0,0,0,0,0,1,0,0,0,0,0,0
4040,0,0,0,0,1,0,0,0,0,0,0,0,0,0,0,0,0,0,0
4041,0,0,0,0,0,0,0,1,0,0,0,0,0,0,1,0,0,0,0
4047,0,0,0,0,0,0,0,1,0,0,0,0,0,0,0,0,0,1,0
4052,0,0,0,0,0,1,0,1,0,0,0,0,0,0,0,0,1,0,0
4054,0,0,0,0,0,0,0,1,0,0,0,0,0,0,1,0,0,0,0
4056,0,0,0,0,0,1,0,1,0,0,0,0,0,1,0,0,1,0,0
4061,0,0,0,0,0,0,0,1,0,0,0,0,0,0,1,0,0,0,0
4062,0,0,0,0,1,0,0,1,0,0,0,0,0,0,1,0,0,0,0
4066,1,0,0,0,1,0,0,0,0,0,0,0,0,0,0,0,0,0,0
4067,0,0,0,0,0,0,0,1,0,0,0,0,0,0,1,0,0,0,0
4069,0,0,0,0,1,0,0,0,0,0,0,0,0,0,1,0,0,0,0
4079,0,0,0,0,1,0,0,0,0,0,0,0,0,0,0,1,0,0,0
4080,0,0,0,0,1,0,0,0,0,0,0,0,0,0,0,0,0,0,0
4082,0,0,0,0,1,0,0,1,0,0,0,0,0,0,1,0,0,0,0
4084,1,0,0,0,1,1,0,0,0,0,0,0,0,0,0,0,1,0,0
4085,1,0,0,0,1,1,0,1,0,0,0,0,0,0,0,0,0,0,0
4086,1,0,0,0,0,1,0,0,0,0,0,0,0,1,1,0,1,0,0
4090,0,0,1,1,0,0,0,0,0,0,0,0,0,0,0,0,0,0,0
4091,0,0,0,0,1,0,0,0,0,0,0,0,0,0,1,0,0,0,0
4102,0,0,0,0,1,0,1,0,0,0,0,0,0,0,0,0,0,0,0
4103,1,1,0,0,0,0,0,1,0,0,0,0,0,0,0,0,0,1,0
4104,0,0,0,0,1,0,0,0,0,0,0,0,0,0,0,0,0,0,0
4105,0,0,0,0,0,0,0,0,1,0,1,0,0,0,0,0,1,0,0
4117,0,0,0,0,0,0,0,1,0,0,0,0,0,0,0,0,0,0,0
4121,1,1,0,0,1,0,0,0,0,0,0,0,0,0,0,1,0,0,0
4124,0,0,0,0,0,0,0,0,0,0,1,0,0,0,0,0,1,0,0
4128,0,0,0,0,1,0,0,0,0,0,1,0,0,0,0,0,1,0,0
4132,0,0,0,0,1,0,0,0,0,0,0,0,0,0,1,0,0,0,0
4133,1,1,0,0,0,0,0,0,1,0,0,0,0,0,0,1,0,0,0
4144,0,0,0,0,0,0,0,1,0,0,0,0,0,0,1,0,0,0,0
4148,0,0,0,0,0,0,0,0,0,0,1,0,0,0,0,0,1,0,0
4149,0,0,0,0,1,0,0,0,0,0,0,0,0,0,1,0,0,0,0
4153,0,0,0,0,1,0,0,0,1,0,0,0,0,0,1,0,0,0,0
4155,0,0,0,0,0,0,0,1,0,0,0,0,0,0,1,0,0,0,0
4158,0,0,1,0,1,0,0,0,1,0,0,0,0,0,0,0,0,0,0
4159,1,0,0,0,0,0,0,0,0,0,0,0,0,0,0,0,1,0,0
4161,1,0,0,0,1,0,0,0,0,0,0,0,0,0,0,0,0,0,0
4167,0,0,0,0,0,0,0,0,0,0,0,0,0,0,0,0,1,0,0
4205,0,0,0,0,1,0,0,1,0,0,0,0,0,0,1,0,0,0,0
4207,1,1,0,0,0,0,0,0,0,0,0,0,0,0,0,0,0,1,0
4210,1,0,0,0,0,1,0,1,0,0,1,0,0,0,0,0,1,0,0
4211,0,0,0,0,0,0,0,1,0,0,0,0,0,0,0,0,0,0,0
4214,0,0,0,0,1,0,0,0,0,0,0,0,0,0,0,0,0,0,0
4215,0,0,0,0,1,0,0,0,0,0,0,0,0,0,0,0,0,0,0
4218,0,0,0,0,0,1,0,1,0,0,0,0,0,0,0,0,0,0,0
4220,0,0,0,0,1,0,0,0,0,0,0,0,0,0,0,0,0,0,0
4223,0,0,0,0,0,0,0,1,0,0,0,0,0,0,0,0,0,1,0
4224,1,0,0,0,0,0,0,0,0,0,0,0,0,0,0,0,1,0,0
4225,0,0,0,0,1,0,0,0,0,0,0,0,0,0,0,0,0,0,0
4226,0,0,0,0,0,0,0,0,0,0,0,0,0,1,0,0,1,0,0
4228,0,0,0,0,1,1,0,0,0,0,0,0,0,0,1,0,0,0,0
4231,0,0,0,0,1,0,0,0,0,0,0,0,0,0,1,0,0,0,0
4232,1,1,0,1,1,0,0,0,0,0,0,0,0,0,0,0,0,0,0
4234,0,0,0,0,0,0,0,1,0,0,0,0,0,0,0,0,1,0,0
4235,0,0,0,0,0,0,0,1,0,0,0,0,0,0,0,0,1,0,0
4238,1,0,0,0,0,1,0,0,0,0,0,0,0,1,0,0,1,0,0
4239,0,0,0,0,0,1,0,1,0,0,0,0,0,0,0,0,0,0,0
4246,0,0,0,0,1,0,0,1,0,0,0,0,0,0,1,0,0,0,0
4247,0,1,0,0,1,0,0,0,0,0,0,0,0,1,1,0,0,0,0
4248,0,0,0,0,1,0,0,0,0,0,0,0,0,0,0,0,0,0,0
4251,0,0,0,0,0,0,0,1,0,0,0,0,0,0,0,0,1,0,0
4254,0,0,0,0,1,0,0,1,0,0,0,0,0,0,0,0,0,0,0
4255,0,0,0,0,1,0,0,0,0,0,0,0,0,0,0,0,0,0,0
4262,1,0,0,0,0,1,0,1,0,0,0,0,0,0,0,0,0,0,0
4265,1,0,0,0,0,0,0,0,0,0,0,0,0,0,0,0,1,0,0
4267,0,0,0,0,1,0,0,0,0,0,0,0,0,0,0,0,0,0,0
4270,1,1,0,0,1,0,0,0,0,0,0,0,0,0,0,0,1,0,0
4275,1,1,0,0,0,0,0,0,1,0,0,0,0,0,0,1,0,0,0
4280,0,0,0,0,1,0,0,1,0,0,0,0,0,0,1,0,0,0,0
4285,0,0,0,0,1,0,0,0,0,0,0,0,0,0,1,0,0,0,0
4291,0,0,0,0,1,1,0,0,0,0,0,0,0,0,0,0,0,0,0
4292,0,0,0,0,0,0,0,1,0,0,0,0,0,0,0,0,0,0,0
4296,0,0,0,0,0,0,0,1,0,0,0,0,0,0,1,0,0,0,0
4298,0,0,0,0,0,1,0,0,0,1,0,0,0,0,0,0,1,0,0
4299,1,0,0,0,1,0,0,0,0,0,0,0,0,0,1,0,0,0,0
4304,0,0,0,0,0,0,1,0,0,0,0,0,0,0,0,0,0,0,0
4305,0,0,0,0,0,0,0,0,0,0,0,0,0,0,1,0,1,0,0
4306,0,1,1,1,1,0,0,0,1,0,0,0,0,0,1,0,0,0,0
4308,0,0,0,0,0,0,0,1,0,0,0,0,1,0,1,0,0,0,0
4310,1,0,0,0,0,0,0,1,0,0,0,0,0,0,1,0,0,1,0
4317,0,0,0,0,1,0,0,0,0,0,0,0,0,0,1,0,0,0,0
4318,0,0,0,0,1,0,0,1,0,0,0,0,0,0,0,0,0,0,0
4321,0,0,0,0,1,0,0,0,0,0,0,0,0,0,0,0,0,0,1
4322,0,0,0,0,0,0,0,1,0,0,0,0,0,0,0,0,0,0,0
4326,0,0,0,0,0,1,0,1,0,0,0,0,0,0,0,0,1,0,0
4327,0,1,0,0,0,0,0,0,0,0,0,0,0,0,0,0,0,0,1
4329,0,0,0,0,0,0,0,0,0,0,0,0,0,0,0,0,0,0,1
4333,0,0,0,0,1,1,0,0,0,0,0,0,0,0,0,0,0,0,0
4340,0,0,0,0,1,0,0,0,0,0,0,0,0,0,0,0,0,0,0
4343,0,0,0,0,1,0,0,0,0,0,0,0,0,0,0,1,0,0,0
4344,1,0,0,0,0,1,0,1,0,0,0,0,0,0,0,0,0,0,0
4345,0,0,0,0,0,0,0,1,0,0,0,0,0,0,0,0,0,0,0
4349,0,0,0,0,1,0,0,0,0,0,0,0,0,0,0,0,0,1,0
4351,1,0,0,0,0,1,0,0,0,0,0,0,0,0,0,0,1,0,0
4356,0,0,0,0,1,0,0,0,0,0,0,0,1,0,1,0,0,0,0
4359,0,0,0,0,1,0,0,0,0,0,0,0,0,0,0,0,0,0,0
4361,0,0,0,0,1,0,0,0,0,0,0,0,0,0,1,0,0,0,0
4366,0,1,1,1,0,0,0,0,1,0,0,0,0,0,0,0,0,0,0
4367,1,1,0,0,0,0,0,0,0,0,0,0,0,0,0,0,0,0,0
4368,0,0,0,0,1,0,0,0,0,0,0,0,0,0,0,0,0,0,0
4369,1,0,0,0,0,1,0,0,0,0,0,0,0,0,0,0,1,0,0
4370,0,1,0,0,0,0,0,1,0,0,0,0,0,0,0,1,0,0,0
4372,0,0,0,0,0,0,0,1,0,0,0,0,0,0,1,0,0,0,0
4378,0,0,0,0,0,1,0,1,0,0,0,0,0,0,0,0,0,0,0
4380,0,0,0,0,0,0,0,1,0,0,0,0,0,0,1,0,0,0,0
4383,0,0,0,0,0,1,0,1,0,0,0,0,0,1,0,0,1,0,0
4386,0,0,0,1,1,0,0,0,0,0,0,0,0,0,0,0,0,0,0
4387,1,0,0,0,0,0,0,0,0,0,0,0,0,0,0,0,0,0,0
4388,0,0,0,0,1,0,0,0,0,0,0,0,0,0,0,0,0,0,0
4396,1,0,0,0,1,0,0,0,0,0,0,0,0,0,0,0,0,0,0
4406,0,0,0,0,0,1,0,1,0,0,0,0,0,0,0,0,0,0,1
4410,0,0,0,0,1,1,0,1,0,0,0,0,0,0,0,0,0,0,0
4427,0,0,0,0,0,0,0,1,0,0,0,0,0,0,0,0,0,0,0
4432,0,0,0,0,0,0,0,1,0,1,0,0,0,0,0,0,0,0,0
4437,0,0,0,0,0,0,0,0,0,0,1,0,0,0,0,0,0,0,0
4443,1,0,0,0,0,0,0,0,0,0,0,0,0,0,0,1,1,0,0
4446,0,1,1,0,0,0,0,0,1,0,0,0,0,0,0,1,0,0,0
4447,0,0,0,0,1,0,0,0,0,0,0,0,0,0,1,0,0,0,0
4448,1,0,0,0,0,0,0,1,0,0,0,0,0,0,0,0,0,0,0
4450,0,0,0,0,0,1,0,1,0,0,0,0,0,0,0,0,1,0,0
4452,0,0,0,0,1,0,0,0,0,0,0,0,0,0,0,0,0,0,0
4464,0,0,0,0,1,0,0,1,0,0,0,0,0,0,1,0,0,0,0
4465,0,0,0,0,0,0,0,1,0,0,0,0,0,0,0,0,0,0,0
4467,0,1,0,0,1,0,0,0,1,0,0,0,0,0,0,0,0,0,0
4474,0,0,0,0,1,0,0,1,0,0,0,0,1,0,0,0,0,0,0
4477,0,1,0,1,1,0,0,0,0,0,0,0,0,0,0,0,0,0,0
4478,0,0,0,0,1,0,0,1,0,0,0,0,0,0,0,0,0,0,0
4480,0,0,0,0,0,0,0,0,0,0,1,0,0,0,0,1,0,0,0
4487,0,0,0,0,0,0,0,1,0,0,0,0,0,0,1,0,0,0,0
4488,1,0,0,0,0,1,0,1,0,0,0,0,0,0,0,0,0,0,0
4489,0,0,0,0,1,0,0,0,0,0,0,0,0,0,1,0,0,0,0
4492,0,0,0,0,1,0,0,0,0,0,0,0,0,0,0,1,0,0,0
4498,1,0,0,0,0,1,0,0,0,0,0,0,0,0,0,0,1,0,0
4499,0,0,0,0,1,0,0,0,0,0,0,0,0,0,0,0,0,0,0
4506,0,0,0,0,0,1,0,0,0,0,0,0,0,1,0,0,1,0,0
4508,0,0,0,0,0,0,0,1,0,0,0,0,0,0,0,0,0,0,0
4509,0,0,0,0,1,0,0,0,0,0,0,0,0,0,0,0,0,0,0
4519,0,1,1,1,0,0,0,0,1,0,0,0,0,0,0,0,0,0,0
4526,0,0,0,0,1,0,0,0,0,0,0,0,0,0,1,1,0,0,0
4531,1,0,0,0,0,0,0,0,0,0,0,0,0,0,0,0,0,0,0
4533,0,0,0,0,1,0,0,0,0,0,1,0,0,0,0,1,0,0,0
4541,0,0,0,0,0,0,0,0,0,0,1,0,0,0,0,0,0,0,0
4544,0,0,0,0,1,0,0,0,0,0,0,0,0,0,0,1,0,0,0
4545,0,0,0,0,1,0,0,0,0,0,0,0,0,0,0,1,0,0,0
4546,0,0,0,0,0,0,0,1,0,0,0,0,0,0,0,0,1,0,0
4553,1,0,0,0,0,0,0,0,0,0,0,0,0,0,0,1,1,0,0
4557,0,0,0,0,0,0,0,1,0,0,0,0,0,0,0,0,0,0,0
4558,0,0,0,0,1,0,0,0,0,0,0,0,0,0,0,0,0,0,0
4563,0,0,0,0,1,0,0,0,0,0,0,0,0,0,0,0,0,0,0
4564,0,0,0,0,0,0,0,1,1,0,0,0,0,0,1,0,0,0,0
4571,0,1,0,0,1,0,0,0,0,0,0,0,0,0,0,1,0,0,0
4572,1,0,0,0,0,1,0,1,0,0,0,0,0,0,0,0,0,0,0
4577,0,0,0,0,0,0,0,1,0,0,0,0,0,0,0,0,0,1,0
4587,0,0,0,0,1,0,0,0,0,0,0,0,1,0,0,1,0,0,0
4613,1,0,0,0,1,1,0,0,0,0,0,0,0,0,0,0,0,0,0
4614,1,0,0,0,0,0,0,0,0,0,0,0,0,0,0,0,0,0,0
4616,0,0,0,0,0,0,0,1,0,0,0,0,0,0,0,0,0,0,0
4621,0,0,0,0,1,0,0,0,0,0,0,0,0,0,1,0,0,0,0
4623,0,0,0,0,1,0,0,0,0,0,0,0,0,0,0,0,0,0,0
4624,0,0,1,0,1,0,0,0,0,0,0,0,1,0,0,0,0,0,0
4638,1,1,0,0,0,0,0,0,0,0,0,0,0,0,0,1,1,0,0
4639,0,0,0,0,1,0,0,0,0,0,0,0,0,0,1,0,0,0,0
4641,0,0,0,0,1,0,0,1,0,0,0,0,0,0,0,0,0,0,0
4642,0,0,0,0,1,0,0,1,0,0,0,0,1,0,0,0,0,0,0
4643,1,1,0,0,0,0,0,1,0,0,0,0,0,0,0,1,0,0,0
4649,0,0,0,0,1,0,0,0,0,0,0,0,0,0,0,0,0,0,0
4654,1,0,0,0,0,0,0,1,0,0,0,0,0,0,0,0,0,0,0
4661,0,0,0,0,0,1,0,1,0,0,0,0,0,0,0,0,1,0,0
4662,0,0,0,0,1,1,0,0,0,0,0,0,0,0,0,0,0,0,0
4673,1,0,0,0,1,1,0,0,0,0,0,0,0,0,0,0,1,0,0
4676,0,0,0,0,1,0,0,0,0,0,0,0,0,0,0,0,0,0,0
4677,0,0,0,0,1,1,0,0,0,0,0,0,0,0,0,0,0,0,0
4678,0,0,0,0,1,0,0,0,0,0,0,0,0,0,0,0,0,0,0
4679,0,0,0,0,1,0,0,0,0,0,0,0,0,0,0,0,0,0,0
4681,0,0,0,0,1,0,0,1,0,0,0,0,0,0,0,0,0,0,0
4686,0,1,0,0,1,0,0,0,0,0,0,0,0,0,0,0,0,0,0
4699,0,0,0,0,0,0,0,1,0,0,0,0,0,0,1,0,1,0,0
4700,0,0,0,1,1,0,0,0,0,0,0,0,0,0,1,0,0,0,0
4701,1,0,0,0,1,0,0,0,0,0,0,0,0,0,0,0,0,0,0
4703,0,0,0,0,0,0,0,1,0,0,0,0,0,0,0,0,0,0,0
4713,0,0,0,0,0,0,0,1,0,0,0,0,0,0,0,1,0,0,0
4718,0,0,0,0,1,0,0,0,0,0,0,0,0,0,0,0,0,0,0
4719,1,0,1,0,1,1,0,1,0,0,0,0,0,0,1,0,1,0,0
4720,0,0,0,0,0,0,0,1,0,0,1,0,0,1,0,0,1,0,0
4723,0,0,0,0,0,0,0,1,0,0,0,0,0,0,0,0,0,0,0
4725,0,0,0,0,0,0,0,0,0,0,1,0,0,0,0,0,1,0,0
4727,0,0,0,0,0,0,0,1,0,0,0,0,0,0,1,0,0,1,0
4728,0,0,0,0,1,0,0,0,0,0,0,0,0,0,0,0,0,0,0
4732,0,0,0,0,1,0,0,0,0,0,0,0,0,0,0,0,0,0,0
4733,0,0,0,0,1,0,0,0,0,0,0,0,0,0,0,0,0,0,0
4734,0,1,0,0,1,0,0,0,0,0,0,0,0,0,0,0,0,0,0
4735,0,0,0,0,0,0,0,0,0,0,1,0,0,0,0,1,1,0,0
4744,0,0,0,0,0,0,0,0,0,0,1,0,0,0,0,0,0,0,0
4745,0,0,0,0,0,0,0,1,0,0,0,0,0,0,0,0,0,0,0
4748,1,0,0,1,1,0,0,0,0,0,0,0,0,0,0,0,0,0,0
4754,0,0,0,0,0,0,0,1,0,0,1,0,0,1,0,0,1,0,0
4757,0,0,0,0,1,0,0,1,0,0,0,0,1,0,0,0,0,0,0
4770,0,0,0,0,0,0,0,0,0,0,0,0,0,0,0,0,1,0,0
4776,0,0,0,0,0,1,0,1,0,0,0,0,0,0,0,0,1,0,0
4787,0,0,0,0,0,0,0,1,0,0,0,0,0,0,0,0,0,0,0
4799,1,1,0,0,1,1,0,0,0,0,0,0,0,0,0,0,0,0,0
4803,0,0,0,0,0,0,0,1,0,0,0,0,0,0,0,0,1,0,0
4809,0,0,0,0,0,0,0,1,0,0,0,0,0,0,0,0,0,0,0
4812,0,1,0,0,0,0,0,0,0,0,0,0,0,0,0,1,0,0,0
4814,0,0,0,0,0,0,0,0,0,0,0,0,0,0,0,0,1,0,0
4815,0,0,0,0,0,0,0,1,0,0,0,0,0,0,0,0,0,0,0
4816,0,0,0,0,1,0,0,0,0,0,0,0,0,0,0,0,0,0,0
4821,0,1,0,0,0,0,0,0,0,0,0,0,0,0,0,0,1,0,0
4823,0,0,0,0,1,0,0,0,0,0,0,0,0,0,1,0,0,0,0
4835,0,0,0,0,0,0,0,1,0,0,0,0,0,0,0,0,0,0,0
4844,0,0,0,0,1,1,0,0,0,0,0,0,0,0,1,0,0,0,0
4846,1,0,0,0,1,0,0,0,0,0,0,0,0,0,0,0,0,0,0
4848,0,0,0,0,0,1,0,1,0,1,0,0,0,1,0,0,1,0,0
4855,1,0,0,0,0,1,0,0,0,0,0,0,0,0,0,0,1,0,0
4857,0,0,0,0,0,0,0,1,0,0,0,0,1,0,0,0,0,0,0
4865,0,0,0,0,0,1,0,0,0,0,1,0,0,1,0,0,1,0,0
4866,1,0,0,0,0,0,0,0,0,0,0,0,0,0,0,0,0,0,0
4867,0,0,0,0,1,0,0,1,0,0,0,0,0,0,0,0,0,0,0
4873,0,0,1,0,0,0,0,1,1,0,0,0,0,0,0,0,0,0,0
4874,0,0,0,0,0,0,0,1,1,0,0,0,0,1,0,1,0,0,0
4876,0,0,0,0,0,0,0,0,0,0,1,0,0,0,0,0,1,0,0
4878,0,0,0,0,0,0,0,1,0,0,0,0,0,1,0,1,1,0,0
4880,0,0,0,0,0,0,0,1,0,0,0,0,0,0,0,0,0,0,0
4881,0,0,0,0,0,1,0,1,0,0,0,0,0,0,0,0,0,0,0
4886,0,1,1,1,1,0,0,0,1,0,0,0,0,0,0,0,0,0,0
4887,1,0,0,0,0,0,0,0,0,0,0,0,0,0,0,1,1,0,0
4889,0,0,0,0,0,1,0,1,0,0,0,0,0,0,0,0,0,0,0
4890,0,0,0,0,1,0,0,0,1,0,0,0,0,0,1,0,0,0,0
4896,0,1,0,1,0,0,0,0,1,0,0,0,0,0,0,0,0,0,0
4899,0,1,0,0,1,0,0,0,1,0,0,0,0,0,0,0,0,0,0
4901,1,0,0,0,0,1,0,1,0,0,0,0,0,0,0,0,1,0,0
4902,0,0,0,0,0,0,0,1,1,0,1,0,0,0,0,0,1,1,0
4903,0,0,0,0,0,0,0,1,0,0,0,0,0,0,0,0,0,0,0
4912,0,0,0,0,0,0,0,1,0,0,0,0,1,0,1,0,0,0,0
4914,0,0,0,0,0,1,0,1,0,0,0,0,0,0,1,0,0,0,0
4915,1,1,0,0,0,0,0,0,1,0,0,0,0,0,0,0,0,0,0
4929,0,0,0,0,1,0,0,0,0,0,0,0,0,0,0,0,0,0,0
4932,0,0,0,0,0,0,0,0,0,0,0,0,0,1,0,0,1,0,0
4936,0,0,0,0,0,0,0,1,0,0,0,0,1,0,0,0,0,0,0
4941,1,1,0,0,0,0,0,0,0,0,0,0,0,0,0,1,0,0,0
4945,0,0,0,0,0,1,0,0,0,0,0,0,0,0,0,0,0,0,0
4951,0,1,0,0,0,0,0,1,0,0,0,0,0,0,0,0,1,0,0
4954,0,0,0,0,1,1,0,0,0,0,0,0,0,0,0,0,0,0,0
4957,0,0,0,0,0,1,0,0,0,0,0,0,0,0,0,0,1,0,0
4958,1,0,0,0,0,0,0,1,0,0,0,0,0,0,0,0,0,1,0
4963,0,0,0,0,0,1,0,0,0,0,0,0,0,0,0,0,1,0,0
4967,0,0,0,0,0,0,0,1,0,0,0,0,0,0,0,0,0,1,0
4971,0,0,0,0,1,0,0,1,0,0,0,0,0,0,0,0,0,0,0
4973,0,0,0,0,1,0,0,0,0,0,0,0,0,0,1,0,0,0,0
4974,0,0,0,0,1,0,0,0,0,0,0,0,0,0,0,0,0,0,0
4975,0,0,0,0,0,0,0,0,0,0,0,0,0,1,1,1,1,0,0
4978,0,0,0,0,0,0,0,1,0,0,0,0,0,1,0,0,1,0,0
4979,0,0,0,0,1,0,0,1,0,0,0,0,0,0,0,0,0,0,0
4980,0,1,0,0,1,0,0,0,1,0,0,0,0,0,0,1,0,0,0
4990,0,1,1,1,1,0,0,0,0,0,0,0,0,0,0,0,0,0,0
4992,0,0,0,0,1,0,0,0,0,0,0,0,0,0,1,0,0,0,0
4993,0,1,0,0,0,0,0,0,1,0,0,0,0,0,0,0,0,0,0
4994,0,0,0,0,1,0,0,1,0,0,0,0,0,0,1,0,0,0,0
4995,0,0,0,0,0,0,0,1,0,0,0,0,0,0,1,0,0,0,0
5004,0,0,0,0,1,0,0,0,0,0,0,0,0,0,0,0,0,0,0
5008,0,0,0,0,0,0,0,1,0,0,0,0,0,1,0,0,1,0,0
5009,0,0,0,0,0,0,0,1,0,0,0,0,0,0,0,0,0,0,0
5010,1,0,0,0,0,0,0,1,0,0,0,0,0,0,0,0,0,1,0
5013,0,0,0,0,1,0,0,1,0,0,0,0,0,1,0,0,0,0,0
5014,0,0,0,0,0,0,0,1,0,0,0,0,0,0,0,0,0,0,0
5015,0,0,0,0,0,0,0,1,0,0,0,0,0,0,1,0,0,0,0
5016,0,0,0,0,0,0,0,1,0,0,0,0,0,0,0,0,0,0,0
5021,0,0,0,0,1,1,0,0,0,0,0,0,0,1,0,0,1,0,0
5025,0,0,0,0,1,0,0,0,0,0,0,0,0,0,0,0,0,0,0
5026,1,0,0,0,0,0,0,0,0,0,0,0,0,1,0,0,1,0,0
5027,1,0,0,0,1,1,0,1,0,0,0,0,0,0,0,0,1,0,0
5039,1,1,0,0,0,0,0,0,1,0,0,0,0,0,0,0,0,0,0
5040,1,1,0,0,0,0,0,0,1,0,0,0,0,0,0,0,0,0,0
5047,1,0,0,0,1,0,0,0,0,0,0,0,0,0,0,0,0,0,0
5048,0,1,0,1,1,0,0,0,0,0,0,0,0,0,0,0,0,0,0
5049,1,0,0,0,1,1,0,1,0,0,0,0,0,0,0,0,0,0,0
5055,1,0,0,0,0,0,0,1,0,0,0,0,0,0,0,0,0,0,0
5060,0,0,0,0,1,0,0,1,0,0,0,0,0,0,0,0,0,1,0
5064,1,1,0,0,0,0,0,1,0,0,0,0,0,0,0,0,1,0,0
5065,0,0,0,0,0,0,0,1,1,0,1,0,0,1,0,0,1,0,0
5066,0,0,0,0,0,0,0,1,0,0,0,0,0,0,1,0,0,0,0
5072,0,0,1,0,0,0,0,0,0,0,0,0,0,0,0,1,0,0,0
5074,0,0,0,0,1,0,0,1,0,0,0,0,0,0,0,0,0,0,0
5092,0,0,0,1,1,0,0,0,0,0,0,0,0,0,0,0,0,0,0
5093,1,0,0,0,0,0,0,0,0,0,0,0,0,0,0,0,1,0,0
5094,1,0,0,0,0,0,0,0,0,0,0,0,0,0,0,1,0,0,0
5102,0,0,0,0,1,0,0,0,1,0,0,0,0,0,0,0,0,0,0
5103,0,0,0,1,1,0,0,1,0,0,0,0,0,0,0,0,0,0,0
5105,0,0,0,0,0,0,0,1,0,0,1,0,0,0,0,0,1,0,0
5106,0,0,0,0,1,0,0,0,0,0,0,0,1,0,1,0,0,0,0
5107,0,0,0,0,0,0,0,1,0,0,0,0,0,0,0,0,0,1,0
5108,0,0,0,0,0,1,0,1,0,0,0,0,0,0,0,0,1,0,0
5110,0,0,0,0,1,1,0,0,0,0,0,0,0,1,0,0,0,0,0
5111,0,0,0,0,0,0,0,1,0,0,0,0,0,0,0,0,1,0,0
5120,0,0,0,0,1,0,0,0,0,0,0,0,0,1,0,0,1,0,0
5127,0,0,0,0,0,0,0,1,1,0,0,0,0,1,1,0,1,0,0
5128,0,0,0,0,0,0,0,0,1,0,1,0,0,0,0,0,0,0,0
5135,0,0,0,0,1,0,0,0,0,0,0,0,0,0,1,0,0,0,0
5139,0,0,0,0,1,0,0,0,0,0,0,0,0,0,0,0,0,0,0
5146,0,0,1,0,0,0,0,0,1,0,1,0,0,0,0,1,0,0,0
5147,0,0,0,0,0,0,0,1,0,0,0,0,0,0,0,0,0,0,0
5151,0,0,0,0,1,0,0,0,0,0,0,0,0,0,1,0,0,0,0
5152,1,0,0,0,0,0,0,1,0,0,0,0,0,0,0,0,0,1,0
5159,0,0,1,1,1,0,0,0,0,0,0,0,1,0,0,0,0,0,0
5171,1,1,0,0,0,0,0,0,0,0,0,0,0,0,0,1,0,0,0
5177,0,0,0,0,0,0,0,1,0,0,0,0,0,0,1,0,0,0,0
5214,0,0,0,0,1,0,0,0,1,0,0,0,0,0,0,0,0,0,0
5218,0,1,1,1,1,0,0,0,0,0,0,0,0,0,0,0,0,0,0
5219,1,0,0,0,0,0,0,0,0,0,1,0,0,0,0,1,1,0,0
5220,1,0,0,0,1,0,0,0,0,0,0,0,0,0,0,0,0,0,0
5222,0,0,0,0,1,0,0,0,0,0,0,0,0,0,1,0,0,0,0
5225,0,0,0,0,0,0,0,1,0,0,0,0,0,0,1,0,0,0,0
5237,0,0,0,0,0,0,0,1,0,0,0,0,0,0,0,0,0,0,0
5247,1,0,0,0,1,0,0,0,0,0,0,0,0,0,0,0,0,0,0
5250,0,0,0,0,1,0,0,0,0,0,0,0,0,0,0,0,0,0,0
5254,1,0,0,0,0,0,0,0,0,0,1,0,0,0,0,0,1,0,0
5265,0,0,0,0,1,1,0,1,0,0,0,0,0,0,0,0,0,0,0
5266,0,0,0,0,0,0,0,0,0,0,0,0,0,0,0,0,1,0,0
5267,0,0,0,0,0,0,0,1,0,0,0,0,0,0,0,0,0,0,0
5269,0,0,0,0,0,0,0,1,0,0,0,0,0,0,0,0,0,0,0
5282,0,0,0,0,0,0,0,0,0,0,0,0,0,0,0,0,1,0,0
5283,0,0,0,0,1,0,0,0,0,0,0,0,0,0,0,0,0,0,0
5291,0,0,0,0,0,1,0,1,0,0,0,0,0,1,0,0,0,0,0
5292,0,0,0,0,1,0,0,0,0,0,0,0,0,0,0,0,0,0,0
5293,0,0,0,0,0,0,0,1,0,0,0,0,0,0,0,0,1,0,0
5294,0,0,0,0,0,1,0,1,0,0,0,0,0,0,0,0,1,0,0
5296,0,0,0,0,1,0,0,0,0,0,0,0,0,0,1,0,0,0,0
5298,0,0,0,0,1,0,0,0,0,0,0,0,0,0,1,0,0,0,0
5299,0,0,0,0,1,0,0,0,0,0,0,0,0,0,1,0,0,0,0
5303,0,0,0,0,1,0,0,0,0,0,0,0,0,0,1,0,0,0,0
5308,0,0,0,0,1,0,0,0,0,0,0,0,0,0,0,0,0,0,0
5309,0,0,0,0,1,0,0,0,0,0,0,0,0,0,1,0,0,0,0
5312,0,0,0,0,0,1,0,0,0,0,0,0,0,0,0,0,1,0,0
5313,1,1,0,0,0,0,0,0,1,0,0,0,0,0,0,0,1,0,0
5316,0,0,0,0,0,0,0,0,0,0,0,0,0,0,1,0,1,0,0
5319,0,0,0,0,0,1,0,0,0,0,0,0,0,0,0,0,1,0,0
5323,0,0,0,0,0,0,0,0,0,0,1,0,0,0,0,1,1,0,0
5325,0,0,0,0,0,0,1,0,0,0,0,0,0,0,0,0,0,0,0
5329,0,0,0,0,0,1,0,1,0,0,0,0,0,0,0,0,1,0,0
5339,0,0,0,0,1,0,0,1,0,0,0,0,0,0,0,0,0,0,0
5349,1,1,0,0,0,0,0,0,0,0,0,0,0,0,0,1,1,0,0
5363,0,0,0,0,1,0,0,0,0,0,0,0,0,0,0,0,0,0,0
5364,0,0,0,0,0,0,0,1,0,0,0,0,0,0,0,0,1,0,0
5377,0,0,0,0,1,0,0,1,0,0,0,0,0,0,1,0,0,0,0
5378,1,1,0,0,0,0,0,0,0,0,0,1,0,0,0,1,0,0,0
5379,0,0,0,0,0,0,0,1,0,0,0,0,0,0,0,0,0,0,0
5380,0,0,0,0,1,0,0,1,0,0,0,0,0,0,1,0,0,0,0
5385,0,0,0,0,0,0,1,0,0,0,0,0,0,0,0,0,0,0,0
5387,0,0,0,0,0,0,0,1,0,0,0,0,0,0,0,0,1,0,0
5388,1,0,0,0,0,1,0,1,0,0,0,0,0,1,0,0,1,0,0
5389,0,1,1,1,0,0,0,0,0,0,0,0,0,0,0,0,0,0,1
5391,0,0,0,0,0,0,0,1,0,0,0,0,0,0,0,0,0,0,0
5400,0,0,0,0,0,0,0,1,0,0,0,0,0,0,0,0,1,0,0
5401,0,0,0,0,1,0,0,0,0,0,0,0,0,0,0,0,0,0,0
5410,0,0,0,0,0,0,0,1,0,0,0,0,0,0,0,1,0,0,0
5414,1,0,0,0,1,1,0,0,0,0,0,0,0,0,0,0,0,0,0
5415,0,0,0,0,1,0,0,1,0,0,0,0,0,0,0,0,0,0,0
5418,1,0,0,0,0,0,0,0,0,0,0,0,0,1,0,0,1,0,0
5419,0,1,0,1,1,0,0,0,1,0,0,0,0,1,0,0,0,0,0
5420,1,0,0,0,0,0,0,1,0,0,0,0,0,0,0,0,0,1,0
5421,0,0,0,0,0,0,0,1,0,0,0,0,0,0,0,0,0,0,0
5438,1,0,0,0,1,0,0,0,0,0,0,0,0,0,0,0,0,0,0
5444,0,1,1,1,0,0,0,0,0,0,0,0,0,0,0,1,0,0,0
5445,1,0,0,0,0,1,0,0,0,0,0,0,0,1,0,1,1,0,0
5446,0,1,0,0,0,0,0,1,0,0,0,0,0,0,0,0,0,0,0
5449,0,0,0,0,1,0,0,0,0,0,0,0,0,0,1,0,0,0,0
5452,0,0,0,1,1,0,0,0,0,0,0,0,0,0,1,0,0,0,0
5459,1,0,0,0,1,0,0,0,0,0,0,0,0,0,0,1,0,0,0
5463,1,1,0,0,0,0,0,0,1,0,0,0,0,0,0,0,0,0,0
5464,0,0,0,0,0,1,0,1,0,0,0,0,0,0,0,0,0,0,0
5478,1,0,0,0,1,0,0,0,0,0,1,0,0,0,0,1,0,0,0
5479,1,1,0,0,0,0,0,1,0,0,0,0,0,0,0,0,1,0,0
5480,0,0,0,1,1,0,0,0,0,0,0,0,0,0,0,0,0,0,0
5481,0,0,0,0,1,0,0,0,0,0,0,0,0,0,0,0,0,0,0
5489,0,0,0,0,0,0,0,0,0,0,1,0,0,0,0,0,0,0,0
5500,0,0,0,0,1,0,0,0,0,0,0,0,0,0,0,0,0,0,0
5501,0,0,0,0,1,0,0,0,0,0,0,0,0,1,0,0,0,0,0
5502,0,0,0,0,0,0,0,0,0,0,1,0,0,0,0,1,1,0,0
5504,0,1,0,1,0,0,0,0,0,0,0,0,0,0,0,0,0,0,0
5505,0,0,0,0,1,0,0,1,0,0,0,0,0,0,0,0,0,0,0
5506,0,0,0,0,0,1,0,1,0,0,0,0,0,1,0,0,1,0,0
5507,1,0,0,0,0,1,0,0,0,0,0,0,0,0,0,0,1,0,0
5508,0,0,0,0,1,0,0,1,0,0,0,0,1,0,0,0,0,0,0
5522,1,0,0,0,0,0,0,1,0,0,0,0,0,0,0,1,0,0,0
5524,0,1,0,0,0,0,0,1,0,0,0,0,0,0,1,0,0,0,0
5528,0,0,0,0,0,0,0,1,0,0,0,0,0,0,0,0,1,0,0
5530,0,0,0,0,1,0,0,1,1,0,0,0,0,0,0,1,0,0,0
5540,1,1,0,0,0,0,0,0,1,0,0,0,0,0,1,0,0,0,0
5541,1,0,0,0,1,0,0,0,0,0,0,0,0,0,1,0,0,1,0
5544,0,0,0,0,0,0,0,0,0,0,0,0,0,0,0,1,1,0,0
5548,0,0,0,0,1,0,0,0,0,0,0,0,0,0,0,0,0,0,0
5553,0,0,0,0,1,1,0,0,0,0,0,0,0,0,1,0,1,0,0
5564,0,0,0,0,0,0,0,0,0,0,0,0,0,0,0,0,1,0,0
5568,0,0,0,0,1,0,0,0,0,0,0,0,0,0,0,0,0,0,0
5572,0,0,0,0,1,0,0,0,0,0,0,0,0,0,0,0,0,0,0
5574,1,0,0,0,0,1,0,0,0,0,0,0,0,0,0,0,0,0,0
5577,0,0,0,0,1,0,0,1,0,0,0,0,0,0,0,0,0,0,0
5582,0,1,0,0,1,0,0,0,0,0,0,0,0,0,0,0,0,0,0
5602,0,0,0,0,1,1,0,0,0,0,0,0,0,0,0,0,0,0,0
5608,0,0,0,0,0,0,0,1,0,0,0,0,0,0,0,0,1,0,0
5610,0,0,0,0,1,0,0,1,0,0,0,0,0,0,0,0,0,0,0
5611,0,1,0,0,0,0,0,0,0,0,0,0,0,0,0,0,0,1,0
5617,0,0,0,0,1,0,0,1,0,0,0,0,0,0,1,0,0,0,0
5618,0,1,1,0,0,0,0,0,1,0,0,0,0,0,0,0,0,0,0
5620,0,0,0,0,1,0,0,0,0,0,0,0,0,0,1,0,0,0,0
5621,1,0,0,0,1,0,0,0,0,0,0,0,0,0,0,0,0,0,0
5630,0,0,0,0,0,1,0,0,0,0,0,0,0,1,0,0,1,0,0
5650,0,0,0,0,1,0,0,0,0,0,0,0,0,0,0,0,0,0,0
5666,0,0,0,0,1,0,0,1,0,0,0,0,0,0,1,0,1,0,0
5668,0,0,0,0,0,0,0,1,0,0,0,0,0,0,0,0,0,0,0
5669,0,0,0,0,0,0,1,0,0,0,0,0,0,0,0,0,0,0,0
5673,0,0,0,0,1,0,0,1,0,0,0,0,0,0,1,0,0,0,0
5679,0,0,0,0,0,0,0,0,0,0,1,0,0,1,0,0,1,0,0
5690,0,0,1,0,0,0,0,1,0,0,0,0,0,0,0,0,0,1,0
5693,0,0,0,0,1,0,0,1,0,0,0,0,0,0,1,0,0,0,0
5712,0,0,0,0,0,0,0,0,0,0,0,0,0,1,0,0,1,0,0
5747,0,0,0,0,0,0,0,1,0,0,0,0,0,0,0,0,0,1,0
5772,0,0,0,0,0,0,0,1,0,0,0,0,0,0,0,0,0,0,0
5782,1,0,0,0,0,0,0,1,0,0,0,0,0,0,0,0,1,0,0
5784,0,0,0,0,0,0,0,0,0,0,1,0,0,0,0,0,0,0,0
5785,1,0,0,0,1,0,1,0,0,0,0,0,0,0,0,0,0,0,0
5791,0,0,0,0,0,0,0,1,0,0,0,0,0,0,1,0,0,0,0
5792,0,0,0,0,1,0,0,1,0,0,0,0,0,0,0,0,0,0,0
5796,1,1,0,0,1,0,0,0,0,0,0,0,0,0,0,0,0,0,0
5803,1,1,0,0,1,1,0,0,0,0,0,0,0,0,0,0,0,0,0
5804,0,0,0,1,1,0,0,0,1,0,0,0,0,0,1,0,0,0,0
5809,0,0,0,0,0,1,0,0,0,0,0,0,0,0,0,0,1,0,0
5810,0,0,0,0,0,0,0,1,0,0,0,0,0,0,0,0,0,0,0
5812,0,0,0,0,0,0,0,1,0,0,0,0,0,0,1,0,0,0,0
5816,0,1,0,0,0,0,0,0,1,0,0,0,0,0,0,0,0,0,0
5833,1,0,0,0,0,0,0,0,0,0,1,0,0,0,0,0,0,0,0
5853,0,0,0,0,0,0,0,0,0,0,1,0,0,0,0,1,1,0,0
5872,1,1,0,0,0,0,0,0,0,0,0,0,0,0,0,0,1,0,0
5876,0,0,0,0,0,0,0,1,0,0,0,0,0,0,0,0,1,1,0
5878,0,0,0,0,0,0,0,1,0,0,0,0,0,0,1,0,0,0,0
5881,0,0,0,0,0,0,0,1,0,0,0,0,0,0,1,1,0,0,0
5882,0,1,1,1,0,0,0,0,0,0,0,1,0,0,0,1,0,0,0
5893,0,0,0,0,0,1,0,1,0,0,0,0,0,0,0,0,1,0,0
5899,1,0,0,0,0,0,0,1,0,0,0,0,0,0,0,0,0,1,0
5900,0,0,0,0,1,1,0,0,0,0,0,0,0,0,0,0,0,0,0
5902,0,0,0,0,1,0,0,1,0,0,0,0,0,0,1,0,0,0,0
5903,1,0,0,0,0,0,0,0,0,0,0,0,0,0,0,1,1,0,0
5941,0,0,0,0,1,0,0,1,0,0,0,0,1,0,1,0,0,0,0
5942,0,0,0,0,1,0,0,0,0,0,0,0,0,0,0,0,0,0,0
5943,0,0,0,0,1,0,0,0,0,0,0,0,0,0,1,0,0,0,0
5944,1,0,0,0,0,0,0,1,0,0,0,0,0,0,0,1,1,0,0
5945,0,0,0,0,1,0,0,1,0,0,0,0,0,0,0,0,0,0,0
5952,0,1,0,0,0,0,0,0,1,0,0,0,0,0,0,0,0,0,0
5954,0,0,0,0,0,1,0,1,0,0,0,0,0,0,0,0,0,0,0
5955,0,0,0,0,0,0,0,1,0,0,0,0,0,0,0,0,0,0,0
5956,0,0,0,0,0,1,0,1,0,0,0,0,0,0,0,0,0,0,0
5957,0,0,0,0,1,0,0,0,0,0,0,0,0,0,1,0,0,0,0
5959,0,0,0,0,0,1,0,1,0,0,0,0,0,0,0,0,1,0,0
5970,0,0,0,0,1,0,0,1,0,0,0,0,0,0,1,0,0,0,0
5971,0,0,1,1,0,0,0,1,1,0,0,0,0,0,0,0,0,0,0
5989,0,0,0,0,0,1,0,1,0,0,0,0,0,0,0,0,0,0,0
5991,0,0,0,0,1,1,0,1,0,0,0,0,1,0,0,0,0,0,0
5992,0,0,0,0,0,0,0,1,0,0,0,0,0,0,1,0,0,0,0
5995,0,0,0,0,0,0,0,1,0,0,0,0,0,0,0,0,0,1,0
6001,0,0,0,0,1,0,0,1,0,0,0,0,0,0,0,0,0,0,0
6003,0,0,0,0,1,1,0,1,0,0,0,0,0,0,0,0,1,0,0
6006,0,0,0,0,1,0,0,0,0,0,0,0,0,0,1,0,0,0,0
6013,1,0,0,0,1,0,0,0,0,0,0,0,0,0,0,0,0,0,0
6014,1,0,0,0,1,0,0,0,0,0,0,0,0,0,0,0,0,0,0
6016,1,1,0,0,0,1,0,1,0,0,0,0,0,0,0,0,1,0,0
6058,0,0,0,0,0,0,0,0,0,0,1,0,0,0,0,0,1,0,0
6059,1,0,0,0,0,0,0,0,0,0,0,0,0,0,0,0,1,0,0
6062,0,0,0,0,0,0,1,0,0,0,0,0,0,0,0,0,0,0,0
6078,1,0,0,0,0,0,0,0,0,0,0,0,0,0,0,1,1,0,0
6093,0,0,1,1,0,0,0,0,1,0,0,0,0,0,0,0,0,0,0
6104,0,0,0,0,1,0,0,0,0,0,0,0,0,0,0,0,0,0,0
6155,0,0,0,0,1,0,0,0,0,0,0,0,0,0,1,0,0,0,0
6156,1,1,0,0,1,0,0,0,0,0,0,0,0,0,0,0,0,0,0
6157,1,0,0,0,0,1,0,0,0,0,0,0,0,0,0,0,0,0,0
6166,0,0,0,0,1,0,0,0,0,0,0,0,0,0,0,0,0,0,0
6170,0,1,0,1,0,0,0,1,0,0,0,0,0,0,0,0,0,0,0
6184,0,0,0,0,0,0,0,1,0,0,0,0,0,0,0,1,0,0,0
6187,0,0,0,0,0,1,0,1,0,0,0,0,0,0,0,0,1,0,0
6188,0,0,0,0,1,0,0,0,0,0,0,0,0,0,0,0,0,0,0
6197,0,0,0,0,0,0,0,1,0,0,0,0,0,1,0,0,0,0,0
6212,0,0,0,0,1,0,0,0,0,0,0,0,0,0,0,0,0,0,0
6213,1,0,0,0,0,0,0,1,0,0,0,0,0,0,0,0,1,0,0
6214,0,0,0,0,0,1,0,1,0,0,0,0,0,1,0,0,1,0,0
6218,0,0,0,0,1,0,0,1,0,0,0,0,0,0,1,0,0,0,0
6219,1,0,0,0,0,0,0,1,0,0,0,0,0,0,0,0,1,0,0
6238,0,0,0,0,1,0,0,1,0,0,0,0,0,0,1,0,0,0,0
6242,0,0,0,0,0,0,0,0,0,0,1,0,0,1,0,0,1,0,0
6250,0,0,0,0,0,0,0,1,0,0,1,0,0,0,0,1,1,0,0
6263,0,0,0,0,0,0,0,1,0,0,0,0,0,0,0,0,1,1,0
6264,1,0,0,0,0,0,0,1,0,0,0,0,0,0,0,1,1,0,0
6266,0,0,0,0,1,0,0,1,0,0,0,0,0,0,1,0,0,0,0
6281,0,0,0,0,0,0,0,1,0,0,0,0,0,0,0,0,1,0,0
6283,1,0,1,0,0,0,0,0,0,0,0,0,0,0,0,1,1,0,0
6286,0,0,0,0,1,1,0,1,0,0,0,0,0,0,0,0,0,0,0
6287,0,0,0,0,1,0,0,0,0,0,0,0,0,0,0,0,0,0,0
6290,0,0,0,0,0,0,0,0,0,0,1,0,0,0,0,0,0,0,0
6291,0,0,0,0,0,1,0,1,0,0,0,0,0,0,0,0,0,0,0
6294,1,1,0,0,0,0,0,0,0,0,0,0,0,0,0,1,0,0,0
6296,0,0,0,0,1,0,0,0,0,0,0,0,1,0,0,0,0,0,0
6297,0,1,0,1,1,0,0,0,0,0,0,0,0,1,0,0,0,0,0
6299,0,0,0,0,0,0,1,0,0,0,0,0,0,0,0,0,0,0,0
6301,0,0,0,0,0,0,0,1,0,0,0,0,0,0,0,0,1,0,0
6303,0,0,0,0,0,0,0,0,0,0,0,0,0,1,0,1,0,0,0
6305,0,0,0,0,0,0,0,1,0,0,0,0,0,0,0,1,0,0,0
6322,0,0,0,0,0,1,0,0,0,0,0,0,0,0,0,0,1,0,0
6323,0,0,0,0,0,1,0,0,0,0,1,0,0,1,0,0,1,0,0
6331,0,0,0,0,0,0,1,0,0,0,0,0,0,0,0,0,0,0,0
6333,1,1,0,0,0,0,0,0,0,0,0,0,0,0,0,1,1,0,0
6338,0,0,0,1,1,0,0,0,0,0,0,0,0,0,0,0,0,0,0
6350,1,1,1,1,0,0,0,0,1,0,0,0,0,0,0,1,0,0,0
6365,1,1,0,0,0,0,0,0,0,0,0,1,0,0,0,1,1,0,0
6367,0,0,0,0,1,0,0,0,0,0,0,0,0,0,1,0,0,0,0
6370,0,0,0,0,1,0,0,1,0,0,0,0,0,0,1,0,0,0,0
6373,0,0,0,0,1,0,0,1,1,0,0,0,0,0,1,0,0,0,0
6377,0,1,1,1,1,0,0,0,0,0,0,0,0,0,0,0,0,0,0
6378,1,0,0,0,0,1,0,0,0,0,0,0,0,0,0,0,0,0,0
6379,0,0,0,0,0,0,0,0,0,0,1,0,0,0,0,0,1,0,0
6380,0,0,0,0,0,0,1,0,0,0,0,0,0,0,0,0,0,0,0
6383,1,0,0,0,0,1,0,0,0,0,0,0,0,0,0,0,1,0,0
6385,0,0,0,0,0,0,0,1,0,0,0,0,0,0,0,0,0,0,0
6436,0,0,0,0,0,0,0,1,0,0,0,0,0,0,0,0,0,0,0
6440,0,0,0,0,0,0,0,1,0,0,0,0,0,0,0,0,1,0,0
6482,0,0,0,0,1,0,0,0,0,0,0,0,0,0,0,0,0,0,0
6484,1,0,0,0,0,1,0,1,0,0,0,0,0,0,0,0,0,0,0
6502,1,0,0,0,0,0,0,0,0,0,1,0,0,0,0,1,0,0,0
6503,1,1,0,0,1,1,0,0,0,0,0,0,0,0,0,0,1,0,0
6534,1,1,0,0,0,0,0,0,0,0,0,0,0,0,0,1,0,0,0
6535,0,0,0,0,1,0,0,0,0,0,0,0,0,0,0,0,0,0,0
6537,1,1,0,0,0,0,0,0,0,0,0,0,0,0,0,1,0,0,0
6538,0,0,0,0,0,0,0,1,0,0,0,0,0,1,0,0,1,0,0
6539,1,1,0,0,1,0,0,0,1,0,0,0,0,0,0,0,0,0,0
6541,1,0,0,0,0,0,0,0,1,0,0,0,0,0,0,1,0,0,0
6548,1,0,0,0,1,1,0,0,0,0,0,0,0,0,0,0,1,0,0
6550,1,0,0,0,1,0,0,0,0,0,0,0,0,0,0,0,1,0,0
6552,0,0,0,0,0,1,0,1,0,0,0,0,0,0,0,0,1,0,0
6564,1,1,0,0,1,0,0,0,0,0,0,0,0,0,1,0,1,0,0
6565,0,0,0,0,0,0,0,1,0,0,0,0,0,0,0,0,0,0,0
6566,1,1,0,1,0,0,0,0,0,0,0,0,0,0,0,0,0,0,0
6586,0,0,0,0,1,0,0,0,0,0,0,0,0,0,0,0,0,0,0
6591,0,0,0,0,0,0,0,1,0,0,0,0,0,0,0,0,0,0,0
6593,0,0,0,1,1,0,0,0,1,0,0,0,0,0,0,0,0,0,0
6595,1,0,0,0,0,0,0,0,0,0,0,0,0,0,0,0,1,0,0
6615,1,0,0,0,0,0,0,0,0,0,1,0,0,0,0,0,1,0,0
6617,0,0,0,0,0,0,0,0,0,0,0,0,0,0,0,0,0,0,1
6618,1,0,0,0,1,0,0,0,0,0,0,0,0,0,0,0,0,0,0
6620,0,0,0,0,1,0,0,1,0,0,0,0,0,0,0,0,0,0,0
6624,1,1,0,1,0,0,0,0,1,0,0,0,0,0,0,0,0,0,0
6636,0,0,0,0,1,0,0,0,0,0,0,0,0,0,1,0,0,0,0
6639,0,0,0,0,0,0,0,1,0,0,0,0,0,0,0,0,1,0,0
6643,0,0,0,0,0,0,0,1,0,0,0,0,0,0,0,0,0,0,0
6645,1,1,0,0,0,0,0,1,0,0,0,0,0,0,0,1,0,0,0
6650,0,0,0,0,1,0,0,1,0,0,0,0,0,0,0,0,0,0,0
6659,0,0,0,0,1,0,0,0,0,0,1,0,0,0,0,1,0,0,0
6662,0,0,0,0,1,1,0,0,0,0,0,0,0,0,0,0,0,0,0
6663,0,0,0,0,1,1,0,0,0,0,0,0,0,0,0,0,0,0,0
6664,1,1,0,0,0,0,0,0,0,0,0,0,0,0,0,0,0,0,0
6666,0,0,0,0,1,0,0,1,1,0,0,0,0,0,0,0,0,0,0
6669,0,0,0,0,0,0,0,1,0,0,0,0,0,0,0,0,0,0,0
6695,0,0,0,0,0,0,0,0,0,0,1,0,0,0,0,0,1,0,0
6707,0,0,0,0,0,0,0,0,0,0,1,0,0,0,0,0,1,0,0
6708,0,0,0,0,1,1,0,1,0,0,0,0,0,0,0,0,0,0,0
6709,1,1,0,0,0,1,0,0,0,0,0,0,0,0,0,0,1,0,0
6711,0,0,0,0,1,0,0,1,0,0,0,0,0,0,1,0,0,0,0
6724,0,0,0,0,1,1,0,1,0,0,0,0,0,0,0,0,0,0,0
6731,0,0,0,0,0,0,0,0,0,0,1,0,0,0,0,1,1,0,0
6753,0,0,0,1,1,0,0,1,0,0,0,0,0,0,0,0,0,0,0
6754,1,0,0,0,0,0,0,0,1,0,1,0,0,0,0,0,0,0,0
6755,0,0,0,0,1,0,0,0,0,0,1,0,0,0,0,0,0,0,0
6763,0,0,0,0,1,1,0,0,0,0,0,0,0,0,0,0,0,0,0
6764,1,1,0,0,1,0,0,0,0,0,0,0,0,0,0,0,0,0,0
6765,0,0,0,0,1,0,0,1,0,0,0,0,0,0,1,0,0,0,0
6773,0,0,1,0,1,0,0,0,1,0,0,0,0,0,0,0,0,0,0
6774,0,0,0,0,0,0,0,0,1,0,1,0,0,0,0,1,1,0,0
6777,0,0,0,0,0,0,0,1,0,0,0,0,0,0,0,0,0,0,0
6783,0,0,0,0,1,0,0,1,0,0,0,0,0,0,0,0,0,0,0
6785,0,0,0,0,1,0,0,0,0,0,0,0,1,0,1,0,0,0,1
6786,0,0,0,0,0,0,0,1,0,0,0,0,0,0,0,0,0,0,0
6787,0,0,0,0,0,0,0,1,0,0,0,0,0,0,0,0,1,0,0
6791,0,0,0,0,0,0,0,1,0,0,0,0,0,0,0,0,0,0,0
6793,0,0,0,1,1,0,0,1,0,0,0,0,0,0,0,0,0,0,0
6794,0,0,0,1,1,0,0,0,0,0,0,0,0,0,0,0,0,0,0
6796,0,0,0,0,0,1,0,1,0,0,0,0,0,0,0,0,0,0,0
6797,0,0,0,0,0,1,0,1,0,0,0,0,0,0,0,0,0,0,0
6800,1,0,0,0,0,1,0,0,0,0,0,0,0,0,0,0,0,0,0
6807,0,0,0,0,1,0,0,0,0,0,0,0,0,0,0,0,0,0,0
6808,1,1,0,0,0,0,0,0,0,0,0,0,0,0,0,0,0,1,0
6810,0,0,0,0,0,0,0,1,0,0,0,0,0,0,0,0,1,0,0
6820,0,0,0,0,0,0,0,1,0,0,1,0,0,0,0,0,1,0,0
6832,0,0,0,0,0,0,0,1,0,0,0,0,0,0,0,0,0,0,0
6852,0,0,0,0,0,1,0,1,0,0,0,0,0,0,0,0,0,0,0
6857,1,1,1,0,0,0,0,0,1,0,0,0,0,0,0,0,0,0,0
6862,0,0,0,0,0,1,0,1,0,0,0,0,0,0,0,0,1,0,0
6863,0,0,0,0,1,0,0,0,0,0,0,0,1,0,0,0,0,0,0
6867,0,0,0,0,1,0,0,1,0,0,0,0,0,0,0,0,0,0,0
6870,0,0,0,0,0,1,0,1,0,0,0,0,0,1,0,0,0,0,0
6873,0,0,0,0,1,0,0,0,0,0,0,0,0,0,1,0,0,0,0
6874,1,0,0,0,0,1,0,0,0,0,0,0,0,0,0,0,1,0,0
6879,0,0,0,0,0,0,0,1,0,0,0,0,0,0,0,0,1,0,0
6880,0,0,0,0,0,0,0,0,0,0,1,0,0,0,0,0,0,0,0
6881,0,0,0,0,1,0,0,1,0,0,0,0,0,0,0,0,0,0,0
6887,0,0,0,0,0,0,0,1,0,0,0,0,0,0,0,0,0,0,0
6888,0,0,0,0,1,0,0,0,0,0,1,0,0,0,0,0,0,0,0
6889,0,1,1,1,0,0,0,0,0,0,0,0,0,0,0,0,0,0,0
6890,0,0,0,0,0,0,0,1,0,0,0,0,0,0,0,0,0,0,0
6893,1,0,0,0,1,1,0,0,0,0,0,0,0,0,0,0,0,0,0
6932,0,0,0,0,0,1,0,1,0,0,0,0,0,0,0,0,0,0,0
6934,1,1,0,0,0,0,0,0,0,0,0,1,0,0,0,1,1,0,0
6936,0,0,0,1,1,0,0,0,1,0,0,0,0,0,0,0,0,0,0
6942,0,0,0,0,1,0,0,1,0,0,0,0,0,0,1,0,0,0,0
6944,0,0,0,0,1,0,0,0,0,0,0,0,0,0,0,0,0,0,0
6947,0,1,0,0,0,0,0,1,0,0,0,0,0,0,0,0,0,1,0
6950,0,1,0,0,0,0,0,0,0,0,0,0,0,0,0,0,1,0,1
6951,0,0,0,1,1,0,0,0,0,0,0,0,0,0,0,0,0,0,0
6952,0,0,0,0,0,0,0,0,0,0,1,0,0,0,0,0,1,0,0
6953,0,0,0,0,0,1,0,1,0,0,0,0,0,1,1,0,1,0,0
6954,0,0,0,0,1,1,0,1,0,0,0,0,0,1,1,0,0,0,0
6957,0,0,0,0,1,1,0,0,0,0,0,0,0,0,0,0,0,0,0
6958,0,0,0,1,1,0,0,0,1,0,1,0,0,0,0,0,0,0,0
6959,1,1,0,0,0,0,0,0,0,0,0,0,0,0,0,1,0,0,0
6966,1,0,0,0,0,1,0,0,1,0,0,0,0,0,0,1,1,0,0
6974,0,0,0,0,1,1,0,0,0,0,0,0,0,0,0,0,0,0,0
6975,0,0,0,0,0,0,0,1,0,0,1,0,0,0,0,0,1,0,0
6979,0,0,0,0,0,0,0,1,0,0,0,0,0,0,0,1,1,0,0
6985,0,0,0,0,0,0,0,1,0,0,0,0,0,0,0,0,0,0,0
6987,0,0,0,0,0,1,0,0,1,0,1,0,0,0,0,0,0,0,0
6993,0,0,0,0,1,0,0,1,0,0,0,0,0,0,1,0,0,0,0
6996,1,0,0,0,0,0,0,0,0,0,0,0,0,0,0,1,0,0,0
7000,1,1,0,0,1,0,0,0,0,0,0,0,0,0,0,0,0,0,0
7001,0,0,0,0,0,0,0,0,0,0,1,0,0,1,0,1,1,0,0
7004,1,0,0,0,1,1,0,0,0,0,0,0,0,0,0,0,1,0,0
7007,1,0,0,0,1,1,0,1,0,0,0,0,0,0,0,0,1,0,0
7008,0,0,0,0,0,0,0,1,0,0,0,0,0,0,1,0,0,0,0
7013,0,0,0,0,0,0,0,1,0,1,0,0,0,0,0,0,1,0,0
7017,1,0,0,0,0,0,0,0,0,0,0,0,0,0,0,0,1,0,0
7018,0,0,0,0,0,1,0,1,0,0,0,0,0,0,0,0,1,0,0
7022,1,0,0,0,0,0,0,1,0,0,1,0,0,0,0,0,1,0,0
7027,1,0,0,0,0,0,0,0,0,0,0,0,0,0,0,0,0,0,1
7028,0,0,0,0,1,1,0,0,0,0,0,0,0,0,0,0,0,0,0
7033,0,0,0,0,1,0,0,0,0,0,0,0,0,0,1,0,0,0,0
7034,0,0,0,0,0,0,0,1,0,0,0,0,0,0,1,0,0,0,0
7036,0,0,0,0,1,0,0,0,1,0,0,0,0,0,0,0,0,0,0
7040,1,0,0,0,0,1,0,1,0,0,0,0,0,0,0,0,1,0,0
7044,0,0,0,0,0,1,0,1,0,0,0,0,0,1,1,0,1,0,0
7045,0,0,0,1,0,0,0,0,1,0,0,0,0,0,0,0,0,0,0
7046,0,0,0,0,1,0,0,0,1,0,1,0,0,0,0,0,1,0,0
7060,0,0,0,0,0,0,0,1,0,0,0,0,1,0,0,0,0,0,0
7063,0,1,0,0,0,0,0,1,0,0,0,0,0,0,0,0,0,0,0
7064,0,0,0,0,0,0,0,1,1,0,0,0,0,0,0,0,0,0,0
7072,1,0,0,0,0,0,0,1,0,0,0,0,0,0,1,0,0,0,1
7073,0,0,0,0,1,1,0,0,0,0,0,0,0,1,0,0,0,0,0
7076,1,0,0,0,0,1,0,1,0,0,0,0,0,0,0,0,1,0,0
7084,0,0,0,0,1,0,0,0,0,0,0,0,0,0,1,0,0,0,0
7090,1,1,0,0,0,0,0,1,0,0,0,0,0,0,0,0,0,0,0
7099,0,1,1,0,0,0,0,1,1,0,0,0,0,0,0,1,0,0,0
7101,0,0,0,0,1,0,0,0,0,0,0,0,0,0,1,0,0,0,0
7102,0,0,0,0,1,1,0,1,0,0,0,0,0,0,0,0,0,0,0
7104,0,0,0,0,1,0,0,0,0,0,0,0,0,0,0,0,0,1,0
7116,0,0,0,0,0,0,0,0,0,0,1,0,0,1,0,0,1,0,0
7121,0,0,0,0,1,0,0,0,0,0,0,0,0,0,1,0,0,0,0
7123,0,0,0,0,0,0,0,1,1,0,0,0,0,1,0,1,0,0,0
7132,0,0,0,0,1,0,0,0,0,0,0,0,1,0,1,0,0,0,0
7137,0,0,0,0,1,0,0,1,0,0,0,0,0,0,1,0,0,0,0
7139,0,0,0,0,0,0,0,1,0,0,0,0,0,0,1,0,0,0,0
7143,1,1,0,0,0,0,0,1,0,0,0,0,0,0,0,0,0,1,0
7147,0,0,0,0,0,0,0,1,1,0,0,0,0,0,1,0,0,0,0
7149,0,0,0,0,1,0,0,1,0,0,0,0,0,0,1,0,0,0,0
7150,0,0,0,0,1,0,0,0,0,0,0,0,0,0,0,0,0,0,0
7151,0,0,0,0,0,0,0,1,0,0,0,0,0,0,1,0,0,0,0
7153,1,1,0,0,0,0,0,1,1,0,0,0,0,0,0,0,0,0,0
7154,0,0,0,0,0,0,0,1,0,0,0,0,0,0,1,0,0,0,0
7155,0,0,0,0,1,0,0,0,0,0,0,0,0,0,0,0,0,0,0
7156,0,0,0,0,0,0,1,0,0,0,0,0,0,0,0,0,0,1,0
7158,0,0,0,0,0,0,0,1,0,0,0,0,0,0,0,0,0,0,0
7160,0,0,0,0,0,1,0,1,0,0,0,0,0,0,0,0,0,0,0
7161,0,0,0,1,1,0,0,0,0,0,0,0,0,0,0,0,0,0,0
7162,0,0,0,0,0,0,0,1,0,0,0,0,0,0,1,0,0,1,0
7163,1,0,0,0,0,0,0,0,0,0,0,0,0,0,0,1,1,0,0
7164,1,1,0,1,0,0,0,0,1,0,0,0,0,0,0,0,0,0,0
7173,0,0,0,0,1,0,0,0,0,0,0,0,0,0,1,0,0,0,0
7215,0,1,0,0,0,0,0,1,0,0,0,0,0,0,1,0,1,1,0
7228,0,0,1,0,1,0,0,0,1,0,0,0,0,0,0,0,0,0,0
7234,0,0,0,0,0,0,0,1,0,0,0,0,0,0,0,0,0,0,0
7235,1,0,0,0,1,1,0,1,0,0,1,0,0,0,0,0,1,0,0
7247,0,1,0,1,1,0,0,0,1,0,0,0,1,0,0,0,0,0,0
7254,0,0,0,0,0,0,0,1,0,0,0,0,0,0,0,1,1,0,0
7255,0,0,0,0,1,0,0,0,0,0,0,0,0,0,1,0,0,0,0
7256,0,1,0,0,0,0,1,0,0,0,0,0,0,0,0,0,0,0,0
7263,0,0,0,0,0,0,0,1,0,0,0,0,0,0,0,0,0,0,0
7265,0,0,0,0,0,0,0,1,0,0,0,0,0,0,0,0,0,0,0
7285,0,0,0,0,0,0,0,1,0,0,0,0,0,0,0,0,0,0,0
7293,0,0,0,0,1,0,0,0,0,0,0,0,0,0,1,0,0,0,0
7317,0,1,0,0,1,0,0,0,0,0,0,0,0,0,0,0,0,0,0
7318,0,0,0,0,0,0,0,1,0,0,0,0,0,0,0,0,0,0,0
7323,0,0,0,0,1,0,0,1,0,0,0,0,0,0,0,0,0,0,0
7324,0,1,0,0,0,0,0,1,0,0,0,0,0,0,0,0,0,0,0
7325,1,0,0,0,1,1,0,0,0,0,0,0,0,0,0,0,1,0,0
7327,0,0,0,0,0,0,0,1,0,0,0,0,0,0,0,0,0,0,0
7346,0,0,0,0,1,0,0,0,0,0,0,0,0,0,1,0,0,0,0
7347,0,0,0,0,0,0,0,0,0,0,0,0,0,1,0,0,1,0,0
7348,0,0,0,0,0,0,0,0,0,0,0,0,0,0,0,0,1,0,0
7360,1,0,0,0,0,0,0,1,0,0,1,0,0,0,0,0,1,0,0
7361,0,0,0,0,0,0,0,1,0,0,0,0,0,0,1,1,0,0,0
7362,0,0,0,0,0,1,0,1,0,0,0,0,0,0,0,0,1,0,0
7366,0,0,0,0,1,0,0,1,0,0,0,0,0,0,1,0,0,0,0
7367,0,0,0,0,1,1,0,0,0,0,0,0,0,0,0,0,0,0,0
7369,1,1,0,1,1,0,0,0,0,0,0,0,0,1,0,0,0,0,0
7371,0,0,0,0,0,0,0,1,0,0,0,0,0,1,0,0,1,0,0
7373,1,1,0,0,0,0,0,0,1,0,1,0,0,0,0,0,0,0,0
7376,1,0,0,0,0,0,0,0,0,0,0,0,0,0,0,0,0,0,0
7380,0,0,0,0,1,0,0,0,1,0,0,0,0,0,1,0,0,0,0
7381,1,0,0,0,1,1,0,0,0,0,0,0,0,0,0,0,0,0,0
7386,0,1,0,0,0,0,0,1,0,0,0,0,0,0,0,0,0,0,0
7387,1,0,0,0,0,0,0,1,0,0,1,0,0,0,0,0,0,0,0
7419,0,0,0,0,1,0,0,0,0,0,0,0,0,0,0,0,1,0,0
7438,1,0,0,0,0,0,0,1,0,0,0,0,0,0,0,0,1,0,0
7439,1,0,0,0,0,1,0,0,0,0,0,0,0,0,0,0,1,0,0
7444,0,0,0,0,1,0,0,0,1,0,0,0,0,0,1,0,0,0,0
7445,1,0,0,0,0,1,0,1,0,0,0,0,0,1,0,0,1,0,0
7451,0,0,0,0,1,0,0,0,0,0,0,0,0,0,0,0,0,0,0
7454,1,1,0,0,0,0,0,0,1,0,1,0,0,0,0,0,0,0,0
7458,1,1,0,0,0,0,0,1,0,0,0,0,0,0,0,0,0,1,0
7460,0,0,0,0,1,0,0,1,0,0,0,0,0,0,0,0,0,0,0
7481,0,1,0,0,0,0,0,1,0,0,0,0,0,0,0,1,0,0,0
7482,1,0,0,0,0,1,0,0,0,0,0,0,0,0,0,0,0,0,0
7560,0,0,0,0,0,0,0,1,0,0,0,0,0,0,0,0,1,1,0
7569,1,1,0,0,0,0,0,0,0,0,0,0,0,0,0,1,1,0,0
7570,1,1,0,0,0,0,0,0,0,0,0,0,0,0,0,0,1,0,0
7573,1,1,0,0,0,0,0,0,0,0,0,0,0,0,0,0,1,0,0
7587,0,0,0,0,0,1,0,1,0,0,0,0,0,0,0,0,1,0,0
7618,0,0,0,0,0,0,0,1,0,0,0,0,0,0,0,0,0,0,0
7669,0,0,0,0,0,0,0,1,0,0,0,0,0,0,1,0,0,0,0
7698,0,0,0,0,0,0,0,1,0,0,0,0,0,0,0,0,1,0,0
7700,1,1,0,0,0,0,0,1,0,0,0,0,0,0,0,0,1,0,0
7701,0,0,0,0,1,0,0,0,0,0,0,0,0,0,1,0,0,0,0
7706,0,0,0,0,1,0,0,0,0,0,0,0,1,0,0,0,0,0,0
7757,1,1,0,0,0,0,0,0,1,0,0,0,0,0,0,0,0,0,0
7766,1,0,0,0,0,0,0,1,0,0,0,0,0,0,0,0,1,1,0
7802,1,1,0,0,0,1,0,0,0,0,0,0,0,0,0,0,1,0,0
7827,1,0,0,0,0,0,0,0,0,0,0,0,0,0,0,1,1,0,0
7836,0,0,0,0,0,0,1,0,0,0,0,0,1,0,0,0,0,0,0
7925,1,1,0,0,0,0,0,0,0,0,0,0,0,0,0,0,0,0,0
7934,0,0,0,0,1,0,0,0,0,0,0,0,0,0,0,0,0,0,0
7980,1,0,0,0,0,0,0,1,0,0,0,0,0,0,0,0,0,1,0
7981,0,0,0,0,0,1,0,1,0,0,0,0,0,0,0,0,1,0,0
7982,0,0,0,0,0,0,0,1,0,0,1,0,0,1,0,0,1,0,0
7983,0,0,0,0,1,0,0,0,0,0,0,0,0,0,0,0,0,0,0
8014,0,0,0,0,0,0,0,1,0,0,0,0,0,0,0,0,0,0,0
8042,0,0,0,0,0,1,0,1,0,0,0,0,0,0,0,0,0,0,0
8132,1,0,0,0,0,0,0,1,0,0,0,0,0,0,0,0,0,0,0
8154,0,0,0,0,0,0,0,1,0,0,0,0,0,0,0,0,0,0,0
8169,0,0,0,1,1,0,0,0,1,0,0,0,0,0,0,1,0,0,0
8207,0,0,0,0,0,1,0,0,0,0,0,0,0,0,0,0,1,0,0
8228,0,0,0,0,0,0,0,0,0,0,0,0,0,1,0,0,0,0,0
8337,0,0,0,0,0,0,0,1,0,0,0,0,0,0,0,0,0,1,0
8340,0,0,0,0,0,0,0,1,0,0,0,0,0,0,0,0,1,0,0
8360,0,1,1,1,1,0,0,0,0,0,0,0,1,0,1,0,0,0,0
8361,1,1,0,0,0,0,0,1,0,0,0,0,0,0,0,1,1,0,0
8366,0,0,0,0,1,0,0,1,0,0,0,0,0,0,0,0,0,0,0
8368,0,1,0,0,0,0,0,0,1,0,0,1,0,0,0,0,0,0,0
8369,1,0,0,0,0,1,0,0,0,0,1,0,0,1,0,0,1,0,0
8370,1,0,0,0,1,1,0,1,0,0,0,0,0,0,0,0,0,0,0
8371,1,0,0,0,0,0,0,0,0,0,0,0,0,0,0,1,1,0,0
8372,0,0,1,1,1,0,0,0,0,0,0,0,0,0,0,0,0,0,0
8373,0,0,0,0,1,0,0,0,1,0,0,0,0,0,0,0,1,0,0
8376,0,0,0,0,1,0,0,0,0,0,0,0,0,0,0,0,0,0,0
8387,0,0,0,0,1,1,0,0,0,0,0,0,0,0,0,0,0,0,0
8464,0,0,0,0,1,0,1,1,0,0,0,0,0,0,0,0,0,0,0
8477,0,0,0,0,0,0,0,0,0,0,0,0,0,0,1,1,0,0,0
8493,1,0,0,0,0,0,0,1,0,0,0,0,0,0,0,0,0,1,0
8501,1,0,0,0,0,0,0,0,0,0,0,0,0,0,0,0,1,0,0
8507,0,0,0,0,0,1,0,1,0,0,1,0,0,0,0,0,0,0,0
8526,0,1,0,1,1,0,0,0,0,0,0,0,0,0,0,0,0,0,0
8528,0,0,0,0,1,0,0,0,0,0,0,0,0,0,0,0,0,0,0
8529,0,0,0,0,1,0,0,1,0,0,0,0,0,0,1,0,0,0,0
8531,1,0,0,0,1,1,0,0,0,0,0,0,0,0,0,0,0,0,0
8533,0,0,0,0,0,0,0,1,0,0,0,0,0,0,1,0,0,0,0
8542,0,0,0,0,1,0,0,0,0,0,0,0,1,0,0,0,0,0,0
8581,0,0,0,0,0,0,1,1,0,0,0,0,0,0,0,0,0,0,0
8596,0,0,0,0,1,1,0,0,0,0,0,0,0,0,0,0,0,0,0
8604,1,0,0,0,1,0,0,0,0,0,0,0,0,0,0,0,0,0,0
8607,0,1,1,0,0,0,0,1,0,0,0,0,0,0,0,0,0,0,0
8610,0,0,0,0,1,0,0,0,1,0,0,0,0,0,0,0,0,0,0
8614,0,0,0,0,1,0,0,0,0,0,0,0,0,0,1,0,0,0,0
8622,0,0,0,0,0,0,1,0,0,0,0,0,0,0,0,0,0,0,0
8623,0,0,0,0,1,0,0,0,0,0,0,0,0,0,1,0,0,0,0
8633,1,1,0,0,1,0,0,0,0,0,0,0,0,0,0,1,0,0,0
8636,1,1,0,0,0,0,0,0,0,0,0,1,0,0,0,1,0,0,0
8638,0,0,0,0,0,0,0,1,0,0,0,0,0,0,1,0,0,0,0
8640,1,1,0,0,0,0,0,1,0,0,0,0,0,0,0,0,0,1,0
8641,0,0,0,0,1,0,0,0,0,0,0,0,0,0,0,0,0,0,0
8643,0,0,0,0,1,0,0,0,0,0,0,0,0,0,1,0,0,0,0
8644,1,1,0,0,0,0,0,0,0,0,0,0,0,0,0,1,1,0,0
8645,0,0,0,0,0,1,0,1,0,0,0,0,0,0,0,0,0,0,0
8665,1,0,0,0,0,1,0,0,0,0,0,0,0,0,0,0,1,0,0
8666,1,0,0,0,0,1,0,0,1,0,0,0,0,0,0,0,0,0,0
8781,0,0,0,0,0,0,0,0,0,0,0,0,0,0,0,0,1,0,0
8783,0,0,0,0,0,0,0,1,0,0,0,0,0,1,0,0,1,0,0
8784,0,0,0,0,1,0,0,1,0,0,0,0,0,0,1,0,0,0,0
8798,1,0,0,0,0,1,0,1,0,0,0,0,0,0,0,0,1,0,0
8807,0,1,0,0,1,0,0,0,0,0,0,0,0,0,0,0,0,0,0
8808,0,0,0,0,1,0,0,0,0,0,0,0,0,0,1,0,0,0,0
8810,1,0,0,0,0,0,0,0,0,0,1,0,0,0,0,1,1,0,0
8814,0,0,0,0,1,0,0,0,0,0,0,0,0,0,0,0,0,0,0
8827,0,0,0,0,1,0,1,0,0,0,0,0,0,0,0,0,0,0,0
8860,1,0,0,0,0,1,0,1,0,0,0,0,0,1,0,0,1,0,0
8861,1,0,0,0,0,0,0,0,0,0,1,0,0,0,0,1,1,0,0
8865,1,1,0,0,0,0,0,0,0,0,0,0,0,0,0,1,0,0,0
8866,0,0,0,0,1,0,0,0,0,0,0,0,0,0,1,0,0,0,0
8870,0,0,0,0,0,0,0,1,0,0,0,0,0,1,0,1,1,0,0
8873,0,1,0,0,0,0,0,1,0,0,0,0,0,0,0,0,0,0,0
8874,0,0,0,0,1,0,0,0,0,0,1,0,0,0,0,0,0,0,0
8879,0,0,0,0,0,1,0,0,0,0,0,0,0,1,0,0,1,0,0
8880,0,0,0,0,0,0,0,1,0,0,0,0,0,0,0,0,0,0,0
8907,0,0,1,1,1,0,0,0,0,0,0,0,0,0,0,0,0,0,0
8908,1,0,0,0,0,0,0,1,0,0,0,0,0,0,0,0,1,0,0
8910,0,0,0,0,1,0,0,0,0,0,0,0,0,0,0,0,0,0,0
8914,0,0,0,0,0,0,0,1,0,0,0,0,0,0,0,1,0,0,0
8916,0,0,0,0,1,0,0,0,0,0,0,0,0,0,1,0,0,0,0
8917,1,1,1,0,1,0,0,0,0,0,0,0,0,0,0,0,0,0,0
8937,1,0,0,0,0,0,0,1,0,0,0,0,0,0,0,0,0,0,0
8939,0,0,0,0,0,0,0,0,0,0,0,0,0,0,0,1,1,0,0
8947,0,0,0,0,0,0,0,0,0,0,1,0,0,1,0,0,1,0,0
8948,0,0,0,0,1,0,0,1,0,0,0,0,0,0,1,0,0,0,0
8949,0,0,0,0,1,0,0,1,0,0,0,0,0,0,1,0,0,0,0
8950,0,0,0,0,0,0,0,1,0,0,0,0,0,1,0,0,1,0,0
8951,0,0,0,0,0,0,0,1,0,0,0,0,0,0,0,0,0,0,0
8957,0,0,0,0,0,0,0,0,0,0,1,0,0,1,0,0,1,0,0
8958,0,0,0,0,0,0,0,1,0,0,0,0,0,0,0,0,0,0,0
8961,1,1,1,1,1,0,0,0,0,0,0,0,0,0,0,0,0,0,0
8965,0,1,1,1,0,0,0,0,1,0,0,1,0,0,0,0,0,0,0
8966,0,0,0,0,0,0,0,1,0,0,0,0,0,0,0,0,0,0,0
8968,1,1,0,0,1,1,0,0,0,0,0,0,0,0,0,0,1,0,0
8969,0,0,0,0,1,0,0,1,0,0,0,0,0,0,1,0,0,0,0
8970,0,0,0,0,0,0,0,1,0,0,0,0,0,0,0,0,0,0,0
8972,1,1,0,0,0,0,0,1,0,0,0,0,0,1,0,0,1,0,0
8973,0,0,0,0,0,0,0,1,0,0,0,0,0,0,0,0,1,0,0
8974,0,1,1,1,1,0,0,0,0,0,0,0,0,0,0,0,0,0,0
8977,1,1,0,0,0,0,0,1,0,0,0,0,0,0,0,0,0,1,0
8981,0,0,0,0,0,0,0,1,0,0,0,0,0,0,1,0,0,0,0
8983,1,0,0,0,0,0,0,1,0,0,0,0,0,0,1,0,0,0,0
8984,1,0,0,0,1,1,0,0,0,0,0,0,0,0,0,0,1,0,0
8985,1,0,0,0,0,0,0,0,1,0,1,0,0,0,0,0,1,0,0
25771,0,0,0,0,0,0,0,0,1,0,0,0,0,0,0,0,0,0,0
26131,0,0,0,0,0,0,0,1,0,0,0,0,0,0,0,0,0,1,0
26133,0,0,1,1,1,0,0,0,0,0,0,0,0,0,0,0,0,0,0
26152,1,1,0,0,1,0,0,0,0,0,0,0,0,0,0,0,0,0,0
26242,1,0,0,0,0,0,0,0,0,0,0,0,0,1,0,0,1,0,0
26555,0,0,0,0,1,0,0,0,0,0,0,0,0,0,0,0,0,0,0
26662,0,1,1,1,0,0,0,1,1,0,0,0,0,0,0,0,0,0,0
26680,0,0,0,0,1,0,0,0,0,0,0,0,1,0,1,0,0,0,0
26729,0,0,0,0,0,0,1,0,0,0,0,0,0,0,0,0,0,0,0
26776,0,1,1,0,1,0,0,0,1,0,0,0,0,0,1,0,0,0,0
27266,0,0,0,0,0,0,0,1,1,0,0,0,0,0,1,1,0,0,0
27317,0,0,0,0,0,0,0,1,0,0,1,0,0,1,1,0,1,0,0
27482,0,0,0,0,0,0,0,0,0,0,1,0,0,1,0,1,0,0,0
27592,0,0,0,0,0,1,0,1,0,0,0,0,0,0,0,0,0,0,0
27660,1,0,1,0,0,0,0,1,0,0,0,0,0,0,0,1,0,0,0
27706,0,1,0,1,1,0,0,0,1,0,0,0,0,0,0,0,0,0,0
27721,0,0,0,0,0,0,0,1,0,0,0,0,0,1,1,0,0,1,0
27728,1,0,1,0,0,0,0,1,0,0,0,0,0,0,0,1,1,0,0
27731,0,1,1,1,0,0,0,0,1,0,0,0,0,0,0,0,0,0,0
27772,0,0,0,0,0,0,0,0,0,0,1,0,0,0,0,0,0,0,0
27773,0,0,0,0,0,0,0,0,0,0,0,0,0,1,0,0,1,0,0
27788,0,0,0,0,0,0,0,1,0,0,0,0,0,1,0,1,1,0,0
27790,0,0,0,1,1,1,0,1,1,0,0,0,0,0,0,0,0,0,0
27801,1,0,0,0,0,0,0,0,0,0,0,0,0,0,0,0,1,0,0
27803,0,0,0,0,0,0,0,1,0,0,0,0,0,0,0,0,0,0,0
27808,0,0,0,0,1,0,0,1,0,0,0,0,0,0,1,0,0,0,0
27815,0,0,0,0,0,0,0,1,0,0,0,0,0,0,0,0,0,0,0
27821,0,0,0,0,0,0,0,1,0,0,0,0,0,0,0,0,1,0,0
27822,0,0,0,0,0,0,0,1,0,0,0,0,0,0,0,0,1,0,0
27831,0,0,0,0,0,1,0,1,0,0,0,0,0,0,0,0,1,0,0
27837,1,1,0,0,0,0,0,0,0,0,0,0,0,0,0,0,0,0,0
27838,0,0,0,0,0,0,0,1,0,0,0,0,0,0,0,0,1,0,0
27839,0,0,0,0,0,0,0,1,0,0,1,0,0,1,0,0,1,0,0
27846,0,0,0,0,0,0,1,0,0,0,0,0,0,0,0,0,0,0,0
27904,0,0,1,0,0,0,0,1,0,0,0,0,0,1,0,1,1,0,0
30707,0,0,0,0,0,0,0,1,0,0,0,0,0,0,0,0,0,0,0
30749,0,0,0,0,0,0,0,1,0,0,0,0,0,0,0,0,0,1,0
30793,0,1,0,1,1,0,0,0,1,0,0,1,0,0,0,0,0,0,0
30803,0,0,0,0,0,0,0,1,0,0,0,0,0,0,1,0,0,0,0
30810,0,1,0,0,1,0,0,0,1,0,0,0,0,0,0,0,0,0,0
30812,0,0,0,0,0,0,0,1,0,0,0,0,0,0,0,0,0,0,0
30816,0,0,0,0,0,0,0,1,0,0,0,0,1,0,1,0,0,0,0
30820,0,0,0,0,0,0,0,1,0,0,0,0,0,0,0,0,0,0,0
30822,0,0,0,0,1,0,0,1,0,0,0,0,0,0,0,0,0,0,0
30825,0,0,0,0,1,0,0,0,0,0,0,0,0,0,0,0,0,0,0
30894,0,0,0,0,0,0,0,1,0,0,1,0,0,1,0,1,1,0,0
30898,0,0,0,0,1,0,0,1,0,0,0,0,0,0,1,0,0,0,0
31221,1,1,0,0,0,1,0,1,0,0,0,0,0,0,0,0,0,0,0
31225,0,0,0,0,0,0,0,1,0,0,0,0,0,0,0,0,0,0,0
31364,0,0,0,0,0,1,0,1,0,0,0,0,0,1,0,0,1,0,0
31410,0,0,0,0,0,0,0,1,0,0,0,0,0,0,0,0,0,1,0
31420,1,0,0,0,0,1,0,1,0,0,0,0,0,0,0,0,1,0,0
31427,0,0,0,0,0,0,0,0,0,0,1,0,0,1,0,0,1,0,0
31433,0,0,0,0,1,0,0,0,0,0,0,0,0,0,1,0,0,0,0
31658,0,1,1,0,0,0,0,0,1,0,0,0,0,0,1,0,0,0,0
31685,0,0,0,0,1,0,0,0,0,0,0,0,0,0,1,0,0,0,0
31696,1,0,0,0,0,0,0,0,1,0,1,0,0,0,0,0,1,0,0
31804,1,0,0,0,0,0,0,0,1,0,1,0,0,1,0,1,1,0,0
31878,1,0,0,0,1,0,0,0,0,0,0,0,0,0,0,0,0,0,0
32017,1,0,0,0,1,0,0,0,0,0,0,0,0,0,0,0,0,0,0
32019,0,0,0,0,1,1,0,0,0,0,0,0,1,0,0,0,0,0,0
32029,1,0,0,0,0,1,0,1,0,0,0,0,0,0,0,0,1,0,0
32031,0,1,1,1,1,0,0,0,1,0,0,1,0,0,0,1,0,0,0
32213,0,0,0,0,0,0,0,0,0,0,1,0,0,1,0,1,1,0,0
32296,0,1,0,0,1,1,0,0,0,0,0,0,0,0,0,0,0,0,0
32587,1,0,0,0,0,1,0,0,0,1,0,0,0,1,0,0,1,0,0
32596,1,1,0,0,1,0,0,0,0,0,0,0,0,0,0,0,0,0,0
32598,0,0,0,0,1,0,0,0,0,0,0,0,0,0,1,0,0,0,0
33004,0,1,0,0,1,0,0,0,0,0,0,0,0,0,0,1,0,0,0
33085,0,0,0,0,0,0,0,0,0,0,1,0,0,0,0,0,1,0,0
33154,0,0,0,0,0,0,1,0,0,0,0,0,0,0,0,0,0,0,0
33158,1,0,0,0,0,1,0,0,0,0,0,0,0,0,0,0,1,0,0
33162,1,0,0,0,0,0,0,1,0,0,0,0,0,0,1,0,0,1,0
33164,0,0,0,0,0,0,0,0,0,0,1,0,0,0,0,0,1,0,0
33166,0,0,0,0,0,1,0,1,0,0,0,0,0,0,0,0,0,0,0
33171,0,0,0,0,0,0,0,1,0,0,0,0,0,1,0,0,0,0,0
33437,1,0,0,0,0,1,0,1,0,0,0,0,0,0,0,0,1,0,0
33493,1,1,0,0,0,0,0,0,0,0,0,0,0,0,0,1,0,0,0
33499,0,0,0,0,1,0,0,0,0,0,0,0,0,0,1,0,0,0,0
33615,0,1,1,1,1,0,0,0,0,0,0,0,0,0,0,0,0,0,0
33646,0,0,0,0,1,0,0,1,0,0,0,0,0,0,0,0,0,0,0
33660,0,0,0,0,0,0,0,1,0,0,0,0,0,0,1,0,0,0,0
33669,0,1,0,0,1,0,0,1,0,0,0,0,0,0,0,0,0,0,0
33679,1,1,0,0,1,0,0,0,0,0,0,0,0,0,1,0,0,0,0
33683,0,0,0,0,0,0,0,0,0,0,1,0,0,0,0,0,1,0,0
33794,1,0,0,0,0,1,0,0,0,0,0,1,0,0,0,0,0,0,0
33834,1,0,0,0,0,0,0,0,0,0,1,0,0,0,0,0,1,0,0
33836,0,0,0,0,1,0,0,0,1,0,0,0,0,0,1,0,0,0,0
33880,0,0,0,0,1,0,0,1,0,0,0,0,0,0,0,0,0,0,0
34048,1,1,0,0,0,0,0,0,0,0,0,0,0,0,0,1,1,0,0
34072,0,0,0,0,0,0,1,0,0,0,0,0,0,0,0,0,0,0,0
34143,0,0,0,0,0,0,0,1,0,0,1,0,0,0,0,0,1,0,0
34150,1,1,0,0,0,0,0,0,0,0,0,0,0,0,0,1,0,0,0
34153,0,0,0,0,0,0,1,0,0,0,0,0,0,0,0,0,0,0,0
34162,0,0,0,0,1,0,0,0,0,0,0,0,0,0,1,0,0,0,0
34271,0,0,0,0,0,1,0,1,0,0,0,0,0,0,0,0,0,0,0
34319,1,0,0,0,0,0,0,0,0,0,0,0,0,0,0,1,1,0,0
34323,1,0,0,0,0,1,0,0,0,0,1,0,0,0,0,0,0,0,0
34332,1,1,0,1,1,0,0,0,0,0,0,0,0,0,0,0,0,0,0
34334,1,1,0,0,0,0,0,0,0,0,0,0,0,0,0,1,1,0,0
34336,0,0,0,0,1,0,0,0,0,0,0,0,0,0,1,0,0,0,0
34338,0,0,0,0,1,0,1,0,0,0,0,0,0,0,0,0,0,0,0
34405,1,1,0,0,0,0,0,0,0,0,0,0,0,0,0,1,0,0,0
34437,0,0,0,0,1,0,0,1,0,0,0,0,0,0,0,0,0,0,0
34520,1,1,0,0,1,0,0,0,0,0,0,0,0,0,0,0,0,0,0
34528,0,0,0,0,1,0,0,1,0,0,0,0,0,0,0,0,0,0,0
34530,0,0,0,0,1,0,0,0,0,0,0,0,0,0,0,0,0,0,0
34532,0,0,0,0,0,0,0,1,0,0,1,0,0,1,0,0,1,0,0
34534,1,0,0,0,0,1,0,1,0,0,0,0,0,0,0,0,0,0,0
34542,0,0,0,0,0,0,1,0,0,0,0,0,0,0,0,0,0,0,0
35836,0,0,0,0,1,0,0,0,0,0,0,0,0,0,1,0,0,0,0
35957,0,0,0,0,0,0,0,0,0,0,1,0,0,0,0,0,1,0,0
36276,0,0,0,0,0,0,0,1,0,0,0,0,0,1,0,0,1,0,0
36401,0,0,0,0,1,0,0,0,1,0,1,0,0,0,0,0,1,0,0
36517,0,0,0,0,0,0,0,1,0,0,0,0,0,0,0,0,1,0,0
36519,1,0,0,0,0,1,0,0,0,0,0,0,0,0,0,0,1,0,0
36525,0,0,0,0,1,0,0,0,1,0,0,0,0,0,1,0,0,0,0
36527,0,0,0,0,0,0,0,1,0,0,0,0,0,0,0,0,0,0,0
36529,1,0,0,0,0,1,0,1,0,0,0,0,0,0,0,0,1,1,0
36535,0,0,0,0,1,0,0,1,0,0,0,0,0,0,0,0,0,0,0
37380,1,0,0,0,0,0,0,0,0,0,1,0,0,0,0,1,0,0,0
37382,0,0,0,0,0,1,0,1,0,0,0,0,0,0,0,0,1,0,0
37384,0,0,0,0,1,0,0,0,0,0,0,0,0,0,0,0,0,0,0
37386,1,0,0,0,0,0,0,0,0,0,0,0,0,0,0,1,0,0,0
37720,0,0,0,0,0,1,0,1,0,0,1,0,0,0,0,0,1,0,0
37727,1,0,0,0,0,0,0,1,0,0,0,0,0,0,0,0,1,0,0
37729,0,0,1,0,1,0,0,0,1,0,0,0,1,0,1,0,0,0,0
37731,0,0,0,0,0,1,0,1,0,0,0,0,0,0,0,0,0,0,0
37733,1,0,0,0,0,1,0,1,0,0,0,0,0,0,0,0,1,0,0
37741,0,0,0,0,0,1,0,1,0,0,0,0,0,0,0,0,0,0,0
37830,1,1,1,0,0,0,0,0,1,0,0,0,0,0,0,1,0,0,0
37857,0,1,0,1,0,0,0,1,1,0,0,0,0,0,0,0,0,0,0
38038,0,1,1,1,1,0,0,0,0,0,0,0,0,0,0,0,0,0,0
38061,0,0,0,0,1,1,0,0,0,0,0,0,0,1,0,0,1,0,0
38798,0,0,0,0,1,0,0,1,0,0,0,0,0,0,0,0,0,0,0
38886,0,0,0,0,1,0,0,1,0,0,0,0,0,0,0,0,0,0,0
39183,0,0,0,0,0,0,0,1,0,0,0,0,0,0,1,0,0,0,0
39231,0,0,0,0,1,0,0,1,0,0,0,0,0,0,1,0,0,0,0
39292,0,0,0,0,0,1,0,1,0,0,0,0,0,0,0,0,0,0,0
39381,0,0,0,0,0,1,0,1,0,0,0,0,0,0,0,0,0,0,1
39414,0,0,0,0,1,0,0,1,0,0,0,0,0,0,1,0,0,0,0
39427,0,0,0,0,0,0,0,0,0,0,0,0,0,0,0,0,1,0,0
39435,1,1,0,0,0,0,0,1,0,0,0,0,0,0,0,0,0,0,1
39444,0,0,0,0,1,0,0,1,0,0,0,0,0,0,0,0,0,0,0
39446,0,0,0,0,0,0,0,0,0,0,1,0,0,0,0,0,1,0,0
40148,0,0,0,0,0,1,0,1,0,0,0,0,0,0,0,0,1,0,0
40278,1,0,0,0,0,0,0,1,0,0,0,0,0,0,0,0,0,1,0
40339,1,1,1,1,1,0,0,0,0,0,0,0,0,0,0,1,0,0,0
40581,0,0,0,0,1,0,0,0,0,0,0,0,0,0,1,0,0,0,0
40583,0,0,0,0,0,0,0,1,0,0,0,0,0,0,0,0,1,0,0
40614,0,0,0,0,0,0,0,1,0,0,0,0,0,0,0,0,1,0,0
40629,0,0,0,0,0,0,0,1,0,0,0,0,0,0,1,0,0,0,0
40732,0,1,0,0,0,0,0,1,0,0,1,0,0,0,0,0,1,0,0
40815,0,1,0,0,0,0,0,0,1,0,0,1,0,0,0,0,1,0,0
40819,0,0,0,0,0,0,0,1,0,0,0,0,1,0,1,0,0,0,0
40826,0,0,0,0,0,0,0,1,0,0,0,0,1,0,1,0,0,0,0
40851,1,1,0,1,0,0,0,0,1,0,0,0,0,0,0,0,0,0,0
41285,0,0,0,0,0,1,0,1,0,0,0,0,0,0,1,0,0,0,0
41566,0,1,0,1,0,0,0,0,1,0,0,0,0,0,0,0,0,0,0
41569,1,1,0,0,0,0,0,1,1,0,0,0,0,0,0,0,1,0,0
41571,0,0,0,0,0,0,0,1,0,0,0,0,0,0,1,0,0,0,0
41573,0,0,0,0,1,0,0,1,0,0,0,0,0,0,1,0,0,0,0
41716,0,0,0,0,1,0,0,1,0,0,0,0,0,0,0,0,1,0,0
41863,0,1,0,0,0,1,0,1,0,0,0,0,0,0,0,0,0,0,0
41997,1,0,0,0,0,1,0,1,0,0,0,0,0,0,0,0,1,0,0
42002,0,0,0,0,1,0,0,0,0,0,0,0,1,0,0,0,0,0,0
42004,0,1,0,0,1,0,0,1,0,0,0,0,0,0,0,0,0,0,0
42007,0,0,0,0,1,0,0,1,0,0,0,0,0,0,1,0,0,0,0
42011,0,0,0,0,1,1,0,0,0,0,0,0,0,0,0,0,0,0,0
42418,0,1,0,0,0,0,0,1,0,0,0,0,0,0,1,0,0,0,0
42632,0,0,0,0,0,1,0,1,0,0,0,0,0,1,0,0,1,0,0
42718,1,0,0,0,0,1,0,0,0,0,0,0,0,0,0,1,0,0,0
42723,0,0,0,0,0,0,0,0,0,0,1,0,0,0,0,0,0,0,0
42725,0,0,0,0,1,0,0,0,0,0,0,0,0,0,0,0,0,0,0
42734,0,0,1,1,1,0,0,0,0,0,0,0,0,0,0,0,0,0,0
42738,1,0,0,0,0,0,0,0,1,0,1,0,0,0,0,0,0,0,0
43396,0,0,0,0,0,0,0,1,0,0,0,0,0,0,0,0,0,0,0
43560,0,0,0,1,1,0,0,0,1,0,0,0,0,0,0,0,0,0,0
43679,0,0,0,0,0,0,0,0,0,0,1,0,0,1,0,0,1,0,0
43836,0,1,0,0,1,1,0,0,0,0,0,0,0,0,0,0,0,0,0
43871,0,0,0,0,0,1,0,1,0,0,0,0,0,0,0,0,1,0,0
43919,0,0,0,0,1,0,0,0,0,0,0,0,0,0,1,0,0,0,0
43921,1,0,0,0,0,1,0,0,0,0,0,0,0,0,0,0,1,0,0
43928,1,0,0,0,0,0,0,0,1,0,0,0,0,0,0,1,1,0,0
43936,0,0,0,0,0,1,0,0,0,0,0,0,0,0,0,0,1,0,0
44004,0,0,0,0,1,0,0,0,0,0,0,0,0,0,1,0,0,0,0
44022,0,1,1,1,1,0,0,0,0,0,0,0,0,0,0,0,0,0,0
44191,1,0,0,0,0,0,0,0,0,0,0,1,0,0,0,1,1,0,0
44193,0,0,0,0,1,0,0,0,0,0,0,0,0,0,1,0,0,0,0
44195,0,0,0,0,1,0,0,1,0,0,0,0,0,0,0,0,0,0,0
44199,0,0,0,0,0,1,0,1,0,0,0,0,0,0,0,0,1,0,0
44397,0,0,0,0,0,0,0,1,0,0,1,0,0,0,0,0,1,0,0
44555,0,0,0,0,0,0,0,1,0,0,0,0,0,0,1,0,1,0,0
44665,0,0,0,0,0,1,0,1,0,0,0,0,0,1,0,0,0,0,0
44694,0,0,0,0,1,0,0,1,0,0,0,0,0,0,0,0,0,0,0
44709,0,0,0,0,0,0,0,1,0,0,0,0,0,0,0,0,0,0,0
44761,0,0,0,0,0,1,0,1,0,1,0,0,0,1,0,0,0,0,0
44788,0,0,0,0,0,0,1,0,0,0,0,0,0,0,0,0,0,0,0
44828,0,0,0,0,1,0,0,0,0,0,1,0,0,0,0,1,0,0,0
44972,0,0,0,0,1,0,0,0,0,0,1,0,0,0,0,0,0,0,0
44974,0,0,0,0,0,0,0,1,0,0,0,0,0,0,0,0,1,0,0
45028,0,0,0,0,1,0,0,1,0,0,0,0,1,0,0,0,0,0,0
45062,0,0,0,0,0,1,0,1,0,0,0,0,0,0,0,0,1,0,0
45081,0,0,0,0,0,0,0,0,1,0,1,0,0,0,0,0,1,0,0
45186,1,1,0,0,0,0,0,0,0,0,0,0,0,0,0,0,1,0,0
45208,0,1,0,1,1,0,0,0,0,0,0,0,0,0,0,0,0,0,0
45210,0,0,0,0,0,1,0,1,0,0,0,0,0,0,0,0,0,0,0
45431,0,1,1,1,1,0,0,0,0,0,0,0,0,0,0,0,0,0,0
45442,1,1,0,0,0,0,0,0,0,0,0,1,0,0,0,0,1,0,0
45447,0,0,0,0,0,0,0,1,0,0,0,0,0,1,0,0,1,0,0
45499,1,0,0,0,0,0,0,0,0,0,0,0,0,0,0,1,1,0,0
45501,0,0,0,0,1,0,0,1,0,0,0,0,0,0,1,0,0,0,0
45517,0,0,1,1,1,0,0,0,0,0,0,0,0,0,0,0,0,0,0
45662,0,0,0,0,0,0,0,0,0,0,1,0,0,0,0,0,1,0,0
45666,0,0,0,0,1,0,0,0,0,0,0,0,0,0,0,0,0,0,0
45668,0,0,0,0,0,0,0,1,1,0,0,0,0,0,1,0,0,0,0
45672,0,1,0,0,1,0,0,1,1,0,0,0,0,0,1,0,0,0,0
45720,0,0,0,0,1,0,0,1,0,0,0,0,0,0,0,0,0,0,0
45722,1,1,0,0,0,0,0,0,1,0,0,0,0,0,0,0,0,0,0
45726,0,0,0,0,1,0,0,0,0,0,0,0,0,0,0,0,0,0,0
45728,0,0,0,0,1,0,0,0,0,0,0,0,0,0,0,0,0,0,0
45730,0,0,0,0,0,0,0,1,1,0,0,0,0,1,0,0,0,0,0
45732,0,0,0,0,1,0,0,0,1,0,0,0,0,0,1,0,0,0,0
45880,0,0,0,0,0,0,0,1,0,0,0,0,0,0,1,0,0,0,0
45928,0,0,0,0,0,0,1,0,0,0,0,0,0,0,0,0,0,0,0
45950,0,0,0,0,0,0,1,0,0,0,0,0,0,0,0,0,0,0,0
46062,0,0,0,1,1,0,0,1,0,0,0,0,1,0,1,0,0,0,0
46322,1,0,0,0,0,0,0,1,0,0,0,0,0,0,0,0,0,0,0
46335,1,0,0,0,0,1,0,1,0,0,0,0,0,0,0,0,1,0,0
46530,1,1,0,0,0,0,0,0,0,0,0,1,0,0,0,1,0,0,0
46578,0,1,0,0,1,0,0,1,0,0,0,0,0,0,0,0,0,0,0
46723,0,0,0,0,0,0,0,1,0,0,0,0,0,0,0,0,1,0,0
46948,0,0,1,1,0,0,0,0,1,0,0,0,0,1,0,0,0,0,0
46965,1,0,0,0,1,0,0,0,0,0,1,0,0,0,0,0,1,0,0
46967,0,0,0,0,1,0,0,0,1,0,0,0,0,1,0,0,0,0,0
46970,1,0,0,0,1,0,0,0,0,0,0,0,0,0,0,0,0,0,0
46972,1,0,0,0,1,0,0,0,1,0,0,1,0,0,0,0,0,0,0
46974,0,0,0,0,0,0,0,1,0,0,0,0,0,0,0,0,0,0,0
46976,0,0,0,0,1,0,0,1,1,0,0,0,0,0,1,0,0,0,0
47044,1,0,0,0,0,1,0,1,0,0,0,0,0,0,0,0,1,0,0
47099,0,0,0,0,0,0,0,1,0,0,0,0,0,0,0,0,0,0,0
47122,0,0,0,0,1,0,0,0,0,0,0,0,0,0,1,0,0,0,0
47200,1,0,0,0,0,0,0,0,0,0,0,0,0,0,0,0,1,0,0
47382,0,0,0,0,0,0,0,1,0,0,0,0,0,0,1,0,0,0,0
47423,0,0,0,0,0,0,0,1,0,0,0,0,0,0,0,0,0,0,0
47518,0,0,0,0,1,0,0,0,0,0,0,0,0,0,0,0,0,0,0
47610,0,0,0,0,0,0,0,1,1,0,0,0,0,1,1,0,0,0,0
47629,0,0,0,0,0,0,0,1,0,0,0,0,0,0,0,0,0,0,0
47640,0,0,0,0,1,0,0,0,0,0,0,0,0,0,0,0,0,0,0
47644,0,0,0,0,0,0,0,1,0,0,0,0,0,0,0,0,0,0,0
47810,0,0,0,0,0,0,0,0,0,0,1,0,0,1,0,0,1,0,0
47997,0,1,0,0,1,0,0,0,0,0,0,0,0,0,0,1,1,0,0
47999,0,0,0,0,0,0,1,1,0,0,0,0,0,0,0,0,0,0,0
48043,0,0,0,0,0,0,0,1,1,0,0,0,0,0,1,0,0,0,0
48082,0,0,0,0,1,0,0,1,1,0,0,0,0,0,1,0,0,0,0
48142,0,0,0,0,0,1,0,1,0,0,0,0,0,1,0,0,1,0,0
48304,0,1,0,0,0,0,0,1,0,0,0,0,0,0,0,0,1,0,0
48322,0,0,0,0,1,0,1,0,0,0,0,0,0,0,0,0,0,0,0
48385,0,0,0,0,1,0,0,0,0,0,0,0,0,0,0,0,0,0,0
48394,0,0,0,0,0,0,0,1,1,0,0,0,0,0,0,0,1,0,0
48412,1,1,0,0,0,0,0,1,0,0,0,0,0,0,0,0,0,0,0
48414,0,1,1,1,1,0,0,0,0,0,0,1,0,0,0,0,0,0,0
48516,0,0,0,0,0,1,0,1,0,0,0,0,0,0,0,0,1,0,0
48520,0,0,0,0,1,0,0,0,0,0,0,0,0,0,0,0,0,0,0
48696,0,0,0,0,0,0,0,1,0,0,0,0,0,0,1,0,0,0,0
48738,0,0,0,0,0,0,0,1,0,0,0,0,0,0,0,0,1,0,0
48774,1,1,0,0,0,0,0,1,0,0,0,0,0,0,0,1,1,0,0
48780,0,0,0,0,0,0,0,1,0,0,0,0,0,1,0,1,1,0,0
48783,0,0,0,0,0,0,0,1,0,0,0,0,0,0,0,0,0,1,0
48877,0,0,0,0,0,1,0,0,0,0,1,0,0,0,0,0,1,0,0
48982,0,0,1,0,1,0,0,0,0,0,0,0,0,0,0,0,0,0,0
48997,0,0,0,0,0,1,0,1,0,0,0,0,0,0,0,0,1,0,0
49272,1,1,0,0,0,0,0,0,0,0,0,0,0,0,0,0,1,0,0
49274,0,1,1,1,1,0,0,0,0,0,0,1,0,0,0,0,0,0,0
49278,1,0,0,0,0,0,0,0,0,0,0,0,0,0,0,1,1,0,0
49286,0,0,0,0,1,0,0,0,0,0,0,0,0,0,1,0,0,0,0
49396,0,1,0,0,1,0,0,0,0,0,0,0,1,0,0,0,0,0,0
49530,1,1,0,0,0,1,0,1,0,0,0,0,0,0,0,0,1,1,0
49649,1,1,0,0,0,0,0,0,1,0,0,0,0,0,0,0,0,0,0
49651,1,0,0,0,0,0,0,1,0,0,0,0,0,0,0,0,0,0,0
49772,0,0,0,0,0,0,0,1,0,0,0,0,0,0,1,0,0,0,0
49822,0,0,0,0,0,0,0,1,0,0,0,0,0,0,0,0,1,0,0
49824,0,0,0,0,0,0,0,1,0,0,0,0,1,0,0,0,0,0,0
49932,0,0,0,0,0,0,0,1,0,0,0,0,0,1,0,0,1,0,0
49961,0,0,0,0,0,0,0,1,0,0,0,0,0,0,0,0,0,0,0
50068,0,0,0,0,0,0,0,1,0,0,0,0,0,0,0,0,0,1,0
50442,0,0,0,0,0,1,0,1,0,0,0,0,0,0,0,0,0,0,0
50601,0,1,0,1,0,0,0,0,1,0,0,0,0,0,0,0,0,0,0
50685,0,0,0,0,1,0,0,1,0,0,0,0,0,0,1,0,0,0,0
50794,1,0,0,0,0,1,0,1,0,0,0,0,0,0,0,0,1,0,0
50798,0,1,0,0,1,0,0,0,0,0,0,0,0,0,0,0,0,0,0
50804,0,0,0,0,0,0,0,1,0,0,1,0,0,0,0,0,1,0,0
50872,0,0,1,1,0,0,0,1,0,0,0,0,0,0,0,0,0,0,0
50912,0,0,0,0,0,0,0,0,0,0,0,0,0,0,1,0,0,0,0
51077,1,0,0,0,0,0,0,0,1,0,0,0,0,0,0,0,1,0,0
51080,0,0,0,0,0,0,0,1,0,0,0,0,0,0,0,0,1,0,0
51084,0,0,0,0,1,0,0,0,0,0,0,0,0,0,1,0,0,0,0
51086,0,0,0,0,0,0,0,1,0,0,0,0,0,1,0,0,1,0,0
51091,0,0,0,0,0,0,0,1,0,0,0,0,0,0,0,0,0,0,0
51255,1,0,0,0,1,1,0,0,0,0,0,0,0,1,0,0,0,0,0
51412,1,0,0,0,0,0,0,0,0,0,0,0,0,0,0,1,1,0,0
51540,0,0,0,0,0,1,0,1,0,0,0,0,0,0,0,0,1,0,0
51575,0,1,0,0,1,0,0,0,0,0,0,0,0,0,0,0,0,0,0
51662,1,0,0,0,0,0,0,0,1,0,0,1,0,0,0,0,0,1,0
51709,0,0,0,0,1,0,0,1,0,0,1,0,0,0,0,1,1,0,0
51925,0,0,0,0,0,0,0,1,1,0,0,0,0,1,0,0,1,0,0
51931,0,0,0,0,0,0,0,1,0,0,0,0,0,0,0,0,0,0,0
51935,1,0,0,0,0,0,0,1,0,0,0,0,0,0,0,0,1,0,0
51939,1,1,1,1,1,0,0,0,1,0,0,0,0,0,0,0,0,0,0
52042,0,0,0,0,0,0,0,1,0,0,0,0,0,0,0,0,1,1,0
52241,0,0,0,0,0,1,0,1,0,0,0,0,0,0,0,0,1,0,0
52245,0,0,0,0,1,0,0,0,0,0,0,0,0,0,1,0,0,0,0
52281,1,0,0,0,0,1,0,0,0,0,1,0,0,0,0,1,1,0,0
52287,1,1,1,1,1,0,0,0,0,0,0,0,0,0,0,1,0,0,0
52328,0,1,0,0,0,0,0,1,0,0,0,0,0,0,0,1,1,0,0
52435,0,0,1,0,1,0,0,0,1,0,0,0,1,0,0,0,0,0,0
52458,0,0,0,0,0,0,0,1,0,0,0,0,0,0,0,0,1,0,0
52579,0,0,0,0,0,0,0,1,0,0,0,0,1,0,0,0,0,0,0
52604,0,0,0,0,0,1,0,1,0,0,0,0,0,1,0,0,1,0,0
52644,0,0,0,0,0,0,0,0,0,0,1,0,0,0,0,0,1,0,0
52694,0,0,0,0,1,0,0,0,0,0,0,0,0,0,0,0,0,0,0
52722,1,1,0,0,0,0,0,0,0,0,0,1,0,0,0,1,1,0,0
52885,0,0,1,0,0,0,0,0,0,0,0,0,0,1,0,1,0,0,0
52952,0,0,0,0,0,0,0,1,0,0,0,0,0,0,0,0,0,0,0
52973,0,0,0,0,1,0,0,1,0,0,0,0,0,0,1,0,0,0,0
52975,0,0,0,0,1,0,0,1,0,0,0,0,1,0,0,0,0,0,0
53000,0,0,0,0,0,0,0,0,0,0,1,0,0,0,0,1,1,0,0
53121,0,1,1,1,1,0,0,0,1,0,0,0,0,0,0,0,0,0,0
53123,0,0,0,0,0,0,0,1,0,0,0,0,1,0,1,0,0,0,0
53125,1,1,0,0,1,0,0,0,1,0,0,0,0,0,0,0,0,0,0
53129,0,0,0,0,0,1,0,1,0,0,0,0,0,0,0,0,1,0,0
53318,0,0,0,0,1,0,0,1,0,0,0,0,0,0,1,0,0,0,0
53322,0,0,0,0,0,1,0,0,0,0,0,0,0,0,0,0,1,0,0
53460,0,0,1,1,1,0,0,0,0,0,0,0,0,0,0,0,0,0,0
53464,1,1,0,0,0,0,0,0,0,0,0,0,0,0,0,1,0,0,0
53519,1,1,0,0,0,1,0,0,0,0,1,0,0,0,0,0,1,0,0
53550,1,1,0,0,0,0,0,1,0,0,0,0,0,0,0,0,0,1,0
53894,0,0,0,0,0,0,1,1,0,0,0,0,0,0,0,0,0,0,0
53953,0,0,0,0,0,0,0,1,0,0,1,0,0,0,0,0,1,0,0
53956,0,0,0,0,1,0,0,0,0,0,0,0,0,0,0,0,0,0,0
53972,1,1,0,0,0,1,0,0,0,0,0,0,0,0,0,0,1,0,0
53993,0,0,0,0,1,0,0,0,1,0,0,0,0,0,0,0,0,0,0
53996,1,0,0,0,0,0,0,0,0,0,0,1,0,0,0,1,1,0,0
54001,0,1,0,0,0,0,0,1,1,0,0,1,0,0,0,0,0,0,0
54004,0,0,0,0,1,0,0,0,0,0,0,0,0,0,1,0,0,0,0
54190,0,0,0,0,0,0,0,1,1,0,0,0,1,0,1,0,0,0,0
54256,0,0,0,0,1,0,0,0,0,0,0,0,0,0,0,0,0,0,0
54259,0,1,0,0,1,0,0,0,1,0,0,0,0,0,1,0,0,0,0
54272,0,0,1,0,1,0,0,0,0,0,0,0,0,0,0,0,0,0,0
54281,0,0,0,0,1,0,0,1,0,0,0,0,0,0,0,0,0,0,0
54286,1,0,0,0,0,1,0,0,0,0,0,0,0,0,0,0,1,0,0
54372,0,0,0,0,0,1,0,1,0,0,0,0,0,1,0,0,1,0,0
54503,0,0,0,0,1,0,0,0,0,0,0,0,0,0,0,0,0,0,0
54648,1,0,0,0,1,1,0,0,0,0,0,0,0,0,0,0,1,0,0
54732,0,0,0,0,1,0,0,0,0,0,0,0,0,0,0,0,0,0,0
54736,1,0,0,0,0,0,0,1,0,0,0,0,0,0,0,0,1,0,0
54771,1,0,0,0,0,0,0,1,0,0,1,0,0,0,0,1,1,0,0
54785,0,0,0,0,0,0,0,0,0,0,1,0,0,0,0,0,0,0,0
54881,0,0,0,0,0,0,1,0,0,0,0,0,0,0,0,0,0,0,0
54995,1,0,0,0,0,0,0,0,0,0,1,0,0,0,0,1,0,0,0
54997,1,0,0,0,0,1,0,1,0,0,0,0,0,0,0,0,0,0,1
54999,1,0,0,0,1,1,0,0,0,0,0,0,0,0,0,0,0,0,0
55052,0,0,0,0,0,0,0,1,0,0,0,0,0,0,1,0,0,1,0
55069,0,0,0,0,0,0,0,1,0,0,0,0,0,0,0,0,0,0,0
55094,0,0,0,0,0,0,0,1,0,0,0,0,0,1,0,0,0,0,0
55118,0,0,0,0,0,1,0,1,0,0,0,0,0,0,0,0,1,0,0
55232,1,0,0,0,0,0,0,0,0,0,1,0,0,0,0,1,1,0,0
55245,0,0,0,0,1,0,0,0,0,0,0,0,0,0,1,0,0,0,0
55247,1,1,0,0,0,0,0,1,0,0,0,0,0,0,0,0,0,0,0
55267,0,0,0,0,1,0,0,1,0,0,0,0,0,0,1,0,0,0,0
55269,0,1,0,0,1,0,0,1,0,0,0,0,0,0,0,0,0,0,0
55274,0,0,0,0,0,0,0,1,0,0,0,0,0,0,0,0,0,0,0
55276,0,0,0,0,0,0,0,1,0,0,0,0,0,0,0,0,1,0,0
55280,0,0,0,0,1,0,0,1,0,0,0,0,0,0,0,0,0,0,0
55282,0,0,0,0,0,0,0,0,0,0,1,0,0,0,0,0,1,0,0
55290,0,0,0,0,0,1,0,1,0,0,0,0,0,1,0,0,0,0,0
55363,0,0,0,0,0,1,0,1,0,0,0,0,0,0,0,0,0,0,1
55442,0,0,1,0,0,0,0,1,0,0,0,0,0,0,0,0,0,0,0
55444,0,0,0,0,0,0,0,1,0,0,0,0,0,0,0,0,0,0,0
55577,0,0,0,0,0,1,0,0,0,0,1,0,0,0,0,0,1,0,0
55721,1,0,0,0,0,1,0,1,0,0,0,0,0,0,0,0,1,0,0
55765,0,0,0,0,0,1,0,1,0,0,0,0,0,0,0,0,1,0,0
55768,0,0,1,0,1,0,0,0,0,0,0,0,0,0,0,0,0,0,0
55805,0,0,0,0,0,1,0,1,0,0,0,0,0,0,0,0,1,0,0
55814,0,0,0,0,0,0,0,1,0,0,0,0,0,0,0,0,0,0,0
55820,0,0,0,0,0,1,0,1,0,0,0,0,0,0,0,0,0,0,0
55830,0,0,0,0,1,0,0,0,0,0,0,0,0,0,0,0,0,0,0
55872,0,0,0,0,0,0,0,1,0,0,0,0,1,0,0,0,0,0,0
55908,0,0,0,0,0,0,0,1,0,0,0,0,0,0,0,1,0,0,0
55995,1,1,1,0,0,0,0,0,1,0,0,1,0,0,0,0,0,0,0
55999,0,0,0,1,1,0,0,0,1,0,0,0,0,0,0,0,0,0,0
56145,0,0,0,0,0,0,0,0,0,0,1,0,0,0,0,1,0,0,0
56152,0,1,1,1,1,0,0,0,1,0,0,0,1,0,1,0,0,0,0
56156,1,0,0,0,0,1,0,0,0,0,0,0,0,0,0,0,1,0,0
56171,0,1,0,1,0,0,0,0,1,0,0,0,0,0,0,0,0,0,0
56174,1,0,0,0,0,0,0,0,0,0,1,1,0,0,0,1,1,0,0
56176,0,0,0,1,1,0,0,0,0,0,0,0,0,0,0,0,0,0,0
56333,0,0,0,0,1,0,0,1,0,0,0,0,0,0,0,0,0,0,0
56339,0,0,0,0,0,0,0,1,0,0,1,0,0,1,0,0,1,0,0
56367,0,0,0,0,1,0,0,1,0,0,0,0,0,0,1,0,0,0,0
56587,0,0,0,0,1,0,0,1,0,0,0,0,0,0,0,0,0,0,0
56607,0,0,0,0,0,0,0,1,0,0,0,0,0,0,0,0,0,0,0
56715,0,0,0,0,0,0,0,1,1,0,0,0,0,0,1,0,0,0,0
56757,0,0,0,0,0,0,0,1,0,0,1,0,1,0,0,0,1,0,0
56775,1,1,0,0,0,0,0,0,0,0,0,0,0,0,0,0,0,0,0
56782,0,0,0,0,0,0,0,1,0,0,0,0,0,0,0,0,0,0,1
56788,0,0,0,0,1,0,0,1,0,0,0,0,0,0,0,0,0,1,0
56801,1,0,0,0,0,0,0,0,0,0,1,0,0,0,0,1,0,0,0
56805,0,0,0,0,1,0,0,0,0,0,0,0,1,0,0,0,0,0,0
56941,0,0,0,0,1,0,0,1,0,0,0,0,0,0,1,0,0,0,0
56949,0,0,0,0,1,0,0,0,0,0,0,0,0,0,1,0,0,0,0
57274,0,0,0,0,0,0,0,1,0,0,1,0,0,0,0,0,1,0,0
57368,1,0,0,0,0,0,0,0,0,0,0,0,0,1,0,1,1,0,0
57504,0,0,1,0,1,0,0,1,0,0,0,0,0,0,1,1,0,0,0
57528,1,0,0,0,0,0,0,1,0,0,0,0,0,0,0,0,1,1,0
57532,0,0,0,0,1,0,0,0,0,0,0,0,0,0,0,0,0,0,0
57640,1,1,0,0,0,0,0,0,1,0,0,0,0,0,0,1,0,0,0
57669,0,0,0,0,1,1,0,1,0,0,0,0,0,0,0,0,1,0,0
57951,1,1,0,0,1,0,0,0,0,0,0,0,0,0,1,0,0,0,0
58025,1,1,0,0,0,0,0,1,0,0,0,0,0,0,0,1,1,0,0
58047,0,0,0,0,1,0,0,1,0,0,0,0,0,0,1,0,0,0,0
58103,1,0,0,0,0,0,0,1,0,0,0,0,0,0,0,0,1,0,0
58105,0,1,0,1,0,0,0,1,1,0,0,1,0,0,0,0,0,0,0
58154,0,0,0,0,0,0,0,1,0,0,0,0,0,0,1,0,0,0,0
58156,0,0,0,0,1,0,0,0,0,0,0,0,0,0,0,0,0,0,0
58162,0,0,0,0,1,0,0,0,0,0,0,0,0,0,1,0,0,0,0
58293,0,1,0,0,0,0,0,0,0,0,0,0,0,0,1,0,1,0,0
58295,1,0,0,0,0,1,0,0,0,0,0,0,0,0,0,0,1,0,0
58297,1,0,0,0,0,0,0,1,0,0,0,0,0,0,0,1,1,0,0
58299,0,1,1,1,1,0,0,0,0,0,0,0,0,0,0,0,0,0,0
58301,0,0,0,0,0,0,0,1,0,0,0,0,0,0,0,0,1,0,0
58303,0,0,0,0,0,1,0,1,0,0,0,0,0,0,0,0,0,1,0
58347,0,0,0,0,1,0,0,0,1,0,0,0,0,0,1,0,0,0,0
58559,1,0,0,0,0,1,0,1,0,0,0,1,0,0,0,0,0,0,0
58803,0,0,0,0,0,1,0,1,0,0,0,0,0,0,1,0,1,0,0
58998,0,0,0,0,1,0,0,0,0,0,0,0,0,0,1,0,0,0,0
59018,0,0,0,0,0,0,0,1,0,0,0,0,0,0,1,0,0,0,0
59022,0,1,0,0,1,0,0,0,0,0,0,0,0,0,0,0,0,0,0
59037,1,0,0,1,0,0,0,0,0,0,0,1,0,0,0,1,0,0,0
59103,1,1,0,0,1,0,0,0,1,0,0,0,0,0,0,0,0,0,0
59126,0,0,0,0,1,0,1,0,0,0,0,0,0,0,0,0,0,0,0
59258,0,0,0,0,1,0,0,0,0,0,0,0,0,0,0,0,0,0,0
59315,1,1,0,0,0,0,0,0,0,0,0,0,0,0,0,1,0,0,0
59369,1,0,0,0,0,1,0,1,0,0,0,0,0,0,0,0,1,0,0
59387,0,1,0,0,0,0,0,1,1,0,0,0,0,0,0,0,0,0,0
59421,0,0,0,0,1,0,0,0,0,0,0,0,0,0,1,0,0,0,0
59501,0,1,0,1,0,0,0,0,1,0,0,0,0,0,0,0,0,0,0
59615,1,1,0,0,1,0,0,0,0,0,0,0,0,0,0,1,0,0,0
59725,0,0,0,0,1,0,0,0,0,0,0,0,0,0,1,0,0,0,0
59727,0,0,0,0,0,0,0,0,0,0,1,0,0,0,0,0,1,0,0
59784,1,0,1,1,1,0,0,0,0,0,0,1,0,0,0,0,0,0,0
59900,0,0,0,0,1,0,0,0,0,0,0,0,0,0,0,0,0,0,0
60037,0,0,0,0,0,0,0,1,0,0,0,0,0,0,0,1,1,0,0
60040,1,0,0,0,0,0,0,0,0,0,0,0,0,0,0,1,0,0,0
60069,0,1,1,1,0,0,0,0,0,0,0,0,0,0,1,1,0,0,0
60072,1,0,0,0,0,0,0,0,0,0,0,0,0,0,0,0,1,0,0
60074,1,1,0,0,1,1,0,0,1,0,0,0,0,0,0,0,0,0,0
60126,1,0,0,0,1,0,0,0,0,0,0,0,0,0,0,0,0,0,0
60397,0,0,0,0,1,0,0,0,0,0,0,0,1,0,1,0,0,0,0
60487,0,0,1,1,1,0,0,0,0,0,0,0,0,0,0,0,0,0,0
60514,1,1,0,0,0,0,0,0,0,0,0,0,0,0,0,1,0,0,0
60684,1,0,0,0,0,0,0,1,0,0,0,1,0,1,0,1,1,0,0
60756,0,0,0,0,1,0,0,0,0,0,0,0,0,0,0,0,0,0,0
60760,0,0,0,0,0,0,0,1,0,0,0,0,0,1,0,1,1,0,0
60766,0,0,0,0,0,0,1,0,0,0,0,0,0,0,0,0,0,0,0
60937,1,1,0,0,0,0,0,0,1,0,0,0,0,0,0,0,1,0,0
60950,0,0,0,0,1,0,0,1,0,0,0,0,0,0,1,0,0,0,0
61024,1,0,0,0,1,1,0,0,0,0,0,0,0,0,0,0,0,0,0
61132,1,1,0,0,1,0,0,0,0,0,0,0,0,0,0,0,0,1,0
61160,1,1,1,0,0,0,0,0,0,0,0,0,0,0,0,1,0,0,0
61236,0,0,1,0,0,0,1,1,0,0,0,0,0,0,0,0,0,1,0
61240,0,0,0,0,0,0,0,1,1,0,1,0,0,0,1,0,0,0,0
61248,1,1,0,0,0,0,0,0,0,0,0,0,0,0,0,1,1,0,0
61250,0,0,0,0,1,0,0,0,0,0,0,0,0,0,0,0,0,0,0
61323,0,0,0,0,1,1,0,1,0,0,0,0,0,0,0,0,0,0,0
61350,1,1,0,0,0,0,0,0,0,0,0,0,0,0,0,1,1,0,0
61352,0,0,0,0,0,1,0,1,0,0,0,0,0,0,0,0,1,0,0
61401,1,0,0,0,1,0,0,0,1,0,0,0,0,0,0,0,1,0,0
61729,0,0,0,0,1,0,0,0,1,0,0,0,0,0,1,0,0,0,0
62081,1,0,0,0,0,1,0,0,0,0,0,1,0,0,0,0,1,0,0
62113,0,0,0,0,1,0,0,0,0,0,0,0,0,0,0,0,0,0,0
62155,0,0,0,0,1,0,0,1,0,0,0,0,0,0,1,0,0,0,0
62344,0,0,0,0,0,0,0,1,0,0,0,0,0,0,1,0,0,0,0
62374,1,0,0,0,0,0,0,1,0,0,0,0,0,0,0,0,1,0,0
62376,0,1,0,1,0,0,0,0,0,0,0,0,0,0,0,1,0,0,0
62394,1,0,0,0,0,1,0,1,0,0,0,0,0,0,0,0,1,0,0
62434,0,0,0,0,1,0,0,1,0,0,0,0,0,0,1,0,0,0,0
62437,0,0,0,0,0,0,0,1,0,0,0,0,0,0,0,0,0,0,0
62511,0,0,0,0,1,0,0,1,0,0,0,0,0,0,0,0,0,0,0
62849,1,0,0,0,0,1,0,0,0,0,0,0,0,0,0,0,0,0,0
62999,1,1,1,1,1,0,0,0,0,0,0,1,0,0,0,0,0,0,0
63033,0,0,0,0,0,0,0,1,0,0,0,0,0,1,1,0,1,0,0
63062,0,0,0,0,0,1,0,1,0,0,0,0,0,1,0,0,0,0,0
63072,0,1,0,0,0,0,0,1,0,0,0,0,0,0,0,0,1,0,0
63082,0,0,0,0,0,1,0,1,0,0,0,0,0,0,1,0,0,0,0
63113,1,1,0,0,0,0,0,0,0,0,0,0,0,0,0,0,1,0,0
63131,0,0,0,0,1,0,0,0,0,0,0,0,0,0,0,0,0,0,0
63436,0,0,0,0,0,1,0,0,0,0,1,0,0,0,0,0,1,0,0
63479,0,0,0,0,1,0,0,0,0,0,0,0,0,0,0,0,0,0,0
63853,0,1,0,0,0,0,0,1,0,0,0,0,0,0,0,0,0,1,1
63859,1,1,1,1,1,0,0,0,0,0,0,0,0,0,0,0,0,0,0
63876,0,0,0,0,0,0,0,1,0,0,0,0,0,0,0,0,0,0,0
63992,0,0,0,0,0,0,0,1,1,0,0,0,0,0,1,0,1,0,0
64030,1,1,0,0,0,1,0,0,0,0,0,0,0,0,0,0,1,0,0
64034,0,0,0,0,0,0,0,1,0,0,0,0,0,0,0,0,0,1,0
64197,0,0,0,0,0,0,0,1,0,0,0,0,0,0,0,0,0,0,0
64497,0,0,0,0,0,0,0,1,0,0,0,1,0,0,0,1,1,0,0
64575,0,0,0,0,0,0,0,1,0,0,0,0,0,1,0,0,0,0,0
64614,0,0,0,0,0,1,0,1,0,0,0,0,0,0,0,0,0,0,0
64620,0,0,0,0,0,0,0,1,0,0,0,0,0,0,0,0,0,0,0
64622,0,0,0,0,0,0,0,1,0,0,0,0,0,0,1,0,0,0,0
64716,0,0,0,0,0,0,0,1,0,0,0,0,0,0,0,0,0,0,0
64839,0,0,0,0,0,0,0,1,0,0,0,0,0,0,0,0,0,0,0
64957,0,0,0,0,0,0,0,1,1,0,0,0,0,1,1,0,0,0,0
64969,0,0,0,0,1,0,0,0,0,0,0,0,0,0,0,0,0,0,0
64983,0,0,0,0,0,0,0,1,0,0,0,0,0,0,0,0,1,1,0
65088,0,1,0,1,1,0,0,0,0,0,0,0,0,0,0,0,0,0,0
65130,0,0,0,0,0,0,0,1,0,0,0,0,0,0,1,0,0,0,0
65216,0,0,0,0,0,0,0,1,0,0,0,0,0,0,0,0,1,1,0
65230,0,0,0,0,1,0,0,1,0,0,0,0,0,0,0,0,0,0,0
65261,0,1,1,1,0,0,0,0,1,0,0,0,0,0,0,0,0,0,0
65514,1,0,0,0,0,0,0,1,0,0,0,0,0,0,0,0,0,1,0
65585,0,0,0,0,1,0,0,0,0,0,0,0,0,0,1,0,0,0,0
65642,0,0,0,0,0,0,0,0,0,0,0,0,0,0,0,1,1,0,0
65682,1,0,0,0,0,0,0,0,1,0,1,0,0,0,0,0,1,0,0
65802,1,0,0,0,1,1,0,0,0,0,0,0,0,0,0,0,0,0,0
66097,0,0,1,0,0,0,0,0,1,0,0,0,0,0,0,0,1,0,0
66171,0,0,0,0,0,0,0,0,0,0,0,0,0,0,0,1,1,0,0
66198,0,0,0,0,0,0,0,1,0,0,0,0,0,0,0,0,1,0,0
66203,0,0,0,0,1,0,0,1,0,0,0,0,0,0,1,0,0,0,0
66509,0,0,0,0,1,0,0,1,0,0,0,0,0,0,0,0,0,0,0
66665,0,0,0,0,1,0,0,1,0,0,0,0,0,0,1,0,0,0,0
66934,0,0,0,0,1,0,0,1,0,0,0,0,1,0,0,1,0,0,0
67087,0,0,0,0,1,0,0,0,0,0,0,0,0,0,0,0,0,0,0
67193,0,0,0,0,0,1,0,0,0,0,0,0,0,0,1,0,1,0,0
67197,1,0,0,0,0,0,0,1,0,0,0,0,0,1,0,1,1,0,0
67255,0,0,0,0,0,1,0,1,0,0,0,0,0,1,0,0,1,0,0
67267,0,0,0,0,1,0,0,1,0,0,0,0,0,0,0,0,0,0,0
67408,0,0,1,0,0,0,0,0,0,0,0,1,0,0,0,1,0,0,0
67695,1,0,0,0,1,0,0,0,0,0,0,0,0,0,0,0,0,0,0
67734,0,0,0,0,1,0,0,1,0,0,0,0,0,0,0,0,0,0,0
67923,1,0,0,0,0,1,0,1,0,0,0,0,0,0,0,0,1,0,0
67997,0,0,0,0,1,0,0,0,0,0,0,0,0,0,0,0,0,0,0
68073,0,0,0,0,1,0,0,1,0,0,0,0,0,0,0,0,0,0,0
68135,0,0,0,0,1,0,0,1,0,0,0,0,0,0,0,0,0,0,0
68157,1,0,0,0,0,0,0,1,0,0,0,0,0,0,0,0,0,1,0
68159,0,0,0,0,0,1,0,1,0,0,0,0,0,0,0,0,1,0,0
68205,1,0,0,0,1,1,0,0,0,0,0,0,0,0,0,0,0,0,0
68237,0,0,0,0,0,0,0,1,0,0,0,0,0,1,0,1,1,0,0
68319,1,0,0,0,0,0,0,0,0,0,0,0,0,0,0,1,1,0,0
68358,1,1,0,0,0,0,0,0,0,0,0,1,0,0,0,1,0,0,0
68554,0,0,0,0,0,1,0,1,0,0,0,0,0,1,0,0,1,0,0
68791,1,1,0,0,0,0,0,0,0,0,0,0,0,0,0,1,1,0,0
68793,1,0,0,0,1,0,0,0,0,0,0,1,0,0,0,0,0,0,0
68848,0,1,0,0,1,1,0,0,0,0,0,0,0,0,1,0,0,0,0
68952,0,0,0,0,1,0,0,0,0,0,1,0,0,0,0,0,0,0,0
68954,0,1,1,1,0,0,0,1,0,0,0,0,0,0,0,0,0,0,0
69122,0,0,0,0,1,1,0,0,0,0,0,0,0,0,0,0,0,0,0
69134,0,0,0,0,0,0,0,1,1,0,0,0,0,0,0,0,0,0,0
69278,1,1,0,0,1,0,0,0,0,0,0,0,0,0,0,1,0,0,0
69306,0,0,0,0,0,1,0,1,0,0,0,0,0,0,0,0,1,0,0
69406,0,0,0,0,1,0,0,0,0,0,0,0,0,0,1,0,0,0,0
69436,0,1,0,0,1,0,0,0,0,0,0,0,0,0,0,0,0,0,0
69481,1,0,0,0,0,0,0,1,0,0,0,0,0,0,0,0,1,1,0
69526,1,1,0,0,0,0,0,0,0,0,0,1,0,0,0,1,0,0,0
69604,0,0,0,0,1,0,0,0,0,0,0,0,0,0,1,0,0,0,0
69640,0,0,0,0,0,1,0,1,0,0,0,0,0,0,0,0,1,0,0
69644,1,1,1,1,1,0,0,0,0,0,0,0,0,0,1,0,0,0,0
69757,0,0,0,0,1,0,0,1,0,0,0,0,0,0,1,0,0,0,0
69784,0,0,0,0,1,0,0,0,0,0,0,0,0,0,0,0,0,0,0
69844,0,1,0,0,0,0,0,0,1,0,0,1,0,1,1,0,0,0,0
69951,0,0,0,0,0,0,0,1,1,0,0,0,0,0,0,0,0,0,0
70159,0,0,0,0,0,0,0,1,0,0,1,0,0,1,0,0,1,0,0
70183,0,0,0,0,1,0,0,1,0,0,0,0,0,0,1,0,0,0,0
70286,0,0,0,0,0,0,0,0,0,0,0,0,0,1,0,1,1,0,0
70293,0,0,0,0,1,0,0,1,0,0,0,0,0,0,1,0,0,0,0
70336,1,1,0,0,0,0,0,0,0,0,0,0,0,0,0,1,1,0,0
70599,0,0,0,0,0,0,0,1,0,0,0,0,0,0,1,1,0,0,0
70728,1,0,0,0,1,0,0,1,0,0,0,0,0,0,0,0,1,0,0
71033,0,0,0,0,0,1,0,1,0,0,0,0,0,1,1,0,1,0,0
71057,0,1,1,0,0,0,0,0,0,0,0,0,0,0,0,1,0,0,0
71108,0,0,0,0,0,0,0,1,0,0,0,0,0,1,0,0,0,0,0
71135,0,0,0,0,0,0,0,0,0,0,1,0,0,0,0,1,1,0,0
71156,1,0,0,0,1,0,0,1,0,0,0,0,0,0,0,0,0,0,0
71205,0,0,0,0,1,0,0,0,0,0,1,0,0,0,0,1,1,0,0
71211,0,0,0,0,1,1,0,1,0,0,0,0,0,0,0,0,1,0,0
71248,0,0,0,0,1,0,0,0,0,0,0,0,0,0,0,0,0,0,0
71252,0,0,0,0,0,0,0,0,0,0,1,0,0,0,0,0,1,0,0
71254,1,0,0,0,0,0,0,0,0,0,0,0,0,0,0,1,1,0,0
71264,0,0,1,1,0,0,0,0,1,0,0,1,0,0,0,0,0,0,0
71282,0,0,0,0,0,0,1,0,0,0,0,0,0,0,0,0,0,0,0
71379,0,0,0,0,0,0,0,0,0,0,1,0,0,0,0,0,1,0,0
71462,0,0,0,0,0,0,1,0,0,0,0,0,0,0,0,0,0,0,0
71464,0,0,0,0,1,0,0,1,0,0,0,0,0,0,0,0,0,0,0
71518,0,0,0,0,1,0,0,1,0,0,0,0,0,0,0,0,0,0,0
71520,0,0,0,0,1,0,0,0,0,0,0,0,0,0,0,0,0,0,0
71530,1,0,0,0,0,0,0,0,0,0,0,0,0,0,0,1,1,0,0
71535,1,0,0,0,1,0,0,0,0,0,1,0,0,0,0,0,0,0,0
71579,0,0,0,0,0,0,0,1,0,0,0,0,0,0,1,0,0,0,0
71668,0,0,0,0,1,0,0,0,0,0,0,0,0,0,1,0,0,0,0
71745,0,1,0,1,0,0,0,1,1,0,0,1,0,0,0,0,0,0,0
71838,0,0,0,0,0,0,0,1,0,0,0,0,0,0,0,0,1,0,0
72011,0,0,0,0,0,0,0,1,0,0,0,0,0,0,1,0,0,0,0
72129,0,0,0,0,0,1,0,0,0,0,1,0,0,1,0,0,1,0,0
72167,1,0,0,0,0,1,0,1,0,0,0,0,0,0,0,0,1,0,0
72226,0,1,1,1,1,1,0,0,0,0,0,0,0,0,0,0,0,0,0
72294,0,0,1,1,0,0,0,1,1,0,0,1,0,0,0,0,0,0,0
72356,0,0,1,1,1,0,0,0,1,0,0,0,0,0,0,0,0,0,0
72378,1,0,0,0,0,0,0,1,0,0,0,0,0,0,0,1,1,0,0
72380,0,0,0,0,0,0,0,1,0,0,1,0,0,1,0,1,1,0,0
72395,0,0,0,0,0,0,0,1,0,0,0,0,0,0,0,0,0,0,0
72405,0,0,0,0,0,1,0,1,0,0,0,0,0,0,0,0,0,0,0
72407,0,0,0,0,0,0,0,1,1,0,1,0,0,0,1,0,1,0,0
72605,0,0,0,0,0,0,0,1,0,0,0,0,0,0,0,0,1,1,0
72641,0,0,0,0,0,0,0,1,0,0,0,0,0,0,0,0,0,0,0
72720,0,0,0,0,0,0,0,1,0,0,0,0,0,0,0,0,0,0,0
72731,0,0,0,0,0,1,0,1,1,0,1,0,0,0,0,0,1,0,0
72733,0,0,0,0,0,0,0,1,0,0,0,0,0,0,0,0,0,0,0
72737,0,0,1,1,0,0,0,0,1,0,0,0,1,0,1,0,0,0,0
72998,1,1,0,0,0,0,0,0,0,0,0,1,0,0,0,1,0,0,0
73015,0,0,0,0,1,0,0,0,0,0,0,0,0,0,1,0,0,0,0
73017,1,0,0,0,0,1,0,0,0,0,0,0,0,1,0,0,1,0,0
73023,0,0,0,0,0,0,0,1,0,0,0,0,0,0,1,0,0,0,0
73266,0,0,0,0,1,0,0,1,0,0,0,0,0,0,1,0,0,0,0
73268,1,0,0,0,0,0,0,1,0,0,1,0,0,0,0,0,1,0,0
73290,0,0,0,0,0,0,0,1,0,0,0,0,0,0,0,0,0,0,0
73321,1,1,0,0,0,0,0,1,0,0,0,0,0,0,0,0,0,0,0
73323,1,0,0,0,0,1,0,0,0,0,0,0,0,1,0,0,0,0,0
73344,0,0,0,0,0,1,0,1,0,0,0,0,0,0,0,0,0,0,0
73929,1,0,0,0,0,0,0,0,1,0,1,0,0,0,0,0,1,0,0
74156,0,0,0,0,0,0,0,1,0,0,0,0,0,0,0,0,1,0,0
74228,0,0,0,0,0,0,0,1,0,0,1,0,0,1,0,0,1,0,0
74275,0,0,0,0,1,0,0,1,0,0,0,0,0,0,1,0,0,0,0
74450,0,0,0,0,1,0,0,0,0,0,0,0,0,0,1,0,0,0,0
74452,0,0,0,0,0,0,0,0,0,0,1,0,0,0,0,0,1,0,0
74458,0,0,0,0,0,0,0,1,0,0,0,0,0,1,0,0,1,0,0
74510,1,0,0,0,0,1,0,1,0,0,0,0,0,1,0,0,1,0,0
74530,0,1,0,0,0,0,0,0,1,0,0,0,0,0,0,0,0,0,0
74545,0,0,0,0,0,0,0,1,0,0,0,0,0,1,0,0,1,0,0
74685,1,0,0,0,0,0,0,1,0,0,1,0,0,0,0,1,1,0,0
74789,0,1,0,0,0,0,0,0,1,0,0,1,0,0,0,0,0,0,0
74795,1,0,0,0,0,0,0,1,0,0,0,0,0,0,0,0,1,1,0
74851,1,0,0,0,0,1,0,0,0,0,0,0,0,0,0,0,0,0,0
74946,0,0,0,0,1,0,0,0,0,0,0,0,0,0,0,0,0,0,0
74948,0,0,0,0,0,1,0,1,0,0,0,0,0,0,0,0,1,0,0
75805,1,0,0,0,1,0,0,0,0,0,0,0,0,0,1,0,0,0,0
75985,1,0,0,0,0,0,0,0,0,0,0,0,0,0,0,1,1,0,0
76077,0,0,0,0,1,0,0,0,0,0,0,0,0,0,0,1,0,0,0
76093,0,1,1,1,0,0,0,0,1,0,0,1,0,0,0,0,0,0,0
76175,1,1,0,0,0,0,0,1,1,0,0,0,0,0,0,0,0,0,0
76251,1,0,0,0,1,0,0,0,0,0,0,0,0,0,0,0,0,0,0
76293,1,0,0,0,1,0,0,0,0,0,0,0,0,0,1,0,0,0,0
77307,0,0,0,0,0,0,0,1,0,0,0,0,0,0,0,0,0,0,0
77455,0,0,0,0,1,0,1,0,0,0,0,0,0,0,0,0,0,0,0
77561,1,1,0,0,0,0,0,0,0,0,0,1,0,0,0,1,1,0,0
77800,0,0,0,0,1,0,0,1,0,0,0,0,0,0,0,0,0,0,0
77866,1,1,0,0,0,0,0,1,0,0,0,0,0,0,1,0,0,1,0
78039,0,0,0,0,0,0,0,1,0,0,0,0,0,0,1,0,0,0,0
78088,0,0,0,0,0,0,0,0,0,0,0,0,0,1,0,0,1,0,0
78105,1,1,0,0,0,0,0,0,1,0,0,1,0,0,1,0,0,0,0
78209,0,0,0,0,1,0,0,0,0,0,0,0,0,0,0,0,0,0,0
78266,0,0,0,0,0,0,0,0,0,0,1,0,0,0,0,1,1,0,0
78349,0,0,0,0,0,0,0,0,0,0,0,0,0,1,0,0,1,0,0
78469,1,0,0,0,1,0,0,0,0,0,0,0,0,0,0,0,1,0,0
78499,0,1,1,1,1,0,0,0,1,0,0,1,0,0,0,0,0,0,0
78574,0,0,0,0,0,0,0,1,0,0,0,0,0,0,0,0,1,0,0
78637,0,1,1,1,1,0,0,0,1,0,0,1,0,0,0,0,0,0,0
78772,0,0,0,0,0,0,0,0,1,0,0,1,0,0,1,0,1,0,0
78893,1,1,0,0,0,0,0,0,1,0,0,0,0,0,0,0,0,0,0
79057,1,0,0,0,0,0,0,0,0,0,0,0,0,0,0,1,1,0,0
79091,0,0,1,1,1,1,0,0,0,0,0,0,0,0,0,0,0,0,0
79132,1,0,0,0,0,1,0,1,0,0,0,1,0,1,0,1,1,0,0
79134,0,0,0,0,1,0,0,0,0,0,0,0,0,0,0,0,0,0,0
79139,1,1,0,1,1,0,0,0,1,0,0,0,0,0,0,0,0,0,0
79185,1,0,0,0,1,0,0,0,0,0,0,0,0,0,1,0,0,0,0
79224,1,0,0,1,0,0,0,1,0,0,0,0,0,0,0,0,0,0,0
79242,0,0,0,0,1,0,0,1,0,0,0,0,0,0,0,0,0,0,0
79293,1,0,0,0,0,0,0,0,0,0,0,0,0,0,0,0,1,0,0
79357,0,0,0,0,0,0,0,1,1,0,0,0,0,0,1,1,0,0,0
79428,0,0,0,0,1,0,0,0,0,0,0,0,0,0,0,0,0,0,0
79553,1,0,0,0,0,0,0,0,0,0,0,0,0,0,0,0,0,0,0
79592,1,0,0,0,1,0,0,0,0,0,0,0,0,0,0,0,0,0,0
79695,1,1,0,0,0,0,0,0,0,0,0,0,0,0,0,0,1,0,0
79702,1,0,0,0,1,0,0,0,1,0,0,0,1,0,1,0,0,0,0
79720,0,0,0,0,0,1,0,1,0,0,0,0,0,0,0,0,0,0,0
80126,0,0,0,0,0,0,0,1,0,0,0,0,0,0,0,0,1,0,0
80166,0,0,0,0,1,0,0,0,0,0,0,0,0,0,1,0,0,0,0
80219,1,1,0,0,1,1,0,0,0,0,0,0,0,0,0,0,1,0,0
80363,1,0,0,0,0,0,0,0,0,0,1,1,0,0,0,1,1,0,0
80463,0,0,0,0,0,0,0,1,0,0,0,0,0,0,0,0,0,0,0
80489,0,0,0,0,0,1,0,1,0,0,0,0,0,0,0,0,1,0,0
80549,0,0,0,0,1,0,0,0,0,0,0,0,0,0,1,0,0,0,0
80590,0,0,0,0,0,0,0,1,0,0,0,0,0,0,0,0,0,0,0
80615,0,1,1,0,0,0,0,0,1,0,0,1,0,0,0,0,0,0,0
80693,0,0,0,0,1,0,0,1,0,0,0,0,0,0,0,0,0,0,0
80831,0,0,0,0,0,0,0,1,0,0,1,0,0,1,0,0,0,0,0
80846,0,0,0,0,0,0,0,0,0,0,1,0,0,1,0,0,1,0,0
80906,0,0,0,0,0,0,1,0,0,0,0,0,0,0,0,0,0,0,0
80917,0,0,0,0,0,0,0,1,0,0,0,0,0,0,0,1,0,0,0
80969,0,0,0,0,0,0,0,1,0,0,0,0,0,0,1,1,0,0,0
81156,1,0,0,0,1,0,1,0,0,0,0,0,0,0,0,0,0,0,0
81229,1,0,0,0,1,0,0,0,0,0,0,0,0,0,0,0,0,0,0
81417,0,0,0,0,0,0,0,0,0,0,1,1,0,0,0,0,0,0,0
81537,0,0,0,0,1,0,0,0,0,0,0,0,0,0,0,0,0,0,0
81562,0,1,0,0,0,0,0,1,0,0,0,0,0,0,0,0,1,0,0
81564,1,0,1,1,1,0,0,0,0,0,0,1,0,0,0,1,0,0,0
81591,0,0,0,0,0,0,0,1,0,0,0,0,0,0,0,0,1,0,0
81782,1,0,0,0,0,0,0,1,0,0,0,0,0,0,0,0,1,0,0
81788,0,0,0,0,0,1,0,1,0,0,0,0,0,0,1,0,1,0,0
81834,1,1,0,0,0,0,0,0,1,0,0,1,0,0,0,0,0,0,0
81845,0,0,0,0,0,0,0,1,0,0,0,0,0,0,0,0,0,0,0
81847,0,0,1,1,1,0,0,0,1,0,0,1,1,0,1,0,0,0,0
81932,0,0,0,0,0,0,0,1,0,0,0,0,0,0,0,0,0,0,0
82167,0,0,0,0,1,0,0,1,0,0,0,0,0,0,1,0,0,0,0
82169,0,1,0,1,0,0,0,0,1,0,0,0,0,0,0,0,0,0,0
82202,0,0,0,0,0,0,0,1,0,0,0,0,0,0,0,0,1,0,0
82459,0,0,0,0,0,0,0,0,0,0,0,0,0,0,0,0,0,0,1
82461,1,1,0,0,0,0,0,0,0,0,0,1,0,0,0,1,0,0,0
82667,0,0,0,0,0,1,0,0,0,0,0,0,0,0,0,0,1,0,0
82852,0,0,0,0,1,0,0,0,0,0,0,0,0,0,0,0,0,0,0
83132,0,0,1,1,0,0,0,0,1,0,0,0,0,0,0,0,0,0,0
83134,0,0,0,0,1,0,0,0,0,0,1,0,0,0,0,0,0,0,0
83349,1,0,0,0,1,1,0,0,1,0,0,1,0,0,0,0,1,0,0
83480,0,1,0,0,0,0,0,1,1,0,0,0,0,0,0,0,0,0,0
83613,1,0,0,0,0,0,0,0,0,0,0,1,0,0,0,1,1,0,1
84152,0,0,0,0,0,0,0,0,0,0,0,0,0,0,0,1,1,0,0
84374,0,0,0,0,1,0,0,0,0,0,0,0,0,0,1,0,0,0,0
84392,0,0,0,0,0,1,0,1,0,0,0,0,0,0,0,0,1,0,0
84601,0,0,0,0,0,0,0,1,0,0,0,0,0,1,0,0,1,0,0
84772,0,1,0,0,1,0,0,0,0,0,0,0,0,0,0,1,0,0,0
84944,1,1,1,1,1,0,0,0,0,0,0,0,0,0,0,0,0,0,1
84954,0,0,0,0,0,0,0,0,0,0,0,0,0,0,1,1,1,0,0
85020,1,0,0,0,0,0,0,1,0,0,0,0,0,0,0,0,1,0,0
85022,0,0,0,0,1,0,0,0,0,0,0,0,0,0,0,0,0,0,0
85056,1,0,0,0,0,0,0,0,0,0,0,1,0,0,0,1,1,0,0
85131,1,0,0,0,0,0,0,0,0,0,0,0,0,0,0,1,0,1,0
85342,1,0,0,0,0,1,0,1,0,0,0,0,0,0,0,0,0,0,0
85367,0,0,0,0,1,0,0,0,0,0,0,0,0,0,1,0,0,0,0
85401,1,0,0,0,1,0,0,1,0,0,0,0,0,0,0,0,0,0,0
85412,0,0,0,0,0,0,0,0,1,0,1,0,0,0,0,0,0,0,0
85414,1,0,0,0,0,0,0,1,0,0,0,0,0,1,0,1,1,0,0
85510,1,0,0,0,0,0,0,0,1,0,0,1,0,0,0,0,1,0,0
85774,0,0,0,0,0,0,1,0,0,0,0,0,0,0,0,0,0,0,0
85788,0,0,0,0,0,0,0,0,1,0,1,0,0,0,0,0,1,0,0
85881,0,0,0,0,1,0,0,1,0,0,0,0,0,0,0,0,0,0,0
86142,1,0,0,0,0,0,0,0,0,0,0,0,0,0,0,0,0,0,0
86190,1,1,0,0,0,0,0,0,0,0,0,0,0,1,0,0,1,0,0
86295,0,0,0,0,1,0,0,0,0,0,1,0,0,1,0,0,1,0,0
86298,0,1,1,1,1,0,0,0,0,0,0,0,0,0,0,0,0,0,0
86320,0,0,0,0,0,0,0,1,0,0,0,0,0,0,0,1,0,0,0
86332,1,1,0,0,0,0,0,1,1,0,0,1,0,0,0,0,0,0,0
86345,0,0,0,0,1,0,0,0,0,0,0,0,0,0,0,0,0,0,0
86347,0,0,0,0,1,0,0,0,0,0,0,0,0,0,0,0,0,0,0
86377,0,0,0,0,1,0,0,0,0,0,0,0,0,0,0,0,0,0,0
86644,1,0,0,0,0,1,0,1,0,0,0,1,0,0,0,0,1,0,0
86781,0,0,0,0,0,0,0,1,0,0,0,0,0,1,0,0,0,1,0
86833,0,0,0,0,1,0,0,0,0,0,0,0,0,0,0,0,0,0,0
86835,1,0,0,0,0,0,0,0,0,0,1,0,0,0,0,1,1,0,0
86880,1,1,0,0,0,0,0,0,1,0,0,1,0,0,0,0,0,0,0
86882,0,0,0,0,1,0,0,0,1,0,0,0,0,0,1,0,0,0,0
86898,0,0,0,0,0,0,0,1,0,0,0,0,0,0,0,0,0,0,0
86911,0,0,0,0,1,0,0,0,0,0,0,0,0,0,0,0,0,0,0
87192,1,0,0,0,1,0,0,0,0,0,0,0,0,0,0,1,0,0,0
87222,1,1,1,1,1,0,0,0,0,0,0,1,0,0,0,0,0,0,0
87232,1,1,0,0,0,0,0,0,0,0,0,0,0,0,0,1,1,1,0
87234,0,0,0,0,1,0,0,1,0,0,0,0,0,0,1,0,0,0,0
87304,0,0,0,0,0,0,0,1,0,0,0,0,0,0,0,0,0,0,0
87306,0,0,0,0,0,0,0,0,0,0,0,1,0,1,0,1,1,0,0
87430,1,1,0,0,0,0,0,0,0,0,0,0,0,0,0,1,0,0,0
87485,0,0,0,0,1,0,0,0,0,0,0,0,0,0,0,0,0,0,0
87520,1,1,0,0,0,0,0,0,0,0,0,1,0,0,0,1,0,1,0
87529,1,1,0,0,1,0,0,0,1,0,0,0,0,0,0,0,0,0,0
87869,0,0,0,0,1,1,0,0,0,0,0,0,0,0,0,0,0,0,0
87876,0,1,1,1,1,0,0,0,0,0,0,1,0,0,0,0,0,0,0
88125,1,1,0,0,0,0,0,1,1,0,0,1,0,1,0,0,0,0,0
88129,0,0,0,0,0,1,0,1,0,1,0,0,0,0,0,0,1,0,0
88140,1,1,0,0,0,0,0,0,0,0,0,0,0,0,0,1,1,1,0
88163,0,0,0,0,1,0,0,1,0,0,0,0,0,0,1,0,0,0,0
88235,0,0,0,0,1,1,0,0,0,0,0,0,0,0,0,0,0,0,0
88405,0,0,0,0,1,0,0,0,0,0,0,0,0,0,1,0,0,0,0
88744,1,0,0,0,0,0,0,1,0,0,0,0,0,0,0,1,1,0,0
88785,0,0,0,0,1,0,0,0,0,0,0,0,0,0,0,0,0,0,0
88810,0,0,0,0,0,0,0,1,0,0,0,0,0,0,0,0,0,0,0
88812,1,0,0,0,1,1,0,0,0,0,0,0,0,0,0,0,0,0,0
89030,0,0,0,0,1,0,0,0,0,0,1,0,0,0,0,0,0,0,0
89039,0,0,0,0,0,0,0,1,0,0,0,0,0,0,1,1,0,0,0
89118,0,0,0,0,0,0,0,1,0,0,0,0,0,0,0,0,0,0,0
89470,0,0,0,0,0,0,0,0,0,0,0,1,0,0,0,1,1,0,0
89492,0,0,0,0,0,0,0,1,0,0,0,0,0,0,0,0,0,0,0
89745,1,1,0,0,0,0,0,0,0,0,0,1,0,0,0,1,0,0,0
89753,0,0,0,0,0,0,0,1,0,1,0,0,0,0,0,0,1,0,0
89759,0,0,0,0,0,0,0,1,0,0,0,0,0,0,0,0,0,0,0
89761,0,0,0,0,0,0,0,1,0,0,0,0,0,0,0,0,1,0,0
89774,0,0,0,0,0,0,0,1,0,0,0,0,0,0,0,0,0,0,0
89804,0,0,0,0,0,0,0,1,0,0,0,0,0,0,0,0,0,0,0
89864,0,0,0,0,1,0,0,1,0,0,0,0,0,0,0,0,0,0,0
89904,0,0,0,0,1,0,0,1,0,0,0,0,0,0,1,0,0,0,0
90057,0,0,0,0,0,0,0,1,0,0,0,0,0,0,0,0,0,0,0
90249,1,0,0,0,0,0,0,1,0,0,0,1,0,0,0,1,0,0,0
90345,0,0,0,0,0,0,0,0,0,0,1,0,0,1,0,1,1,0,0
90376,0,0,0,0,0,0,0,1,0,0,0,0,0,0,0,0,1,0,0
90405,0,0,0,0,0,1,0,0,0,0,0,0,0,0,0,1,1,0,0
90430,0,0,0,0,1,0,0,1,0,0,0,0,0,0,0,0,0,0,0
90439,0,0,0,0,0,0,0,1,0,0,0,0,0,0,0,0,1,0,0
90522,0,1,0,0,1,0,0,0,0,0,0,0,0,0,0,0,1,0,0
90531,0,0,0,0,0,0,0,1,0,0,0,0,0,0,0,0,0,0,0
90600,1,0,0,0,0,1,0,0,0,0,0,0,0,0,0,0,1,0,0
90647,0,1,1,0,1,0,0,0,1,0,0,1,0,0,0,0,0,0,0
90717,1,0,0,0,1,1,0,0,0,0,0,0,0,0,0,0,0,0,0
90719,0,0,0,0,0,0,0,1,0,0,0,0,0,0,0,0,0,0,0
90746,1,0,1,0,0,0,0,0,0,0,0,1,0,1,0,0,0,0,0
90866,0,0,0,1,0,0,0,1,0,0,0,0,0,1,0,0,0,0,0
90888,1,0,0,0,0,0,0,1,1,0,0,0,0,0,0,0,0,0,0
91077,0,0,0,0,1,0,0,1,0,0,0,0,0,0,0,0,0,0,0
91094,0,0,0,1,1,0,0,0,0,0,0,0,1,0,0,0,0,0,0
91104,0,1,0,0,0,0,0,1,1,0,0,0,0,0,1,0,0,0,0
91126,0,0,0,0,0,0,0,1,0,0,0,0,0,0,0,0,0,1,0
91485,1,1,0,0,0,0,0,0,0,0,0,0,0,0,0,0,0,0,0
91500,1,1,0,0,0,0,0,1,0,0,0,0,0,0,0,1,1,0,0
91529,1,1,0,0,0,1,0,0,0,0,0,1,0,0,0,0,0,0,0
91535,1,1,0,0,0,0,0,1,0,0,0,1,0,0,0,0,1,0,0
91542,1,1,0,0,1,1,0,0,0,0,0,0,0,1,0,0,1,0,0
91622,0,0,0,0,1,0,0,1,0,0,0,0,0,0,0,0,0,0,0
91630,1,1,0,0,0,0,0,0,0,0,0,1,0,0,0,0,1,0,0
91653,0,0,0,0,1,0,0,1,0,0,0,0,0,0,0,0,0,0,0
91658,0,0,0,0,0,0,0,1,0,0,0,0,0,0,0,0,1,0,0
91974,1,0,0,0,0,0,0,0,1,0,1,1,0,0,0,0,0,0,0
91976,1,0,0,0,0,0,0,1,0,0,0,0,0,0,0,0,0,0,0
91978,0,0,0,0,0,1,0,0,0,0,0,0,0,0,0,0,1,0,0
92259,0,0,0,0,1,0,0,1,0,0,0,0,0,0,0,0,0,0,0
92420,1,0,0,0,0,0,0,0,0,0,0,0,0,0,0,1,1,0,0
92422,0,0,0,0,0,0,0,1,0,0,1,0,0,0,0,0,1,0,0
92507,1,0,0,0,0,1,0,0,0,0,0,0,0,1,0,0,1,0,0
93270,0,0,0,0,1,0,0,0,0,0,0,0,0,0,0,0,0,0,0
93272,0,0,1,0,0,0,0,0,1,0,0,1,1,0,0,0,0,0,0
93326,1,0,0,0,1,0,0,0,0,0,0,0,0,0,1,0,0,0,0
93363,1,1,0,0,0,0,0,0,0,0,0,1,0,0,0,1,0,0,0
93510,1,0,0,0,1,1,0,0,0,0,0,0,0,0,0,0,0,0,0
93721,0,0,0,0,0,0,1,0,0,0,0,0,0,0,0,0,0,0,0
93766,1,1,0,0,0,0,0,0,1,0,0,1,0,0,0,0,0,0,0
93805,1,0,0,0,1,0,0,0,0,0,0,0,0,0,0,1,0,0,0
93831,0,0,0,0,1,0,0,0,0,0,0,0,0,0,0,0,0,0,0
93838,1,0,0,0,0,1,0,0,0,0,0,0,0,0,0,0,0,0,0
93840,0,0,0,0,1,0,0,0,0,0,1,0,0,0,0,1,1,0,0
93855,0,0,0,0,1,0,0,1,0,0,0,0,0,0,0,0,0,0,0
94018,1,0,0,0,0,0,0,0,0,0,0,1,0,0,0,1,1,0,0
94070,0,0,0,0,1,0,0,1,0,0,0,0,0,0,0,0,0,0,0
94478,0,0,0,0,1,0,0,0,0,0,1,1,0,0,0,0,0,0,0
94677,0,0,0,0,1,0,0,0,0,0,0,0,0,0,0,0,0,0,0
94777,1,0,0,0,1,0,0,0,0,0,0,1,0,0,0,1,0,0,0
94780,1,1,0,0,0,0,0,1,0,0,0,0,0,0,0,0,0,0,0
94864,1,0,0,0,0,0,0,0,0,0,1,1,0,0,0,1,0,0,0
94896,0,0,0,0,1,1,0,1,0,0,0,0,0,0,0,0,0,0,0
94959,0,0,0,0,1,0,0,1,0,0,0,0,0,0,1,0,0,0,0
94985,1,0,0,0,0,1,0,1,0,0,0,0,0,0,0,0,1,0,0
95088,0,0,0,0,1,0,0,1,0,0,0,0,0,0,0,0,0,0,0
95105,0,1,1,1,1,0,0,0,0,0,0,1,0,0,0,0,0,0,0
95167,1,1,1,1,0,0,0,0,0,0,0,0,0,0,0,0,0,0,0
95207,1,0,0,0,0,0,0,0,1,0,1,0,0,0,0,0,1,0,0
95309,0,0,0,0,1,0,0,1,0,0,0,0,0,0,1,0,0,0,0
95441,0,0,0,0,1,0,0,0,1,0,0,0,0,0,0,0,0,0,0
95449,0,0,0,0,0,0,0,1,0,0,0,0,0,0,1,0,0,0,0
95510,1,1,0,0,0,0,0,0,0,0,0,1,0,0,0,1,0,0,0
95543,0,1,1,0,1,0,0,0,0,0,0,0,0,0,0,0,0,0,0
95558,0,0,0,0,0,0,0,1,1,0,0,0,0,0,0,0,0,0,0
95654,0,0,1,1,0,0,0,0,0,0,0,0,0,0,0,0,0,0,0
95720,0,0,0,0,1,0,0,0,0,0,0,0,0,0,0,1,0,0,0
95858,0,0,1,1,1,0,0,0,0,0,0,0,0,0,0,0,0,0,0
95873,0,0,0,0,1,0,0,0,1,0,0,0,0,0,1,0,0,0,0
95875,1,0,0,0,0,0,0,0,0,0,0,0,0,0,0,1,1,0,0
96079,1,1,0,0,0,0,0,0,0,0,0,1,0,0,0,0,1,0,0
96110,0,0,0,0,1,0,0,0,0,0,0,0,0,0,0,0,0,0,0
96281,0,1,1,0,1,0,0,0,0,0,0,0,0,0,0,0,0,0,0
96417,1,0,0,0,0,0,0,0,0,0,0,0,0,0,0,0,1,0,0
96432,0,0,0,0,0,1,0,1,0,0,0,0,0,0,0,0,0,0,0
96488,0,0,0,0,0,0,1,0,0,0,0,0,0,0,0,0,0,0,0
96588,0,0,0,0,1,0,0,0,0,0,0,0,1,0,0,0,0,0,0
96610,1,0,0,0,0,1,0,0,0,0,0,0,0,0,0,1,0,0,0
96655,0,0,0,0,1,0,0,1,0,0,0,0,0,0,0,1,0,0,0
96691,1,0,0,0,0,0,0,0,0,0,1,1,0,0,0,1,0,0,0
96728,0,0,0,0,0,0,0,1,0,0,0,0,0,0,0,0,0,0,0
96737,1,0,0,0,0,0,0,0,0,0,0,0,0,0,0,1,0,0,0
96811,0,0,0,0,0,1,0,1,0,0,0,0,0,0,0,0,1,0,0
96821,0,0,0,0,0,0,0,1,0,0,0,0,0,0,1,0,0,0,0
96829,0,0,0,0,0,0,0,1,0,0,0,0,0,0,0,0,0,0,0
96861,1,0,0,0,0,1,0,1,0,0,0,0,0,0,0,0,1,0,0
97172,0,0,1,0,1,0,0,0,0,0,1,1,0,0,0,0,0,0,0
97188,0,0,0,0,0,0,0,0,0,0,1,0,0,0,0,0,1,0,0
97225,0,0,1,1,1,0,0,0,0,0,0,0,0,0,0,0,0,0,0
97304,0,0,0,0,0,0,0,1,0,0,0,0,0,0,0,0,1,0,0
97306,0,0,0,0,1,1,0,0,0,0,0,0,0,0,0,0,0,0,0
97752,0,0,0,0,0,0,0,1,0,0,0,1,0,0,0,1,0,0,0
97860,0,0,0,0,0,1,0,1,0,0,0,0,0,0,0,0,1,0,0
97913,0,0,1,0,1,0,0,0,0,0,0,0,0,0,0,0,0,0,0
97921,0,0,0,0,1,0,0,1,0,0,0,0,0,0,0,0,0,0,0
97923,0,0,0,0,0,0,0,1,0,0,0,0,0,0,0,0,0,0,0
97938,0,1,0,0,0,0,0,1,0,0,0,1,0,0,0,0,0,0,0
98154,0,0,0,0,0,0,0,1,0,0,0,0,0,0,0,0,0,1,0
98203,0,1,0,0,0,0,0,1,1,0,0,1,0,0,1,0,0,0,0
98243,0,1,1,1,0,0,0,0,1,0,0,1,0,0,0,0,0,0,0
98491,0,0,1,0,1,0,0,0,0,0,0,0,0,0,1,0,0,0,0
98809,0,1,0,0,0,0,0,0,1,0,0,1,0,0,0,0,0,0,0
98961,1,0,0,0,0,0,0,1,0,0,0,0,0,0,0,0,1,0,0
99007,0,0,0,0,1,0,0,0,0,0,1,0,0,0,1,0,0,0,0
99112,1,0,0,0,0,1,0,0,0,0,0,0,0,0,0,0,1,0,0
99114,1,0,0,0,0,0,0,1,0,0,0,0,0,0,0,0,0,0,1
99117,0,0,0,0,0,0,0,1,0,0,0,0,0,0,0,0,0,0,0
99145,0,0,0,0,0,0,0,1,0,0,0,0,0,0,0,0,1,0,0
99149,0,0,0,0,0,0,0,1,0,0,0,1,1,0,1,0,0,0,0
99728,1,0,0,0,0,1,0,1,0,0,0,0,0,0,0,0,0,0,0
99910,1,0,0,0,0,1,0,0,0,0,0,0,0,0,0,0,1,0,0
99912,0,0,0,0,0,0,0,0,0,0,1,0,0,0,0,0,0,0,0
100163,1,0,0,0,0,0,0,0,1,0,1,1,0,0,0,0,0,0,0
100383,0,0,0,0,0,1,0,1,0,0,0,0,0,1,0,0,1,0,0
100390,0,0,0,0,1,1,0,0,0,0,0,0,0,0,0,0,0,0,0
100498,1,0,0,0,0,1,0,0,0,0,0,1,0,0,0,0,1,0,0
100714,0,0,0,0,0,0,0,1,0,0,0,0,0,0,1,0,0,0,0
101025,0,1,0,0,0,0,0,0,1,0,0,1,0,0,0,0,0,0,0
101076,1,1,0,0,0,0,0,0,0,0,0,1,0,0,0,1,1,0,0
101088,0,0,0,0,0,0,0,1,0,0,0,0,0,1,0,0,1,0,0
101112,1,1,0,0,0,0,0,0,1,0,0,1,0,0,0,0,0,0,0
101142,0,1,1,0,1,0,0,0,0,0,0,0,0,0,0,0,0,0,0
101285,0,0,0,0,1,1,0,1,0,0,0,0,0,0,0,0,0,0,0
101362,1,0,0,0,0,0,0,0,0,0,0,0,0,0,0,0,1,0,0
101525,0,0,0,0,0,1,0,1,0,0,0,0,0,0,0,0,0,0,0
101739,0,0,0,0,0,0,0,0,0,0,1,0,0,0,0,0,0,0,0
101864,1,1,0,0,0,0,0,0,0,0,0,1,0,0,0,1,0,0,0
102033,1,0,0,0,1,1,0,0,0,0,0,0,0,0,0,0,0,0,0
102123,1,0,0,0,1,0,0,0,0,0,0,0,0,0,0,0,0,0,0
102125,1,0,0,0,0,0,0,0,0,0,0,1,0,0,0,1,1,0,0
102194,0,1,0,0,0,1,0,1,0,0,0,0,0,0,0,0,0,0,0
102407,0,0,0,0,0,0,0,1,0,0,0,0,0,0,0,0,0,0,0
102445,1,1,0,0,0,0,0,0,0,0,0,1,0,0,0,1,0,0,0
102481,0,0,0,0,1,0,0,0,0,0,0,0,0,0,0,0,0,0,0
102686,0,0,0,0,1,0,0,0,0,0,0,0,0,0,0,0,0,0,0
102716,1,0,0,0,0,1,0,0,0,0,0,1,0,0,0,0,1,0,0
102800,0,0,0,0,1,0,0,1,0,0,0,0,0,0,0,0,0,0,0
102880,1,1,0,0,0,0,0,0,0,0,0,1,0,0,0,1,0,0,0
102903,0,0,0,0,0,1,0,0,0,0,0,0,0,1,0,0,1,0,0
102993,0,0,0,0,1,0,0,1,0,0,0,0,0,0,0,0,0,0,0
103042,1,1,0,0,0,0,0,0,1,0,0,1,0,0,0,1,0,0,0
103075,0,0,0,0,0,1,0,0,0,0,1,0,0,0,0,0,1,0,0
103141,0,1,1,0,1,0,0,0,0,0,0,0,0,0,0,0,0,0,0
103228,1,1,0,0,0,0,0,0,0,0,0,1,0,0,0,1,0,0,0
103249,1,0,0,0,0,0,0,1,0,0,1,1,0,0,0,0,0,0,0
103253,1,0,0,0,0,0,0,1,0,0,0,1,0,0,0,1,0,0,0
103306,0,0,0,0,0,0,0,0,0,0,0,0,0,0,0,1,1,0,0
103335,0,0,1,1,1,0,0,0,0,0,0,1,0,0,0,0,0,0,0
103339,1,0,0,0,0,0,0,1,0,0,0,1,0,0,0,0,1,0,0
103341,1,0,0,0,1,0,0,0,0,0,0,0,0,0,0,1,0,0,0
103372,1,0,0,0,1,1,0,0,0,0,0,0,0,0,0,0,0,0,0
103384,1,1,0,0,0,0,0,0,0,0,0,1,0,0,0,0,0,0,1
103539,0,0,0,0,1,0,0,1,0,0,0,0,0,0,1,0,0,0,0
103655,1,0,0,0,1,0,0,0,1,0,0,0,0,0,0,0,0,0,0
103688,0,0,0,0,0,0,0,0,0,0,1,0,0,0,0,0,1,0,0
103772,1,1,0,0,0,0,0,0,1,0,0,0,0,0,0,1,0,0,0
103810,1,0,0,0,1,1,0,0,0,0,0,0,0,0,0,0,1,0,0
103883,1,0,0,0,1,1,0,0,0,0,0,0,0,0,0,0,0,0,0
103980,0,0,0,0,0,0,0,1,0,0,0,0,0,0,0,0,0,0,0
104211,0,0,0,0,1,1,0,0,0,0,0,0,0,0,0,0,0,0,0
104241,1,0,0,0,1,1,0,0,0,0,0,0,0,0,0,0,0,0,0
104243,1,0,0,0,0,0,0,0,0,0,0,1,0,0,0,1,1,0,0
104283,0,0,1,0,0,0,0,1,0,0,0,0,0,0,1,0,0,0,0
104374,0,0,0,0,0,0,0,1,1,0,0,0,0,0,1,0,0,0,0
104841,1,0,0,0,0,0,0,0,0,0,0,1,0,0,0,1,0,0,0
104879,0,0,0,0,0,0,0,1,0,0,0,0,0,1,0,0,1,0,0
104913,1,0,0,0,0,0,0,1,0,0,0,0,0,0,0,0,0,0,0
104944,0,0,0,0,0,0,0,1,0,0,0,0,0,0,0,0,0,0,0
105197,0,1,0,0,0,0,0,1,0,0,0,0,0,0,0,0,0,0,0
105213,0,0,0,0,1,0,0,1,0,0,0,0,0,0,1,0,0,0,0
105355,0,0,0,0,0,0,0,1,0,0,0,0,0,0,1,0,0,0,0
105468,0,0,1,1,1,0,0,0,1,0,0,0,0,0,0,0,0,0,0
105504,0,1,0,0,0,0,0,1,0,0,0,1,0,0,0,0,1,0,0
105653,1,0,0,0,0,0,0,0,0,0,0,0,0,1,0,0,1,0,0
105844,0,0,0,0,0,0,0,1,0,0,0,0,0,0,0,0,0,0,0
106002,1,1,0,0,0,0,0,0,0,0,0,1,0,0,0,1,0,0,0
106072,1,1,0,0,0,0,0,0,1,0,0,1,0,0,0,0,0,0,0
106100,0,0,0,0,0,0,0,1,0,0,0,0,0,0,0,0,0,0,0
106438,0,0,0,0,1,0,0,1,0,0,0,0,0,0,0,0,0,0,0
106487,1,1,0,0,0,0,0,0,0,0,0,1,0,0,0,1,0,0,0
106489,0,1,0,0,0,0,0,0,1,0,0,1,0,0,0,0,0,0,0
106491,1,1,0,0,0,0,0,0,1,0,0,0,0,0,0,0,0,0,0
106696,0,1,1,0,1,0,0,0,1,0,0,0,1,0,1,0,0,0,0
106766,0,0,0,0,0,0,0,1,0,0,0,0,0,0,0,0,0,0,0
106782,0,0,0,0,1,1,0,1,0,0,0,0,0,0,0,0,0,0,0
106916,0,0,0,0,0,1,0,1,0,0,0,0,0,0,0,0,0,0,0
106918,0,1,0,0,1,0,0,1,0,0,0,0,0,0,0,0,0,0,0
106920,0,0,0,0,0,0,0,1,0,0,0,0,0,0,1,1,0,0,0
107069,1,0,0,0,0,0,0,1,0,0,0,0,0,0,0,0,1,1,0
107141,0,0,0,0,1,0,0,1,0,0,0,0,0,0,0,0,0,0,0
107348,0,0,0,0,1,0,0,0,0,0,0,0,0,0,0,0,0,0,0
107406,1,0,0,0,0,0,0,1,0,0,0,0,0,0,0,1,0,0,0
107771,0,0,0,0,0,0,0,1,0,0,1,0,0,0,1,0,0,0,0
108188,1,0,0,0,0,0,0,1,0,0,0,1,0,0,0,0,1,0,0
108190,0,1,0,0,0,0,0,0,0,0,0,1,0,0,1,1,0,0,0
108727,0,0,0,0,0,0,0,1,0,0,0,0,0,0,0,0,0,0,0
108729,0,0,0,0,0,0,0,0,0,0,0,0,0,1,0,0,1,0,0
108928,1,0,0,0,0,0,0,1,0,0,0,0,0,0,0,0,0,1,0
108932,1,1,1,1,1,0,0,0,1,0,0,0,0,0,0,0,0,0,0
108945,1,0,0,0,0,1,0,0,0,0,0,1,0,0,0,1,0,0,0
109374,0,0,0,0,1,0,0,1,0,0,0,0,0,0,0,0,0,0,0
109487,0,0,0,0,0,0,0,0,0,0,0,1,0,0,0,1,0,0,0
109578,1,0,0,0,0,0,0,0,0,0,0,0,0,1,0,0,1,0,0
109673,1,0,0,0,0,0,0,1,0,0,0,1,0,0,0,0,0,1,0
109848,0,0,0,0,0,0,0,0,0,0,1,0,0,0,0,1,1,0,0
110102,1,1,0,0,0,0,0,0,0,0,0,1,0,0,0,1,0,0,0
110127,0,1,0,0,0,0,0,1,0,0,0,1,0,0,0,0,0,0,0
110501,1,0,0,0,0,1,0,0,0,0,0,0,0,0,0,0,1,0,0
110553,1,0,0,0,0,0,0,0,0,0,0,1,0,0,0,1,0,0,0
110586,0,0,0,0,1,0,0,1,0,0,0,0,0,0,0,0,0,0,0
110730,0,0,0,0,0,0,0,1,0,0,0,1,0,0,0,1,0,0,0
110882,0,0,0,0,0,0,0,1,0,0,0,0,0,0,0,0,0,0,0
111113,0,0,0,0,1,0,0,0,0,0,0,0,0,0,0,0,0,0,0
111360,1,0,0,0,0,0,0,0,0,0,0,0,0,0,0,1,0,0,0
111362,1,1,0,0,0,0,0,0,0,0,0,0,0,0,0,1,0,0,0
111364,1,1,0,0,0,0,0,0,0,0,0,1,0,0,0,1,0,0,0
111384,0,0,0,0,0,0,0,0,0,0,0,0,0,0,0,0,1,0,0
111443,0,0,0,0,1,0,0,0,0,0,0,0,0,0,0,0,0,0,0
111622,0,0,0,0,1,0,0,0,0,0,0,0,0,0,1,0,0,0,0
111659,1,1,0,1,0,0,0,0,0,0,0,1,0,0,0,0,0,0,0
111743,0,0,0,0,1,0,0,0,0,0,0,0,0,0,0,0,0,0,1
111759,1,0,0,0,0,0,0,0,0,0,0,1,0,0,0,1,0,0,0
111781,1,1,0,0,0,0,0,0,0,0,0,0,0,0,0,0,1,0,0
111921,0,0,0,0,0,0,0,1,0,0,0,0,0,0,1,0,0,0,0
112138,1,0,0,0,1,1,0,0,0,0,0,0,0,0,0,0,0,0,0
112171,1,0,0,0,0,1,0,0,0,0,0,0,0,0,0,0,1,0,0
112175,1,1,1,0,0,0,0,0,0,0,0,0,0,0,0,0,0,0,0
112183,0,0,0,0,1,0,0,1,0,0,0,0,0,0,0,0,0,0,0
112290,0,0,0,0,0,0,0,1,0,0,0,0,0,0,0,0,0,0,0
112370,1,1,0,0,0,0,0,0,0,0,0,0,0,0,0,1,0,0,0
112552,0,0,0,0,0,0,0,1,0,0,0,0,0,0,0,0,0,0,0
112556,0,0,0,0,0,0,0,1,0,0,0,0,0,0,0,0,1,0,0
112623,0,0,0,0,0,0,0,0,0,0,0,0,0,0,0,1,0,0,0
112852,1,1,0,0,0,0,0,0,0,0,0,0,0,0,0,1,0,0,0
112897,1,1,0,0,0,0,0,0,0,0,0,0,0,0,0,0,0,0,0
113345,1,1,0,0,0,0,0,0,0,0,0,0,0,0,0,1,0,0,0
113348,1,1,0,0,1,0,0,0,0,0,0,0,0,0,0,0,0,0,0
113378,0,0,0,0,0,0,0,1,0,0,0,0,0,0,0,1,0,0,0
113573,1,0,0,0,0,1,0,0,0,0,0,0,0,0,0,0,1,0,0
113741,0,0,0,0,0,0,0,1,0,0,0,0,0,1,0,1,1,0,0
114060,0,0,0,0,0,1,0,1,0,0,0,0,0,0,0,0,1,0,0
114180,1,0,0,0,0,0,0,0,0,0,0,0,0,1,0,1,0,0,0
114662,1,0,0,0,0,0,0,0,0,0,0,0,0,0,0,0,0,1,0
114795,1,0,0,0,0,0,0,1,1,0,0,0,0,0,0,0,0,0,0
114935,1,0,0,0,0,0,0,0,0,0,0,0,0,1,0,1,1,0,0
115122,0,0,0,0,1,0,0,0,0,0,1,0,0,0,0,0,0,0,0
115149,1,0,0,0,0,0,0,0,0,0,0,0,0,0,0,0,1,0,0
115170,0,0,0,0,0,0,0,1,0,0,0,0,0,0,0,0,0,0,0
115210,1,0,0,0,0,0,0,1,0,0,0,0,0,0,0,0,0,1,0
115231,0,0,0,0,1,0,0,0,0,0,0,0,0,0,0,0,0,0,0
115569,0,0,0,0,0,1,0,1,0,0,0,0,0,0,0,0,1,0,0
115617,1,0,1,0,1,0,0,0,0,0,0,0,0,0,0,0,0,0,0
115713,0,0,0,0,0,0,0,1,0,0,0,0,0,0,0,1,1,0,0
116161,0,0,0,0,0,0,0,1,0,0,0,0,0,0,0,0,0,0,0
116797,0,0,0,0,0,0,0,1,0,0,0,0,0,0,0,0,1,1,0
116799,0,0,0,0,1,1,0,1,0,0,0,0,0,1,1,0,0,0,0
116823,0,1,0,0,0,0,0,0,0,0,0,0,0,0,0,1,1,0,0
116897,0,0,0,0,1,0,0,1,0,0,0,0,0,0,0,0,1,0,0
116977,0,0,0,0,1,0,0,0,0,0,0,0,0,0,0,0,0,0,0
117176,0,0,0,0,0,0,0,1,0,0,0,0,0,0,1,0,0,0,0
117529,1,1,0,0,0,0,0,1,0,0,0,0,0,0,0,1,1,0,0
117533,0,0,0,0,0,0,1,0,0,0,0,0,0,0,0,0,0,0,0
117590,0,0,0,0,1,1,0,0,0,0,0,0,0,0,0,0,0,0,0
117881,0,0,0,0,0,0,0,1,0,0,0,0,0,0,0,0,0,0,0
117887,0,0,0,1,1,0,0,0,0,0,0,0,0,0,0,0,0,0,0
117895,1,0,0,0,0,0,0,0,0,0,0,0,0,0,0,0,1,0,0
118696,0,1,0,0,0,0,0,0,1,0,0,0,0,0,0,0,0,0,0
118700,0,0,0,0,0,0,0,1,0,0,0,0,0,0,0,0,0,0,0
118900,0,0,0,0,0,0,0,1,0,0,0,0,0,0,0,0,0,0,0
118997,0,0,0,1,1,0,0,0,1,0,0,0,1,0,0,0,0,0,0
119141,1,0,0,0,1,0,0,0,0,0,0,0,0,0,0,0,0,0,0
119145,1,1,0,0,1,1,0,0,0,0,0,0,0,0,0,0,0,0,0
119155,0,1,0,1,1,0,0,0,1,0,0,0,0,0,0,0,0,0,0
120466,1,0,0,0,0,0,0,0,0,0,0,0,0,0,0,0,1,0,0
120635,1,0,0,0,0,1,0,0,0,0,0,0,0,0,0,0,1,0,0
120799,1,1,0,0,0,0,0,0,0,0,0,0,0,0,0,1,1,0,0
121231,0,0,0,0,0,0,0,0,0,0,1,0,0,0,0,0,0,0,0
122882,1,1,0,0,0,0,0,0,0,0,0,0,0,0,0,1,1,0,0
122886,1,1,0,0,0,0,0,0,1,0,0,1,0,0,0,1,0,0,0
122890,1,1,0,0,0,0,0,0,1,0,0,0,0,0,0,0,0,0,0
122892,1,1,0,0,0,0,0,0,0,0,0,0,0,0,0,1,0,0,0
122896,0,0,0,0,0,0,0,0,0,0,0,0,0,0,0,0,0,0,0
122898,1,1,0,0,0,0,0,0,0,0,0,0,0,0,0,1,0,0,0
122900,1,1,0,0,0,0,0,0,0,0,0,0,0,0,0,1,0,0,0
122902,1,1,0,0,0,0,0,0,1,0,0,0,0,0,0,1,0,0,0
122904,1,1,0,0,1,0,0,0,0,0,0,0,0,0,0,1,0,0,0
122906,1,1,0,0,0,0,0,0,0,0,0,0,0,0,0,1,0,0,0
122910,1,1,0,0,0,0,0,0,0,0,0,0,0,0,0,1,0,0,0
122912,1,1,0,0,0,0,0,0,0,0,0,0,0,0,0,1,0,0,0
122914,1,1,0,0,0,0,0,0,0,0,0,0,0,0,0,1,0,0,0
122916,1,1,0,0,0,0,0,0,0,0,0,0,0,0,0,1,0,0,0
122918,1,1,0,0,0,0,0,0,0,0,0,0,0,0,0,1,0,0,0
122920,1,0,0,0,0,0,0,0,0,0,0,0,0,0,0,1,1,0,0
122922,1,1,0,0,0,0,0,0,0,0,0,0,0,0,0,1,0,0,0
122924,1,1,0,0,0,0,0,0,1,0,0,0,0,0,0,1,0,0,0
122926,1,1,0,0,0,0,0,0,1,0,0,0,0,0,0,0,0,0,0
125916,0,0,0,0,0,0,0,1,0,0,0,0,0,0,1,0,0,0,0
127108,0,0,0,0,0,0,0,1,0,0,0,0,0,0,1,0,0,0,0
127152,0,0,0,0,0,0,1,0,0,0,0,0,0,0,0,0,0,0,0
127202,0,0,0,0,0,0,0,1,0,0,0,0,0,0,0,0,0,0,0
128360,0,0,0,0,0,0,0,0,0,0,0,0,0,0,0,0,0,0,1
128838,0,0,0,0,0,0,0,0,0,0,1,0,0,0,0,0,0,0,0
129354,0,0,0,0,1,1,0,1,0,0,0,0,0,0,1,0,0,0,0
130490,1,0,0,0,0,0,0,0,0,0,0,0,0,0,0,1,1,0,0
130576,0,0,0,0,0,0,0,1,0,0,0,0,0,0,0,1,0,0,0
130634,1,0,0,0,0,1,0,0,0,0,0,0,0,0,0,0,1,0,0
132046,1,1,0,1,0,0,0,0,0,0,0,0,0,1,0,1,0,0,0
132796,1,0,0,0,0,0,0,1,0,0,0,0,0,0,0,0,1,0,0
133419,0,0,0,0,1,0,0,0,0,0,0,0,0,0,0,0,0,0,0
133645,0,0,0,0,0,0,0,1,0,0,0,0,0,0,1,0,0,0,0
133771,0,0,0,0,1,0,0,0,0,0,0,0,0,0,1,1,0,0,0
134130,0,1,0,0,0,0,0,1,0,0,0,0,0,0,0,1,0,0,0
134170,1,0,0,0,1,0,0,0,1,0,0,0,0,0,0,1,0,0,0
134368,1,0,0,0,1,1,0,0,0,0,0,0,0,0,0,0,0,0,0
134393,0,0,0,0,1,0,0,0,0,0,0,0,0,0,1,0,0,0,0
134853,0,1,1,1,1,0,0,1,1,0,0,0,0,0,0,0,0,0,0
135133,0,1,0,0,0,0,0,0,0,0,0,0,0,0,0,1,0,0,0
135137,1,0,0,0,1,0,0,0,0,0,0,0,0,0,0,1,0,0,0
135143,0,0,0,0,0,0,0,0,1,0,0,0,0,0,0,0,0,0,0
135436,0,0,1,0,1,0,0,0,0,0,0,0,0,0,0,0,0,0,0
135536,1,0,0,0,0,1,0,0,0,0,0,0,0,0,0,1,0,0,0
135567,1,1,0,0,0,0,0,0,0,0,0,0,0,0,0,1,0,0,0
135569,1,1,0,0,0,0,0,0,0,0,0,0,0,0,0,1,0,0,0
135861,0,0,0,0,1,0,0,0,0,0,0,0,0,0,0,0,0,0,0
135887,0,1,1,1,1,0,0,0,0,0,0,0,0,0,0,0,0,0,0
136018,0,0,0,0,0,1,0,1,0,0,0,0,0,0,0,0,0,0,0
136020,1,1,0,0,0,1,0,0,0,0,0,0,0,0,0,0,0,0,0
136562,0,0,0,0,0,0,0,1,0,0,0,0,0,0,0,0,0,0,0
136864,1,1,0,0,0,0,0,0,1,0,0,0,0,0,0,1,0,0,0
137857,0,1,0,0,0,0,0,1,1,0,0,0,0,0,0,0,0,0,0
138036,1,1,0,0,1,0,0,0,0,0,0,0,0,0,0,0,0,0,0
139385,0,1,0,0,0,0,0,1,0,0,0,0,0,0,0,0,0,0,0
139642,1,0,0,0,0,0,0,1,0,0,0,0,0,0,0,0,0,0,0
139644,0,0,0,0,0,1,0,1,0,0,0,0,0,1,0,0,0,0,0
140110,0,0,0,0,1,0,0,0,0,0,0,0,0,0,0,0,0,0,0
140174,0,0,0,0,0,0,0,1,0,0,0,0,0,0,0,0,0,0,0
140247,0,0,0,0,0,0,0,1,0,0,1,0,0,0,0,0,0,0,0
140267,0,0,0,0,0,0,0,0,0,0,1,0,0,0,0,0,0,0,0
140715,0,0,0,0,0,0,0,1,0,0,0,0,0,0,0,0,0,0,0
140956,1,0,0,0,0,0,0,0,0,0,0,0,0,0,0,1,1,0,0
141866,0,0,0,0,0,0,0,0,0,0,0,0,0,0,0,0,0,0,0
142448,0,1,0,0,0,0,0,1,0,0,0,0,0,0,0,0,1,0,0
142488,0,0,0,0,0,0,0,0,0,0,0,0,0,0,0,0,1,0,0
143347,1,0,0,0,0,0,0,0,1,0,0,0,0,0,0,1,0,0,0
143355,1,1,0,0,0,0,0,0,1,0,0,0,0,0,0,0,0,0,0
143385,0,0,0,0,0,0,0,1,0,0,0,0,0,0,0,0,1,0,0
143859,0,0,0,0,1,0,0,0,0,0,0,0,0,0,0,0,0,0,0
146656,0,0,0,0,0,0,0,1,0,0,0,0,0,0,0,0,0,0,0
148626,0,0,0,0,0,0,0,1,0,0,0,0,0,0,0,0,0,0,0
149334,0,0,0,0,0,0,0,1,0,0,0,0,0,0,0,0,1,0,0
149406,1,1,1,0,0,0,0,0,0,0,0,0,0,0,0,0,0,0,0
152077,0,0,0,0,0,0,0,0,0,0,0,0,0,0,0,0,1,0,0
152081,1,1,1,1,1,0,0,0,0,0,0,0,0,0,0,0,0,0,0
152970,0,1,0,0,1,0,0,0,0,0,0,0,0,0,0,0,0,0,0
157296,0,1,1,0,1,0,0,0,0,0,0,0,0,0,0,0,0,0,0
157699,0,0,0,0,0,0,0,1,0,0,0,0,0,0,0,0,1,0,0
158238,0,0,0,0,0,1,0,0,0,0,0,0,0,1,0,0,1,0,0
158783,0,0,0,0,0,0,0,1,0,0,0,0,0,0,1,0,1,0,0
158872,0,0,1,0,1,0,0,0,0,0,0,0,0,0,0,0,0,0,0
158966,0,0,0,0,0,0,0,1,0,0,0,0,0,0,0,0,0,0,0
159093,1,0,0,0,1,0,0,0,0,0,0,0,0,0,0,0,1,0,0
159415,0,0,0,0,1,0,0,1,0,0,0,0,0,0,1,0,0,0,0
159817,0,0,0,0,0,0,1,0,0,0,0,0,0,0,0,0,0,0,0
159858,0,0,0,0,0,0,0,0,0,0,1,0,0,0,0,0,0,0,0
160080,1,0,0,0,1,0,0,0,0,0,1,0,0,0,0,1,0,0,0
160271,1,0,0,0,1,0,0,0,0,0,0,0,0,0,0,0,0,0,0
160438,1,0,0,0,0,0,0,0,0,0,0,0,0,0,0,0,0,0,0
160980,0,0,0,0,0,0,0,1,0,0,0,0,0,0,0,0,0,0,0
161131,0,0,0,0,1,0,0,0,0,0,0,0,0,0,0,0,0,0,0
161582,0,0,0,0,0,1,0,1,0,0,0,0,0,0,0,0,0,0,0
161634,0,0,0,0,0,0,0,0,0,0,0,0,0,0,0,0,1,0,0
162082,1,0,0,0,0,0,0,0,0,0,0,0,0,0,0,0,1,0,0
162350,1,0,0,0,0,0,0,0,0,0,0,0,0,0,0,0,0,0,1
162414,0,0,0,0,0,0,0,1,0,0,0,0,0,0,0,0,0,0,0
162578,0,1,1,1,0,0,0,0,1,0,0,0,0,0,0,0,0,0,0
162598,0,0,0,0,0,0,0,1,0,0,0,0,0,0,0,0,0,0,0
162600,0,0,0,0,0,0,0,0,1,0,0,0,0,0,0,0,0,0,0
162602,0,0,0,0,0,0,0,0,0,0,0,0,0,0,0,0,1,0,0
162606,0,0,0,0,0,1,0,1,0,0,0,0,0,0,0,0,1,0,0
163134,0,0,1,0,0,0,0,1,1,0,0,0,0,0,1,0,0,0,0
163645,0,0,0,0,0,0,0,1,0,0,0,0,0,0,0,0,0,1,0
164179,0,0,0,0,0,0,0,0,0,0,0,0,0,0,0,1,0,0,0
164909,0,0,0,0,1,0,0,1,0,0,0,0,0,0,1,0,0,0,0
165549,0,0,0,0,0,0,0,1,0,0,0,0,0,0,0,0,0,0,0
165551,0,0,0,0,0,0,0,1,0,0,0,0,0,0,0,0,0,0,0
166024,0,0,0,0,0,0,0,0,0,0,0,0,0,0,0,0,0,0,0
166461,0,1,1,1,1,0,0,0,1,0,0,0,0,0,0,0,0,0,0
166528,1,1,0,0,0,0,0,0,1,0,0,0,0,0,0,1,0,0,0
166534,0,0,0,0,0,0,0,1,0,0,1,0,0,0,0,0,1,0,0
166635,0,1,0,0,0,0,0,1,0,0,0,0,0,0,1,1,0,0,0
166643,0,0,0,0,0,0,0,1,0,0,0,0,0,0,0,0,0,0,0
166946,0,0,0,0,0,0,0,1,0,0,0,0,0,0,0,0,0,0,0
167746,1,0,1,0,1,0,0,0,0,0,0,0,0,0,0,0,0,0,0
168248,1,0,0,0,0,1,0,0,0,0,0,0,0,0,0,0,1,0,0
168250,0,0,0,0,0,0,0,0,0,0,1,0,0,0,0,0,0,0,0
168252,1,0,0,0,0,0,0,0,0,0,0,0,0,0,0,1,0,0,0
168254,1,1,0,0,0,0,0,0,1,0,0,0,0,0,0,0,0,0,0
168326,0,0,0,0,1,0,0,0,0,0,0,0,0,0,1,0,0,0,0
168366,0,0,0,0,0,0,0,0,1,0,0,0,0,0,1,0,0,0,0
168612,1,0,0,0,0,0,0,1,0,0,0,0,0,0,0,1,0,0,0
169864,0,0,0,0,0,0,0,0,0,0,1,0,0,0,0,1,1,0,0
169984,1,0,0,0,0,0,0,0,0,0,1,0,0,0,0,1,1,0,0
170705,1,0,0,0,0,0,0,1,0,0,0,0,0,0,0,0,0,1,0
171763,1,0,0,0,0,1,0,0,0,0,0,0,0,0,0,0,1,0,0
173145,1,1,0,0,0,0,0,1,0,0,0,0,0,0,0,1,0,0,0
173291,1,1,0,0,0,0,0,0,0,0,0,0,0,0,0,1,0,0,0
173941,0,0,0,0,0,0,0,0,0,0,0,0,0,0,0,0,1,0,0
174055,1,0,0,0,0,0,0,1,0,0,0,0,0,0,0,0,1,1,0
174909,0,0,0,0,1,0,0,0,0,0,0,0,0,0,0,0,0,0,0
175303,0,0,0,0,0,0,0,0,0,0,1,0,0,0,0,0,0,0,0
175569,1,0,0,0,0,1,0,0,0,0,0,0,0,1,0,0,1,0,0
175661,1,0,0,0,1,0,0,0,0,0,0,0,0,0,0,0,0,0,0
176101,1,1,0,0,1,0,0,0,0,0,0,0,0,0,0,0,0,0,0
176371,0,0,0,0,0,0,0,0,0,0,0,0,0,0,0,1,0,0,0
176419,0,0,0,0,0,0,0,1,0,0,1,0,0,1,0,0,1,0,0
177593,0,0,0,0,0,1,0,1,0,0,0,0,0,0,0,0,0,0,0
177615,0,0,0,0,1,0,0,0,0,0,0,0,0,0,0,0,0,0,0
177763,0,0,0,0,0,1,0,1,0,0,0,0,0,1,0,0,0,0,0
177765,0,1,1,1,0,0,0,0,0,0,0,0,0,0,0,0,0,0,0
178061,0,0,0,0,0,0,0,1,0,0,0,0,0,0,0,0,0,0,0
179401,1,1,0,1,0,0,0,0,0,0,0,0,0,0,0,0,0,0,0
179817,0,0,0,0,0,0,0,1,0,0,0,0,0,0,0,0,0,1,0
179819,1,1,0,0,0,0,0,0,1,0,0,0,0,0,0,1,0,0,0
180031,0,1,0,0,0,0,0,1,1,0,0,0,0,0,0,0,0,0,0
180297,0,0,0,0,1,0,0,1,0,0,0,0,0,0,0,0,0,0,0
180497,0,0,0,0,0,0,0,1,0,0,0,0,0,0,0,0,1,0,0
182715,0,1,0,0,0,0,0,0,0,0,0,0,0,1,0,1,1,0,0
182823,1,0,0,0,0,1,0,0,1,0,0,0,0,0,0,0,0,0,0
183611,1,0,0,0,1,1,0,0,0,0,1,0,0,0,0,0,0,0,0
183837,0,0,0,0,0,0,0,1,0,0,0,0,0,0,0,0,0,0,0
183869,0,0,0,0,0,0,0,0,0,0,0,0,0,0,0,0,0,0,0
183897,0,0,1,0,1,0,0,0,0,0,0,0,0,0,0,0,0,0,0
185029,0,0,0,0,0,0,0,1,0,0,1,0,0,0,0,0,1,0,0
187031,1,1,0,0,0,0,0,1,0,0,0,0,0,0,0,1,1,0,0
187541,1,1,1,1,0,0,0,0,0,0,0,0,0,0,0,0,0,0,0
187593,1,0,0,0,1,0,0,0,0,0,0,0,0,0,0,1,0,0,0
187595,1,1,0,1,0,0,0,0,0,0,0,0,0,0,0,1,0,0,0
188301,1,1,0,0,1,0,0,0,1,0,0,0,0,0,0,1,0,0,0
189203,1,0,0,0,1,0,0,0,0,0,1,0,0,0,0,1,1,0,0
189333,1,1,0,0,0,0,0,0,0,0,0,0,0,0,0,0,1,0,0
189713,0,0,0,0,1,1,0,1,0,0,0,0,0,0,0,0,0,0,0
192385,0,0,0,0,0,0,0,1,0,0,0,0,0,0,1,0,0,0,0
192389,1,0,0,0,0,0,0,0,0,0,1,0,0,0,0,1,1,0,0
192803,0,0,0,0,0,0,0,1,0,0,0,0,0,0,0,0,0,0,0
193944,0,0,0,0,1,0,0,1,0,0,0,0,0,0,0,0,0,0,1
194448,0,0,0,0,1,0,0,1,0,0,0,0,0,0,0,0,0,0,0
195159,1,1,1,0,0,0,0,0,0,0,0,0,0,0,0,1,0,0,0
