user_id,display_name
3,Soren Mensah
12,Nina Papadopoulos
72,Zane Fernandez
120,Omar Osei
166,Junia Bianchi
171,Logan Iyer
175,Hayden Novak
181,Hugo Delgado
187,Noel Delgado
226,Xander Mbeki
243,Nadia Wojcik
321,Nadia Kowalski
357,Clara Castillo
426,Morgan Giannis
431,Rowan Fernandez
450,Denny Duarte
477,Pia Hoang
494,Sami Novak
519,Koa Kobayashi
541,Amara Barros
548,Oscar Ximenes
572,Roux Falk
606,Sami Kobayashi
626,Viggo Jaramillo
648,Alex Dahl
653,Yara Patel
695,Eden Osei
757,Zola Santos
801,Wren Nguyen
803,Kai Jaramillo
805,Bailey Osei
828,Drew Ostrowski
846,Petra Kobayashi
847,Quill Wilder
848,Selena Esposito
858,Remy Alvarez
859,Ximena Baptiste
860,Morgan Wilder
871,Felix Jovanovic
901,Esme Bianchi
919,Parker Kaur
927,Drew Kaur
939,Maren Leung
983,Kendall Costa
997,Elliot Jovanovic
1038,Ivan Berg
1146,Ivan Umeh
1203,Orla Ueda
1228,Kiran Leung
1243,Reese Zamora
1281,Maren Wojcik
1305,Elliot Falk
1367,Remy Ximenes
1401,Uma Andersson
1405,Lena Berg
1409,Kiran Ostrowski
1463,Celeste Correa
1474,Casey Suzuki
1477,Morgan Osei
1480,Alex Jansen
1484,Wren Wilder
1503,Zane Kim
1612,Lior Castillo
1652,Qadir Hoang
1745,Rowan Aoki
1748,Elio Farhat
1822,Viggo Larsen
1831,Greta Farah
1833,Alex Farhat
1854,Esme Patel
1866,Nina Dubois
1894,Frankie Zeleny
1899,Selena Kim
1920,Lior Cohen
1977,Niko Esposito
1991,Shawn Yamamoto
2003,Coral Sato
2004,Casey Leung
2012,Hana Tran
2032,Denny Singh
2054,Selena Tanaka
2058,Tara Tanaka
2165,Bailey Tran
2177,Ilan Toivonen
2287,Indigo Yildiz
2341,Luna Iyer
2345,Parker Leung
2389,Jordan Kim
2403,Kai Cohen
2424,Junia Santos
2429,Wren Castillo
2444,Eden Moreau
2451,Quill Leung
2464,Avery Zeleny
2469,Willa Weber
2473,Roux Correa
2509,Ines Farah
2536,Amara Haddad
2564,Harper Esposito
2598,Fiora Bianchi
2601,Xander Papadopoulos
2616,Adrian Tran
2649,Viggo Valdez
2653,Sage Ramirez
2658,Gray Andersson
2669,Morgan Ilic
2679,Junia Falk
2685,Priya Carvalho
2719,Lior Duarte
2738,Coral Xiong
2766,Quill Cohen
2775,Elliot Martinez
2778,Ravi Martinez
2811,Morgan Duarte
2834,Denny Adebayo
2878,Aria Dubois
2883,Viggo Kallas
2887,Niko Nowak
2932,Ximena Osei
2938,Ravi Osei
2951,Quill Okafor
2962,Coral Ramirez
2974,Oscar Rivera
2982,Bodhi Adebayo
3009,Kendall Nowak
3013,Soren Johansson
3028,Vera Bianchi
3029,Quill Hoang
3040,Gray Nakamura
3046,Elio Pham
3055,Fiora Suzuki
3062,Umar Sato
3083,Dante Singh
3116,Kiran Rossi
3123,Lior Gorski
3128,Quinn Rossi
3148,Rosa Nowak
3150,Jasper Ostrowski
3154,Denny Martinez
3164,Selena Qureshi
3180,Theo Moreau
3186,Vera Correa
3225,Reese Andersson
3243,Casey Herrera
3248,Darius Gorski
3263,Cameron Ibarra
3266,Ravi Patel
3272,Umar Umeh
3274,Koa Jansen
3279,Finley Ekwueme
3394,Frankie Herrera
3403,Niko Cohen
3445,Kiran Baptiste
3446,Mateo Yilmaz
3484,Beau Zhang
3503,Niko Sato
3517,Coral Petrov
3545,Ivan Leung
3623,Kian Yildiz
3624,Sage Rivera
3629,Greta Adebayo
3736,Ivan Wilder
3742,Riley Yamamoto
3743,Anwen Abara
3754,Pia Nakamura
3757,Dante Johansson
3760,Bram Pham
3777,Reese Moreau
3778,Taylor Herrera
3804,Jordan Lindqvist
3807,Talia Baptiste
3831,Emerson Toivonen
3832,Maren Duarte
3847,Vera Dahl
3870,Jasper Hernandez
3937,Junia Castillo
3948,Quincy Ekwueme
4016,Fiora Duarte
4019,Uma Leung
4023,Felipe Quiroga
4060,Talia Guo
4145,Viggo Ostrowski
4149,Kai Zhang
4156,Charlie Suzuki
4162,Marcus Zhang
4246,Luna Petrov
4255,Cameron Abara
4277,Clara Johansson
4280,Indigo Pham
4282,Luna Farah
4294,Gray Castillo
4310,Zane Zamora
4377,Skyler Wilder
4383,Theo Ostrowski
4388,Koa Pham
4401,Emerson Zeleny
4405,Drew Jansen
4410,Maren Dubois
4420,Beau Carvalho
4421,Adrian Costa
4429,Celeste Novak
4467,Koa Zamora
4496,Darius Rossi
4515,Skyler Xiong
4532,Giana Yamamoto
4559,Rowan Moreau
4590,Devon Esposito
4635,Gray Toivonen
4636,Kiran Ekwueme
4670,Talia Dubois
4671,Bailey Lindqvist
4675,Drew Chen
4676,Mateo Toivonen
4709,Jesse Jansen
4711,Kian Jaramillo
4741,Nina Toivonen
4772,Adrian Adebayo
4774,Quill Valdez
4775,Ravi Moreau
4825,Jasper Baptiste
4828,Maren Cohen
4832,Orla Ramirez
4848,Jesse Kim
4886,Petra Herrera
4891,Ximena Ibarra
4924,Ximena Barros
4950,Yara Duarte
4952,Qadir Haddad
4956,Emerson Carvalho
4973,Darius Esposito
5016,Sage Silva
5017,Gideon Carvalho
5052,Harper Ortiz
5056,Hugo Quiroga
5060,Alex Kowalski
5064,Maren Ekstrom
5068,Tara Ortiz
5072,Micah Ortiz
5114,Kiran Kaur
5119,Rowan Petrov
5126,Darius Ekstrom
5139,Devon Castillo
5144,Eden Petrov
5153,Greta Baptiste
5183,Darius Mensah
5195,Talia Cohen
5201,Maren Ueda
5215,Celeste Tanaka
5242,Amara Ibarra
5264,Estelle Kallas
5281,Darius Iyer
5288,Amara Singh
5299,Vera Farah
5322,Quincy Gorski
5346,Blake Rivera
5349,Ines Tanaka
5373,Kendall Silva
5376,Frankie Guo
5377,Yara Lindqvist
5392,Clara Jaramillo
5393,Fiora Gorski
5402,Beau Zeleny
5413,Tara Papadopoulos
5441,Shawn Yilmaz
5462,Selena Ortiz
5465,Luna Gorski
5470,Ravi Mbeki
5495,Hayden Correa
5572,Riley Herrera
5577,Tara Giannis
5615,Hugo Rivera
5692,Vera Gorski
5694,Luna Ekwueme
5707,Adrian Jansen
5710,Jesse Gorski
5714,Fiora Lindqvist
5727,Dante Osei
5742,Ilan Zhang
5780,Emerson Gorski
5783,Estelle Kaur
5807,Bodhi Rivera
5838,Elio Alvarez
5844,Lior Ueda
5860,Shawn Ekstrom
5863,Elliot Xiong
5865,Nina Iyer
5872,Giana Nakamura
5964,Yara Xiong
5980,Qadir Zhang
5990,Niko Nakamura
6000,Soren Abara
6025,Talia Barros
6033,Bram Alvarez
6038,Gray Guo
6039,Theo Vukovic
6040,Jasper Aoki
6063,Ravi Zhang
6077,Remy Jansen
6115,Junia Ortiz
6118,Logan Ekstrom
6130,Beau Bianchi
6162,Theo Kowalski
6175,Skyler Vukovic
6184,Petra Correa
6188,Priya Kobayashi
6237,Adrian Qureshi
6239,Yusuf Zamora
6244,Tara Farhat
6276,Jordan Hoang
6285,Qadir Berg
6309,Anwen Dahl
6353,Jordan Patel
6393,Lena Farhat
6423,Jasper Nakamura
6434,Morgan Castillo
6462,Kendall Nakamura
6467,Beau Hoang
6497,Amara Lund
6532,Dante Duarte
6536,Soren Ximenes
6550,Gideon Andersson
6553,Kendall Yilmaz
6558,Jordan Weber
6578,Talia Carvalho
6586,Jolene Fernandez
6618,Petra Nguyen
6665,Kian Toivonen
6747,Zane Nowak
6752,Willa Dahl
6773,Gray Suzuki
6776,Drew Dubois
6785,Jasper Ekstrom
6797,Soren Nowak
6807,Lior Osei
6810,Felix Lindqvist
6836,Riley Dubois
6916,Riley Kobayashi
6917,Petra Ilic
6936,Junia Novak
6959,Qadir Delgado
6962,Rosa Toivonen
6963,Umar Lund
6964,Bailey Quiroga
6983,Quill Larsen
6991,Hugo Fernandez
7036,Shawn Okafor
7096,Nadia Alvarez
7232,Bodhi Tanaka
7248,Orla Fernandez
7270,Hayden Nowak
7288,Quincy Ibarra
7343,Orla Kobayashi
7388,Hana Nguyen
7395,Petra Iyer
7403,Riley Suzuki
7455,Bram Bianchi
7470,Zane Andersson
7474,Selena Lindqvist
7490,Jolene Kowalski
7497,Clara Carvalho
7531,Omar Jaramillo
7561,Anwen Patel
7566,Elio Jansen
7571,Petra Falk
7581,Marcus Ortiz
7584,Jasper Valdez
7621,Bodhi Kaur
7639,Xander Delgado
7653,Sage Jovanovic
7657,Oscar Mensah
7751,Talia Yamamoto
7757,Quincy Tanaka
7783,Quill Nguyen
7784,Sami Ueda
7790,Harper Jaramillo
7798,Beau Larsen
7801,Omar Ilic
7865,Niko Umeh
7889,Estelle Reyes
7895,Hayden Qureshi
7903,Blake Lindqvist
7942,Kendall Kaur
7949,Ivan Moreau
7955,Ravi Wilder
7969,Oscar Costa
7985,Riley Leung
8017,Dakota Carvalho
8020,Lena Jansen
8024,Dakota Yildiz
8028,Ximena Pham
8035,Willa Pham
8047,Celeste Falk
8069,Skyler Correa
8149,Kendall Kowalski
8180,Niko Lund
8215,Sami Ekwueme
8218,Orla Duarte
8240,Dante Iyer
8263,Gray Xiong
8277,Jordan Yamamoto
8287,Logan Leung
8355,Sage Dubois
8369,Taylor Pham
8396,Nadia Kim
8428,Amara Ekstrom
8434,Orla Correa
8441,Ximena Duarte
8472,Jasper Umeh
8476,Hayden Carvalho
8477,Jesse Lund
8511,Beau Alvarez
8528,Micah Toivonen
8532,Indigo Zhang
8575,Darius Weber
8619,Bram Ximenes
8623,Adrian Zhang
8625,Adrian Valdez
8636,Shawn Dahl
8656,Harper Tran
8694,Nadia Ilic
8705,Maren Zamora
8732,Remy Guo
8773,Parker Zhang
8802,Bailey Castillo
8804,Vera Kaur
8817,Ravi Suzuki
8818,Bram Gorski
8877,Lena Sato
8879,Viggo Novak
8917,Harper Guo
8932,Tara Ekstrom
8957,Hayden Nguyen
8964,Dante Ekwueme
8979,Talia Delgado
8991,Felipe Petrov
9022,Riley Adebayo
9057,Drew Hernandez
9108,Dakota Wojcik
9142,Quill Ilic
9148,Kai Kim
9162,Junia Ramirez
9173,Nadia Gorski
9205,Dante Martinez
9222,Adrian Kim
9228,Morgan Rossi
9276,Casey Santos
9293,Harper Wilder
9318,Uma Kaur
9325,Marcus Haddad
9361,Yara Cohen
9382,Halle Yamamoto
9391,Yusuf Ekwueme
9398,Yara Castillo
9434,Jesse Weber
9448,Theo Fernandez
9463,Giana Ortiz
9466,Niko Delgado
9499,Quincy Farah
9501,Kiran Pham
9522,Reese Hoang
9539,Hana Yamamoto
9560,Priya Ortiz
9567,Eden Santos
9580,Kendall Osei
9584,Jasper Johansson
9608,Noel Kobayashi
9620,Shawn Osei
9638,Avery Novak
9687,Talia Farhat
9699,Frankie Tanaka
9703,Charlie Lund
9714,Cameron Gorski
9718,Riley Reyes
9742,Luna Esposito
9776,Gideon Zamora
9801,Priya Haddad
9808,Maren Kaur
9809,Cameron Silva
9812,Micah Aoki
9818,Omar Herrera
9826,Dakota Zeleny
9835,Drew Lindqvist
9849,Jamie Berg
9852,Blake Correa
9928,Adrian Leung
9940,Aria Alvarez
9947,Theo Bianchi
9977,Clara Novak
9986,Jamie Chen
10077,Viggo Yildiz
10095,Frankie Sato
10106,Reese Yilmaz
10115,Darius Ramirez
10158,Shawn Hernandez
10237,Uma Weber
10286,Jolene Weber
10292,Adrian Gorski
10299,Priya Yamamoto
10304,Yusuf Aoki
10310,Yusuf Ueda
10325,Kai Carvalho
10350,Rosa Aoki
10361,Bodhi Sato
10363,Shawn Abara
10389,Priya Andersson
10391,Quill Ortiz
10397,Kai Johansson
10493,Morgan Jansen
10496,Dakota Osei
10529,Felipe Bianchi
10562,Frankie Yilmaz
10570,Esme Delgado
10585,Wren Adebayo
10595,Maren Wilder
10596,Gray Chen
10621,Marcus Gorski
10623,Alex Yildiz
10633,Avery Toivonen
10651,Dante Petrov
10684,Estelle Nowak
10746,Morgan Xiong
10760,Noel Quiroga
10761,Adrian Nowak
10764,Theo Santos
10797,Drew Valdez
10805,Morgan Suzuki
10808,Gideon Bianchi
10813,Bodhi Guo
10814,Harper Sato
10824,Morgan Silva
10848,Micah Guo
10864,Jolene Correa
10878,Denny Nguyen
10893,Casey Zamora
10919,Clara Papadopoulos
10942,Rosa Ostrowski
10960,Elliot Iyer
10962,Omar Umeh
10968,Alex Bianchi
10987,Logan Weber
10995,Kai Petrov
11001,Elliot Hoang
11005,Parker Santos
11021,Bodhi Valdez
11052,Sage Wilder
11056,Devon Jovanovic
11090,Skyler Ueda
11104,Nina Patel
11110,Ilan Weber
11115,Kian Okafor
11144,Hana Mbeki
11162,Skyler Abara
11228,Pia Pham
11231,Quill Chen
11250,Morgan Jaramillo
11258,Pia Wojcik
11275,Zola Kowalski
11305,Eden Ueda
11312,Gray Sato
11315,Roux Costa
11323,Devon Silva
11342,Jordan Toivonen
11348,Zola Tran
11396,Logan Pham
11417,Dakota Kallas
11418,Hayden Papadopoulos
11453,Priya Giannis
11466,Felix Baptiste
11491,Elio Vukovic
11507,Elio Okafor
11527,Qadir Herrera
11539,Remy Santos
11579,Wren Farhat
11587,Denny Zhang
11602,Quill Kowalski
11610,Gideon Haddad
11631,Yara Osei
11658,Morgan Dahl
11690,Zola Giannis
11691,Oscar Gorski
11701,Bodhi Osei
11712,Rosa Ilic
11719,Gideon Leung
11747,Ilan Yilmaz
11750,Omar Costa
11756,Junia Kaur
11778,Willa Lindqvist
11788,Avery Andersson
11810,Skyler Suzuki
11832,Alex Ramirez
11852,Avery Wojcik
11856,Quinn Nakamura
11932,Petra Jansen
11951,Giana Nguyen
11952,Ines Qureshi
11988,Bram Chen
12001,Willa Rivera
12002,Micah Falk
12033,Umar Leung
12086,Devon Tran
12116,Cameron Farhat
12133,Tara Farah
12144,Pia Barros
12167,Petra Ostrowski
12211,Frankie Valdez
12220,Felipe Zhang
12223,Darius Xiong
12243,Bailey Kobayashi
12244,Noel Xiong
12260,Coral Nakamura
12264,Uma Costa
12266,Ximena Dahl
12294,Beau Lindqvist
12319,Omar Leung
12320,Estelle Esposito
12327,Umar Mensah
12349,Elio Duarte
12376,Finley Barros
12400,Indigo Valdez
12470,Denny Haddad
12473,Ximena Martinez
12481,Dakota Hernandez
12497,Uma Yamamoto
12517,Riley Gorski
12552,Elio Costa
12571,Mateo Chen
12591,Darius Ibarra
12593,Indigo Ibarra
12625,Yara Tanaka
12656,Logan Duarte
12701,Giana Larsen
12753,Shawn Ekwueme
12769,Viggo Cohen
12798,Omar Yildiz
12806,Hugo Haddad
12857,Wren Jovanovic
12899,Ilan Aoki
12905,Orla Iyer
12950,Bodhi Petrov
12960,Bodhi Singh
12975,Fiora Fernandez
12979,Omar Falk
12994,Beau Vukovic
12996,Peyton Haddad
13011,Ilan Ximenes
13020,Blake Vukovic
13048,Felipe Papadopoulos
13079,Micah Martinez
13083,Riley Qureshi
13086,Finley Iyer
13091,Maren Barros
13134,Felipe Guo
13145,Vera Nakamura
13149,Coral Wojcik
13190,Remy Yilmaz
13231,Eden Hernandez
13242,Pia Zhang
13243,Esme Abara
13350,Elio Yildiz
13368,Hayden Yilmaz
13373,Gideon Baptiste
13410,Blake Baptiste
13411,Niko Baptiste
13438,Gray Herrera
13442,Nadia Bianchi
13447,Kendall Yamamoto
13454,Quill Costa
13464,Luna Farhat
13510,Quinn Silva
13542,Kian Nguyen
13545,Indigo Gorski
13601,Wren Zamora
13657,Orla Giannis
13699,Petra Cohen
13700,Talia Silva
13737,Pia Papadopoulos
13803,Morgan Yamamoto
13821,Aria Silva
13848,Skyler Reyes
13849,Adrian Farhat
13868,Cameron Valdez
13873,Denny Herrera
13940,Morgan Nguyen
13946,Felix Ilic
13948,Beau Aoki
13965,Koa Quiroga
13990,Lena Kallas
13997,Yusuf Patel
14059,Reese Jaramillo
14116,Morgan Valdez
14122,Mateo Alvarez
14139,Pia Vukovic
14149,Anwen Ekwueme
14160,Elliot Rossi
14175,Gideon Kallas
14179,Pia Yamamoto
14186,Kendall Valdez
14201,Beau Kobayashi
14204,Mateo Ostrowski
14255,Avery Fernandez
14273,Sage Larsen
14289,Junia Toivonen
14375,Remy Baptiste
14400,Esme Zhang
14416,Adrian Hoang
14419,Zola Bianchi
14436,Coral Quiroga
14455,Jasper Dahl
14467,Pia Mbeki
14489,Blake Okafor
14501,Nadia Osei
14510,Adrian Wojcik
14534,Bram Berg
14539,Yara Berg
14573,Casey Carvalho
14583,Dakota Larsen
14597,Elio Johansson
14598,Hayden Dubois
14641,Viggo Petrov
14653,Logan Andersson
14661,Xander Jaramillo
14721,Clara Bianchi
14730,Celeste Nguyen
14750,Qadir Silva
14786,Kian Weber
14798,Wren Kim
14831,Parker Ibarra
14863,Noel Suzuki
14876,Hana Vukovic
14922,Yusuf Lindqvist
14955,Nadia Ximenes
14983,Marcus Reyes
14997,Taylor Rossi
15023,Marcus Nowak
15032,Skyler Ekwueme
15043,Harper Kowalski
15044,Uma Tanaka
15056,Luna Rivera
15076,Vera Xiong
15077,Umar Bianchi
15078,Emerson Weber
15105,Bram Okafor
15121,Umar Baptiste
15134,Xander Patel
15142,Ines Mensah
15152,Petra Pham
15192,Denny Mbeki
15196,Sage Jansen
15204,Indigo Ortiz
15224,Clara Qureshi
15238,Parker Wojcik
15241,Koa Ilic
15246,Beau Yildiz
15249,Felix Falk
15286,Selena Jansen
15290,Kiran Aoki
15301,Elio Tanaka
15351,Dakota Dubois
15432,Jordan Petrov
15459,Yara Nowak
15476,Quincy Xiong
15501,Jamie Zhang
15539,Bodhi Pham
15542,Talia Ibarra
15555,Uma Zeleny
15560,Eden Yilmaz
15580,Remy Singh
15598,Emerson Herrera
15614,Jesse Alvarez
15628,Viggo Nowak
15686,Clara Jansen
15691,Emerson Sato
15701,Felix Tran
15703,Parker Guo
15727,Omar Weber
15735,Beau Okafor
15748,Adrian Zeleny
15753,Denny Abara
15786,Gideon Moreau
15794,Reese Mbeki
15806,Quincy Ortiz
15807,Uma Mensah
15830,Yara Ekwueme
15849,Estelle Yildiz
15938,Kiran Okafor
15962,Yusuf Falk
15965,Darius Yildiz
15987,Bodhi Carvalho
16044,Peyton Umeh
16092,Alex Castillo
16105,Charlie Jaramillo
16222,Fiora Castillo
16225,Adrian Xiong
16227,Greta Andersson
16265,Gideon Zhang
16283,Jamie Nguyen
16319,Esme Kallas
16328,Priya Kallas
16329,Lior Novak
16367,Jolene Chen
16377,Blake Ostrowski
16378,Talia Pham
16388,Wren Abara
16404,Aria Osei
16444,Nina Carvalho
16452,Jordan Costa
16458,Bailey Adebayo
16464,Tara Duarte
16465,Luna Ueda
16494,Viggo Falk
16495,Quill Papadopoulos
16522,Remy Gorski
16552,Kai Larsen
16559,Dante Tanaka
16561,Esme Ortiz
16568,Maren Petrov
16570,Rosa Baptiste
16574,Umar Novak
16638,Quill Kallas
16658,Xander Ibarra
16678,Peyton Zamora
16687,Kiran Zhang
16774,Talia Wojcik
16784,Rowan Ostrowski
16804,Fiora Aoki
16805,Ravi Abara
16829,Adrian Ramirez
16908,Felix Nakamura
16936,Logan Wojcik
16945,Taylor Vukovic
16955,Finley Costa
17003,Kiran Zeleny
17008,Indigo Umeh
17016,Dante Alvarez
17022,Drew Moreau
17032,Fiora Nakamura
17047,Nina Yamamoto
17051,Viggo Reyes
17058,Elliot Santos
17079,Quincy Yamamoto
17080,Bodhi Bianchi
17086,Roux Ibarra
17130,Charlie Costa
17160,Wren Nakamura
17193,Morgan Haddad
17200,Hugo Jovanovic
17216,Bailey Ximenes
17238,Quinn Yamamoto
17253,Felix Zhang
17259,Talia Andersson
17277,Greta Ueda
17303,Casey Valdez
17312,Kiran Adebayo
17334,Oscar Ortiz
17348,Jamie Petrov
17352,Qadir Kobayashi
17360,Rowan Alvarez
17409,Mateo Zeleny
17423,Aria Kallas
17427,Umar Hoang
17441,Peyton Rossi
17474,Elio Silva
17480,Alex Costa
17507,Priya Weber
17532,Oscar Ilic
17559,Sami Falk
17583,Petra Petrov
17605,Zane Ostrowski
17646,Felix Pham
17664,Drew Adebayo
17669,Esme Kaur
17696,Gray Correa
17716,Felix Cohen
17720,Felix Novak
17723,Vera Ostrowski
17729,Nadia Umeh
17755,Hana Iyer
17767,Gray Santos
17775,Parker Kallas
17783,Niko Mensah
17800,Avery Wilder
17836,Avery Vukovic
17838,Soren Nakamura
17881,Xander Jansen
17911,Denny Ortiz
17941,Finley Vukovic
18021,Alex Kobayashi
18023,Estelle Petrov
18050,Beau Adebayo
18057,Kendall Toivonen
18071,Halle Kallas
18078,Soren Pham
18085,Ilan Johansson
18093,Riley Zhang
18169,Pia Aoki
18174,Ximena Yamamoto
18184,Bailey Silva
18205,Jesse Abara
18217,Quill Ekstrom
18225,Xander Martinez
18231,Quincy Suzuki
18253,Reese Nguyen
18265,Casey Rossi
18277,Oscar Farah
18281,Skyler Ximenes
18301,Skyler Ortiz
18306,Denny Reyes
18366,Greta Martinez
18389,Beau Ortiz
18401,Micah Valdez
18404,Bodhi Zhang
18426,Eden Yamamoto
18434,Quincy Jansen
18473,Lena Pham
18484,Wren Toivonen
18500,Junia Jansen
18518,Halle Ekstrom
18526,Fiora Ueda
18534,Sage Okafor
18540,Indigo Costa
18551,Coral Haddad
18552,Darius Farhat
18560,Selena Novak
18565,Blake Santos
18580,Skyler Falk
18583,Tara Ibarra
18602,Maren Kowalski
18628,Zola Abara
18633,Viggo Costa
18643,Casey Petrov
18663,Quinn Correa
18678,Sami Delgado
18751,Tara Ramirez
18762,Willa Silva
18768,Jasper Weber
18787,Kiran Bianchi
18828,Felix Reyes
18867,Mateo Ibarra
18870,Peyton Hernandez
18871,Omar Petrov
18877,Junia Lindqvist
18892,Alex Guo
18897,Riley Kaur
18914,Ivan Ilic
18923,Jasper Petrov
18925,Eden Pham
18931,Cameron Leung
18959,Vera Ilic
18965,Logan Barros
18974,Soren Silva
18989,Cameron Andersson
18995,Shawn Fernandez
19008,Micah Yilmaz
19041,Indigo Carvalho
19042,Quincy Nowak
19047,Shawn Mbeki
19056,Frankie Silva
19057,Skyler Rossi
19070,Sage Jaramillo
19077,Junia Kallas
19094,Jamie Falk
19101,Amara Xiong
19102,Niko Giannis
19107,Beau Jaramillo
19122,Umar Barros
19128,Charlie Farhat
19140,Pia Adebayo
19163,Hana Pham
19209,Fiora Ekwueme
19217,Bram Herrera
19240,Tara Lund
19247,Casey Kaur
19260,Halle Falk
19269,Jamie Barros
19279,Halle Petrov
19308,Uma Wojcik
19325,Avery Esposito
19363,Omar Alvarez
19379,Lior Yamamoto
19384,Marcus Andersson
19447,Cameron Kim
19457,Ivan Jaramillo
19463,Harper Nowak
19475,Giana Moreau
19500,Petra Carvalho
19534,Ximena Rossi
19634,Kian Lund
19641,Riley Ximenes
19653,Celeste Delgado
19667,Estelle Ekstrom
19683,Shawn Ostrowski
19691,Ivan Abara
19695,Uma Silva
19718,Lena Cohen
19744,Elio Quiroga
19757,Alex Johansson
19766,Casey Sato
19825,Clara Falk
19835,Maren Quiroga
19851,Ilan Moreau
19857,Nadia Lund
19886,Amara Alvarez
19912,Aria Haddad
19936,Yusuf Castillo
19945,Pia Quiroga
19971,Estelle Yilmaz
19976,Kendall Haddad
19997,Celeste Bianchi
20040,Reese Ekstrom
20055,Yara Ibarra
20068,Niko Valdez
20096,Jasper Ueda
20128,Soren Costa
20154,Mateo Abara
20160,Giana Valdez
20169,Anwen Farhat
20179,Harper Suzuki
20196,Shawn Adebayo
20210,Tara Zamora
20302,Quincy Kowalski
20365,Frankie Kobayashi
20371,Jamie Fernandez
20424,Kendall Adebayo
20429,Jamie Esposito
20448,Rowan Adebayo
20469,Quinn Mensah
20471,Avery Qureshi
20485,Ravi Yamamoto
20555,Logan Reyes
20585,Anwen Wojcik
20593,Amara Leung
20653,Gideon Kim
20697,Ines Esposito
20721,Adrian Santos
20744,Mateo Berg
20770,Avery Quiroga
20837,Bram Singh
20917,Taylor Barros
20943,Hugo Tran
20959,Gideon Suzuki
21002,Lena Nowak
21027,Pia Reyes
21087,Tara Zeleny
21090,Maren Kobayashi
21096,Shawn Johansson
21123,Felipe Costa
21133,Denny Kobayashi
21168,Koa Ortiz
21178,Celeste Santos
21184,Hugo Kobayashi
21188,Devon Hernandez
21195,Jasper Farah
21219,Alex Herrera
21227,Nadia Yamamoto
21234,Koa Nguyen
21263,Vera Nowak
21300,Koa Costa
21332,Viggo Kobayashi
21348,Dakota Lund
21365,Beau Kowalski
21458,Shawn Vukovic
21513,Rowan Gorski
21529,Darius Nguyen
21534,Hana Patel
21561,Ravi Tanaka
21565,Ilan Nakamura
21590,Skyler Okafor
21602,Hayden Bianchi
21609,Rowan Ekstrom
21627,Taylor Toivonen
21632,Uma Cohen
21673,Lior Ximenes
21727,Darius Nowak
21746,Jamie Jaramillo
21763,Jamie Delgado
21815,Omar Bianchi
21834,Eden Delgado
21861,Tara Umeh
21880,Tara Hoang
21909,Skyler Hernandez
21923,Bram Moreau
21934,Lena Abara
21949,Anwen Qureshi
21954,Quill Pham
21985,Eden Yildiz
22037,Remy Farhat
22094,Jamie Yamamoto
22095,Vera Ximenes
22104,Remy Rivera
22146,Soren Wojcik
22175,Qadir Santos
22184,Greta Qureshi
22193,Talia Mbeki
22200,Finley Xiong
22213,Indigo Reyes
22226,Nadia Castillo
22241,Bodhi Ximenes
22253,Alex Umeh
22255,Hugo Pham
22257,Niko Wilder
22262,Zane Moreau
22279,Coral Fernandez
22284,Yara Martinez
22334,Hayden Zamora
22335,Eden Ibarra
22348,Rosa Farhat
22349,Kiran Ekstrom
22355,Lior Berg
22357,Halle Andersson
22384,Logan Gorski
22386,Devon Rivera
22407,Halle Lund
22444,Avery Weber
22455,Bram Nakamura
22459,Jamie Baptiste
22498,Micah Singh
22512,Luna Tran
22522,Skyler Mensah
22574,Morgan Johansson
22608,Gideon Pham
22610,Kian Ueda
22615,Qadir Toivonen
22620,Parker Rivera
22638,Adrian Singh
22644,Adrian Kobayashi
22666,Bodhi Suzuki
22695,Denny Mensah
22716,Blake Martinez
22738,Cameron Zamora
22755,Devon Novak
22774,Anwen Iyer
22779,Jordan Jaramillo
22799,Omar Moreau
22804,Frankie Lindqvist
22854,Mateo Ueda
22859,Indigo Hoang
22889,Hana Ekstrom
22952,Kiran Lund
22966,Willa Rossi
23029,Anwen Okafor
23057,Priya Ilic
23059,Logan Larsen
23069,Orla Rivera
23089,Gray Ximenes
23117,Maren Johansson
23123,Casey Okafor
23128,Omar Adebayo
23135,Amara Tran
23154,Viggo Berg
23157,Eden Castillo
23206,Clara Delgado
23259,Ravi Lund
23295,Soren Gorski
23357,Charlie Johansson
23377,Priya Rivera
23387,Orla Tanaka
23395,Estelle Ximenes
23428,Darius Martinez
23453,Koa Dahl
23461,Devon Weber
23462,Yara Chen
23515,Sage Correa
23529,Adrian Novak
23535,Giana Mensah
23542,Umar Dubois
23651,Estelle Yamamoto
23658,Luna Andersson
23666,Celeste Valdez
23669,Remy Abara
23672,Clara Quiroga
23704,Harper Correa
23733,Marcus Giannis
23737,Omar Cohen
23763,Celeste Zeleny
23787,Quincy Iyer
23905,Ivan Santos
23933,Elliot Delgado
24006,Peyton Berg
24018,Tara Pham
24019,Logan Giannis
24027,Quill Ximenes
24056,Viggo Iyer
24077,Soren Weber
24092,Wren Cohen
24095,Jordan Ueda
24152,Hana Alvarez
24157,Greta Ilic
24174,Bram Ekstrom
24181,Bodhi Ekstrom
24196,Quinn Martinez
24227,Bodhi Hernandez
24236,Cameron Quiroga
24241,Tara Xiong
24263,Umar Herrera
24293,Bailey Nakamura
24356,Elio Yilmaz
24372,Roux Abara
24396,Hugo Kallas
24463,Remy Mensah
24467,Xander Bianchi
24499,Felipe Hoang
24511,Zane Quiroga
24513,Indigo Fernandez
24515,Logan Ilic
24522,Eden Barros
24527,Celeste Abara
24530,Casey Zeleny
24549,Felipe Johansson
24557,Alex Rivera
24581,Nina Aoki
24587,Indigo Kowalski
24588,Morgan Lund
24600,Shawn Tanaka
24610,Darius Reyes
24632,Dante Umeh
24636,Finley Ortiz
24641,Willa Singh
24642,Yusuf Hoang
24678,Vera Castillo
24682,Felix Carvalho
24692,Denny Chen
24694,Hana Delgado
24737,Dakota Alvarez
24775,Finley Wojcik
24808,Sami Lindqvist
24832,Bram Larsen
24836,Vera Alvarez
24869,Darius Lindqvist
24883,Hayden Costa
24906,Luna Wilder
24907,Lena Ueda
24921,Reese Ostrowski
24947,Kendall Zhang
24966,Mateo Ortiz
24974,Blake Weber
25006,Kai Santos
25050,Hana Rossi
25082,Emerson Berg
25094,Estelle Kobayashi
25151,Maren Ostrowski
25172,Noel Nowak
25248,Ilan Valdez
25259,Anwen Ximenes
25296,Junia Johansson
25302,Marcus Quiroga
25345,Quinn Adebayo
25355,Greta Rossi
25376,Dakota Berg
25378,Adrian Kowalski
25414,Junia Weber
25431,Morgan Ekwueme
25439,Kai Okafor
25469,Luna Zamora
25512,Harper Nakamura
25513,Harper Rossi
25532,Casey Kowalski
25543,Devon Yildiz
25554,Finley Farhat
25570,Cameron Jovanovic
25571,Luna Herrera
25586,Elio Jaramillo
25596,Giana Ostrowski
25606,Dante Ibarra
25607,Anwen Moreau
25627,Harper Gorski
25634,Felipe Correa
25652,Pia Qureshi
25677,Elliot Kobayashi
25686,Darius Singh
25693,Bodhi Leung
25704,Jordan Silva
25728,Yusuf Adebayo
25753,Tara Ilic
25775,Zane Johansson
25784,Aria Lund
25801,Kendall Suzuki
25808,Peyton Martinez
25826,Quinn Nguyen
25847,Blake Reyes
25857,Nina Suzuki
25866,Niko Carvalho
25925,Hayden Herrera
25945,Cameron Zeleny
25973,Ilan Rivera
25980,Cameron Ortiz
25983,Parker Yilmaz
26016,Giana Silva
26024,Estelle Zhang
26031,Esme Berg
26033,Ximena Costa
26054,Estelle Papadopoulos
26087,Bram Zeleny
26154,Rosa Chen
26223,Wren Delgado
26257,Jamie Kowalski
26260,Eden Baptiste
26274,Ines Berg
26278,Denny Fernandez
26279,Elliot Vukovic
26354,Quill Alvarez
26365,Roux Rossi
26367,Halle Ramirez
26390,Jesse Ibarra
26413,Roux Dubois
26421,Lior Lund
26481,Zola Tanaka
26485,Parker Baptiste
26508,Gray Esposito
26509,Mateo Yildiz
26513,Emerson Patel
26527,Junia Chen
26538,Dakota Pham
26553,Charlie Cohen
26575,Quinn Petrov
26621,Kiran Gorski
26631,Alex Giannis
26672,Elio Carvalho
26676,Uma Ekwueme
26716,Yara Yildiz
26722,Finley Kobayashi
26729,Quincy Andersson
26738,Felipe Kim
26767,Kai Leung
26776,Hana Farhat
26785,Esme Aoki
26802,Willa Santos
26821,Uma Patel
26874,Kian Kallas
26893,Umar Kim
26900,Zola Haddad
26928,Ines Xiong
26964,Jasper Sato
26983,Elliot Castillo
26988,Celeste Chen
27106,Nadia Quiroga
27108,Viggo Ekwueme
27125,Quill Fernandez
27130,Indigo Zeleny
27133,Giana Petrov
27141,Blake Farhat
27171,Celeste Xiong
27177,Jamie Reyes
27196,Skyler Hoang
27205,Charlie Hoang
27235,Zane Mbeki
27250,Dakota Gorski
27258,Kiran Hernandez
27263,Soren Zamora
27266,Junia Guo
27286,Kendall Ostrowski
27304,Jordan Zeleny
27305,Rosa Jansen
27332,Remy Ueda
27385,Micah Vukovic
27387,Lena Xiong
27401,Priya Correa
27425,Priya Alvarez
27432,Noel Kallas
27455,Yara Ueda
27463,Yara Hernandez
27477,Quinn Tanaka
27496,Ravi Bianchi
27554,Jasper Chen
27560,Clara Yamamoto
27577,Avery Correa
27603,Ilan Yildiz
27605,Zola Ekwueme
27621,Zane Correa
27680,Shawn Kobayashi
27740,Shawn Kaur
27751,Sage Kim
27758,Fiora Qureshi
27760,Lena Bianchi
27787,Greta Delgado
27814,Frankie Correa
27823,Willa Abara
27834,Quinn Ramirez
27851,Esme Alvarez
27932,Gideon Reyes
27958,Sage Osei
27964,Luna Ilic
27967,Dakota Aoki
27985,Oscar Toivonen
27995,Bailey Kowalski
28027,Rosa Fernandez
28066,Quill Qureshi
28092,Amara Wilder
28127,Roux Ekwueme
28175,Felix Nowak
28225,Dakota Esposito
28226,Hana Berg
28245,Denny Jansen
28253,Jamie Rossi
28262,Estelle Moreau
28288,Giana Iyer
28300,Adrian Castillo
28326,Logan Berg
28370,Ilan Ramirez
28399,Tara Falk
28430,Jolene Farhat
28432,Parker Jansen
28436,Coral Lund
28459,Alex Sato
28493,Niko Moreau
28508,Theo Johansson
28513,Lior Ekstrom
28517,Sage Tanaka
28522,Mateo Petrov
28546,Quincy Berg
28561,Quinn Hoang
28583,Fiora Dubois
28586,Finley Bianchi
28601,Estelle Weber
28627,Clara Zeleny
28652,Hana Duarte
28699,Vera Mbeki
28722,Ivan Vukovic
28732,Talia Falk
28746,Elio Kowalski
28777,Qadir Quiroga
28780,Rosa Dahl
28812,Wren Haddad
28823,Harper Johansson
28826,Parker Umeh
28844,Maren Hernandez
28856,Jamie Lindqvist
28884,Kendall Lindqvist
28895,Orla Jaramillo
28951,Rowan Xiong
28971,Willa Novak
28990,Dante Quiroga
28997,Lena Weber
28999,Mateo Reyes
29004,Wren Ilic
29021,Theo Ibarra
29036,Pia Ibarra
29049,Blake Nakamura
29054,Mateo Andersson
29065,Sage Umeh
29072,Adrian Nguyen
29087,Halle Barros
29104,Yusuf Toivonen
29144,Wren Kaur
29179,Vera Toivonen
29196,Koa Ueda
29234,Petra Kaur
29256,Soren Aoki
29268,Micah Zhang
29272,Elliot Yilmaz
29288,Emerson Bianchi
29304,Bailey Singh
29318,Greta Hoang
29323,Blake Farah
29332,Emerson Guo
29342,Kiran Nguyen
29358,Lena Martinez
29407,Zola Ekstrom
29439,Bodhi Papadopoulos
29456,Bailey Hoang
29486,Ilan Leung
29529,Elliot Osei
29542,Willa Andersson
29557,Qadir Suzuki
29563,Devon Adebayo
29591,Esme Pham
29595,Taylor Ximenes
29625,Pia Ekwueme
29631,Avery Barros
29638,Estelle Chen
29656,Pia Rossi
29679,Finley Sato
29694,Greta Okafor
29730,Ines Herrera
29749,Avery Yildiz
29772,Quill Hernandez
29791,Rowan Weber
29799,Taylor Ilic
29803,Denny Bianchi
29819,Wren Patel
29830,Alex Ueda
29836,Nina Delgado
29851,Felipe Delgado
29896,Orla Jansen
29898,Reese Zhang
29914,Devon Zhang
29927,Eden Zamora
29943,Dante Xiong
29950,Drew Vukovic
29967,Niko Ramirez
29981,Yara Ximenes
29996,Roux Hoang
29999,Taylor Esposito
30008,Kendall Moreau
30024,Yara Lund
30025,Lior Ostrowski
30028,Eden Johansson
30041,Riley Correa
30053,Rowan Bianchi
30075,Remy Martinez
30082,Quincy Okafor
30093,Micah Barros
30111,Jolene Zamora
30112,Charlie Andersson
30139,Adrian Johansson
30140,Clara Ostrowski
30177,Selena Chen
30178,Roux Zamora
30217,Casey Pham
30247,Ines Weber
30257,Quill Kaur
30269,Parker Osei
30273,Clara Hernandez
30309,Kai Qureshi
30320,Soren Delgado
30335,Indigo Larsen
30391,Lena Ostrowski
30415,Nadia Weber
30416,Casey Duarte
30417,Dante Okafor
30428,Bram Correa
30432,Greta Wojcik
30475,Rosa Osei
30488,Denny Yamamoto
30509,Avery Kobayashi
30512,Dakota Ramirez
30525,Beau Guo
30549,Casey Rivera
30581,Casey Ekwueme
30605,Soren Toivonen
30608,Estelle Nguyen
30621,Wren Tran
30635,Gray Ortiz
30643,Oscar Larsen
30668,Parker Suzuki
30719,Mateo Jaramillo
30732,Yusuf Farah
30769,Blake Kowalski
30779,Halle Nowak
30820,Bailey Wojcik
30841,Coral Toivonen
30863,Taylor Ekstrom
30878,Harper Ekstrom
30879,Estelle Ekwueme
30908,Viggo Zamora
30913,Luna Yamamoto
30920,Orla Pham
30936,Hana Reyes
30970,Noel Singh
30982,Giana Wojcik
31002,Yara Sato
31023,Yara Ortiz
31045,Xander Ueda
31047,Gideon Delgado
31053,Ilan Chen
31079,Adrian Pham
31082,Parker Zeleny
31087,Casey Jaramillo
31093,Felipe Abara
31147,Denny Ximenes
31154,Kai Nguyen
31171,Bram Aoki
31200,Adrian Falk
31207,Riley Castillo
31213,Pia Umeh
31227,Dante Aoki
31244,Riley Nakamura
31266,Umar Okafor
31279,Viggo Abara
31292,Rosa Dubois
31371,Drew Yilmaz
31376,Zane Patel
31386,Reese Toivonen
31402,Gray Adebayo
31435,Bailey Aoki
31446,Esme Novak
31450,Felix Farhat
31502,Halle Leung
31533,Riley Nguyen
31547,Zola Kaur
31556,Yara Haddad
31563,Casey Hernandez
31567,Orla Santos
31578,Coral Yildiz
31621,Celeste Umeh
31628,Ximena Papadopoulos
31644,Zane Bianchi
31648,Riley Andersson
31655,Sami Chen
31694,Jolene Hoang
31711,Nina Correa
31716,Indigo Haddad
31720,Kian Silva
31734,Estelle Guo
31751,Fiora Baptiste
31762,Jasper Kobayashi
31768,Ravi Okafor
31770,Kiran Falk
31776,Willa Hoang
31797,Beau Castillo
31872,Finley Dahl
31887,Felipe Andersson
31889,Nina Valdez
31933,Vera Santos
31975,Pia Dahl
31983,Mateo Carvalho
31987,Ravi Costa
31992,Logan Johansson
32063,Ximena Yilmaz
32064,Omar Jansen
32067,Felipe Nguyen
32107,Avery Abara
32154,Junia Papadopoulos
32166,Darius Tanaka
32179,Ximena Esposito
32250,Giana Sato
32253,Anwen Alvarez
32259,Priya Yilmaz
32290,Koa Farah
32301,Kian Martinez
32320,Jesse Barros
32340,Logan Fernandez
32349,Beau Abara
32359,Willa Okafor
32368,Harper Giannis
32398,Nadia Ueda
32409,Rowan Yildiz
32431,Avery Ramirez
32452,Bodhi Silva
32456,Lior Jaramillo
32462,Zola Kim
32531,Clara Dahl
32546,Niko Adebayo
32550,Coral Moreau
32562,Yusuf Kallas
32563,Kai Gorski
32571,Reese Gorski
32579,Elio Dahl
32589,Nadia Giannis
32624,Fiora Santos
32628,Parker Haddad
32632,Bodhi Nowak
32639,Junia Yildiz
32682,Esme Wilder
32683,Micah Zamora
32710,Drew Correa
32743,Jamie Adebayo
32746,Kai Yilmaz
32753,Lena Santos
32755,Casey Ilic
32756,Niko Petrov
32762,Estelle Abara
32774,Ximena Wojcik
32778,Nadia Carvalho
32780,Umar Yilmaz
32808,Viggo Wilder
32810,Alex Andersson
32821,Denny Ibarra
32851,Hana Novak
32855,Sami Kaur
32878,Estelle Osei
32886,Alex Leung
32891,Micah Jaramillo
32922,Xander Kobayashi
32958,Luna Cohen
32966,Devon Okafor
32971,Clara Kallas
33041,Ravi Andersson
33047,Eden Reyes
33048,Pia Lund
33126,Morgan Andersson
33138,Quinn Giannis
33180,Koa Haddad
33197,Felix Farah
33198,Wren Mensah
33240,Willa Carvalho
33249,Yusuf Papadopoulos
33269,Wren Farah
33275,Quill Lindqvist
33291,Junia Ostrowski
33294,Qadir Duarte
33321,Finley Patel
33328,Hana Jaramillo
33333,Nina Johansson
33357,Selena Larsen
33374,Eden Toivonen
33382,Lena Iyer
33391,Celeste Quiroga
33427,Niko Jansen
33515,Devon Jansen
33523,Bram Abara
33565,Theo Ekwueme
33570,Junia Pham
33574,Lena Barros
33595,Theo Esposito
33610,Willa Correa
33619,Bram Esposito
33675,Kendall Iyer
33678,Indigo Yamamoto
33681,Priya Martinez
33685,Hayden Suzuki
33697,Halle Larsen
33793,Uma Mbeki
33799,Beau Valdez
33806,Rosa Qureshi
33817,Drew Delgado
33832,Eden Tanaka
33844,Petra Zamora
33940,Qadir Jansen
33949,Quinn Duarte
33956,Talia Jansen
33970,Maren Giannis
34047,Hana Mensah
34049,Taylor Jansen
34105,Luna Wojcik
34146,Lena Larsen
34147,Amara Guo
34164,Coral Giannis
34166,Rosa Ximenes
34217,Selena Nguyen
34220,Clara Pham
34225,Lena Ekstrom
34230,Drew Kim
34236,Theo Herrera
34243,Jordan Herrera
34257,Drew Esposito
34290,Clara Zamora
34315,Estelle Kowalski
34322,Luna Dahl
34334,Harper Bianchi
34345,Peyton Jovanovic
34365,Aria Moreau
34370,Petra Haddad
34411,Avery Mensah
34414,Celeste Kim
34435,Luna Larsen
34493,Viggo Wojcik
34494,Esme Farhat
34512,Ximena Moreau
34602,Bailey Berg
34616,Willa Kobayashi
34630,Dante Rossi
34631,Soren Adebayo
34636,Giana Haddad
34646,Zola Xiong
34651,Adrian Silva
34692,Orla Adebayo
34750,Giana Vukovic
34765,Xander Costa
34771,Kendall Ekwueme
34777,Shawn Novak
34786,Jolene Yilmaz
34813,Junia Dubois
34848,Niko Dahl
34884,Ximena Mensah
34898,Marcus Ilic
34987,Gideon Xiong
34989,Lena Tanaka
34997,Finley Ekstrom
35058,Kai Jansen
35061,Jesse Toivonen
35074,Ximena Chen
35079,Ximena Weber
35080,Frankie Ortiz
35094,Pia Nguyen
35116,Beau Farhat
35135,Bodhi Weber
35149,Qadir Gorski
35175,Kendall Wilder
35186,Kendall Johansson
35194,Zola Iyer
35199,Jamie Jansen
35215,Yara Wilder
35221,Anwen Tran
35282,Jesse Andersson
35293,Fiora Novak
35305,Casey Dubois
35316,Blake Haddad
35327,Elliot Alvarez
35362,Indigo Lindqvist
35374,Jasper Yamamoto
35380,Jordan Chen
35384,Noel Vukovic
35434,Zola Ostrowski
35437,Oscar Yildiz
35451,Darius Yamamoto
35458,Clara Alvarez
35478,Shawn Castillo
35479,Nina Jaramillo
35495,Quincy Dubois
35538,Fiora Barros
35554,Coral Santos
35586,Jasper Patel
35588,Greta Ekwueme
35620,Yara Yilmaz
35634,Clara Lund
35646,Lena Ortiz
35647,Celeste Zamora
35651,Greta Santos
35657,Lior Larsen
35679,Logan Dahl
35684,Ravi Kallas
35702,Ines Abara
35711,Ravi Nguyen
35719,Niko Kaur
35734,Estelle Suzuki
35740,Bailey Sato
35776,Finley Jansen
35804,Beau Lund
35811,Giana Okafor
35819,Koa Jaramillo
35821,Junia Moreau
35824,Talia Kobayashi
35839,Frankie Adebayo
35874,Selena Castillo
35879,Theo Nguyen
35889,Elliot Suzuki
35891,Quincy Delgado
35898,Hayden Farhat
35911,Jasper Dubois
35930,Gray Pham
35950,Anwen Bianchi
35956,Alex Larsen
35963,Eden Alvarez
36018,Gideon Toivonen
36028,Gray Osei
36034,Wren Yamamoto
36053,Logan Chen
36065,Devon Farah
36070,Anwen Petrov
36071,Gideon Fernandez
36077,Sami Osei
36159,Remy Moreau
36177,Felipe Singh
36219,Quincy Rivera
36229,Selena Santos
36240,Elio Papadopoulos
36247,Emerson Jansen
36282,Amara Delgado
36291,Quinn Barros
36324,Theo Nakamura
36329,Hana Lund
36330,Xander Ramirez
36345,Ximena Carvalho
36352,Estelle Dahl
36405,Amara Osei
36449,Yusuf Ximenes
36454,Vera Ramirez
36457,Viggo Silva
36476,Dakota Costa
36477,Umar Haddad
36499,Parker Andersson
36513,Giana Osei
36532,Micah Ilic
36535,Bailey Johansson
36556,Quill Moreau
36561,Felix Singh
36605,Ximena Wilder
36618,Peyton Papadopoulos
36635,Frankie Quiroga
36646,Selena Kaur
36658,Ivan Zamora
36665,Frankie Bianchi
36671,Priya Zeleny
36673,Vera Patel
36691,Uma Kallas
36736,Elio Guo
36741,Kendall Reyes
36780,Zane Kallas
36811,Omar Carvalho
36833,Jamie Abara
36855,Devon Delgado
36883,Vera Valdez
36885,Hana Hernandez
36889,Felipe Weber
36917,Micah Umeh
36923,Noel Martinez
36927,Charlie Baptiste
36955,Skyler Petrov
36960,Ines Gorski
36963,Ines Kim
36972,Beau Jovanovic
36978,Orla Jovanovic
36997,Nina Kim
37030,Kai Ilic
37046,Casey Ekstrom
37097,Avery Duarte
37122,Taylor Ekwueme
37124,Viggo Ekstrom
37164,Viggo Farhat
37175,Jamie Farah
37182,Denny Quiroga
37211,Darius Carvalho
37214,Oscar Ramirez
37216,Micah Suzuki
37243,Giana Fernandez
37244,Ines Wojcik
37287,Orla Wilder
37316,Willa Ostrowski
37317,Emerson Leung
37384,Elio Osei
37400,Uma Santos
37438,Elio Singh
37441,Ines Yamamoto
37448,Morgan Pham
37461,Blake Duarte
37475,Casey Yildiz
37486,Indigo Rossi
37533,Sami Ximenes
37544,Taylor Valdez
37563,Jasper Rivera
37569,Hana Wojcik
37606,Hugo Jaramillo
37610,Jolene Xiong
37635,Koa Osei
37636,Uma Tran
37667,Priya Cohen
37675,Elliot Okafor
37713,Peyton Weber
37732,Rowan Wilder
37735,Amara Correa
37756,Hana Ortiz
37761,Kai Hernandez
37824,Parker Mbeki
37828,Gideon Tran
37850,Petra Yamamoto
37896,Gideon Hoang
37914,Denny Johansson
37931,Logan Qureshi
37945,Skyler Nowak
37954,Roux Zeleny
37962,Anwen Martinez
37999,Tara Johansson
38008,Adrian Fernandez
38097,Maren Silva
38113,Hayden Guo
38133,Soren Suzuki
38158,Yara Jovanovic
38200,Selena Zeleny
38209,Gray Papadopoulos
38280,Aria Petrov
38301,Kendall Herrera
38311,Lior Valdez
38317,Fiora Zeleny
38329,Koa Mbeki
38353,Lior Ramirez
38436,Maren Nowak
38446,Finley Lund
38451,Niko Ueda
38512,Oscar Okafor
38528,Amara Chen
38530,Taylor Castillo
38535,Theo Zamora
38536,Nadia Papadopoulos
38540,Yusuf Farhat
38543,Coral Berg
38562,Niko Jovanovic
38579,Skyler Rivera
38588,Taylor Berg
38600,Gray Ekstrom
38615,Priya Castillo
38618,Hayden Adebayo
38627,Adrian Dubois
38643,Amara Kobayashi
38670,Reese Esposito
38672,Ximena Ueda
38712,Ivan Yamamoto
38718,Nina Guo
38721,Mateo Martinez
38752,Charlie Petrov
38768,Clara Santos
38814,Ximena Giannis
38844,Oscar Delgado
38857,Beau Kaur
38862,Talia Zeleny
38885,Talia Kowalski
38894,Bram Jovanovic
38896,Micah Pham
38906,Priya Ekwueme
38923,Parker Jaramillo
38928,Anwen Valdez
38935,Clara Lindqvist
38975,Junia Osei
38976,Reese Martinez
38982,Roux Qureshi
39028,Estelle Zeleny
39033,Jasper Haddad
39060,Wren Ibarra
39084,Dante Farah
39106,Dante Ostrowski
39132,Amara Vukovic
39133,Selena Herrera
39173,Viggo Lindqvist
39183,Gideon Cohen
39203,Zane Berg
39251,Blake Osei
39259,Parker Fernandez
39263,Gray Yildiz
39415,Celeste Kobayashi
39473,Lior Chen
39500,Avery Hernandez
39507,Jesse Lindqvist
39524,Marcus Falk
39530,Kai Jovanovic
39536,Giana Jaramillo
39565,Morgan Jovanovic
39651,Emerson Moreau
39662,Talia Xiong
39669,Soren Kobayashi
39688,Quill Barros
39707,Zane Barros
39726,Greta Yildiz
39728,Eden Ilic
39732,Coral Baptiste
39742,Jolene Giannis
39750,Fiora Ilic
39767,Denny Tanaka
39792,Lena Mbeki
39832,Estelle Castillo
39861,Kendall Jansen
39880,Ravi Lindqvist
39896,Hayden Kobayashi
39905,Indigo Ximenes
39916,Maren Rivera
39950,Vera Falk
39983,Kendall Falk
40006,Quinn Haddad
40098,Coral Falk
40099,Luna Fernandez
40148,Bailey Weber
40187,Vera Leung
40211,Halle Fernandez
40231,Nina Kallas
40265,Harper Umeh
40277,Emerson Rivera
40295,Denny Xiong
40313,Celeste Singh
40326,Hugo Papadopoulos
40333,Lena Giannis
40334,Xander Mensah
40385,Tara Vukovic
40434,Willa Osei
40457,Roux Martinez
40491,Halle Kim
40510,Selena Alvarez
40511,Noel Esposito
40523,Avery Ueda
40567,Qadir Kaur
40600,Kai Pham
40616,Riley Jansen
40636,Selena Ekstrom
40638,Petra Singh
40701,Emerson Hoang
40777,Selena Abara
40784,Ivan Nowak
40794,Denny Dubois
40804,Avery Xiong
40818,Luna Costa
40858,Koa Adebayo
40885,Drew Abara
40944,Coral Andersson
40991,Ilan Farah
41003,Finley Abara
41011,Avery Yilmaz
41013,Clara Abara
41027,Esme Fernandez
41076,Soren Sato
41078,Elio Lindqvist
41098,Roux Santos
41131,Harper Qureshi
41147,Viggo Jovanovic
41177,Bodhi Kallas
41185,Peyton Singh
41191,Sage Johansson
41223,Ximena Jovanovic
41256,Tara Cohen
41268,Kendall Castillo
41304,Indigo Hernandez
41316,Hana Ostrowski
41350,Parker Tanaka
41363,Logan Esposito
41402,Taylor Tran
41404,Frankie Suzuki
41407,Micah Giannis
41421,Morgan Lindqvist
41445,Niko Xiong
41449,Skyler Herrera
41466,Gideon Falk
41487,Beau Iyer
41502,Morgan Wojcik
41562,Logan Novak
41579,Felix Qureshi
41608,Quinn Kaur
41623,Taylor Papadopoulos
41657,Bailey Cohen
41666,Bodhi Xiong
41675,Mateo Kaur
41686,Gideon Duarte
41690,Rosa Ekwueme
41696,Dante Ilic
41728,Wren Esposito
41742,Drew Aoki
41779,Maren Jovanovic
41794,Eden Farah
41848,Jesse Reyes
41856,Reese Weber
41865,Emerson Lindqvist
41911,Logan Moreau
41940,Quincy Novak
42007,Ravi Papadopoulos
42029,Uma Hernandez
42032,Luna Zeleny
42039,Dante Pham
42063,Dakota Kobayashi
42078,Amara Santos
42083,Parker Reyes
42089,Hayden Larsen
42098,Yara Umeh
42104,Ximena Bianchi
42112,Kai Silva
42148,Remy Lindqvist
42202,Elliot Ostrowski
42221,Quincy Weber
42244,Maren Yildiz
42255,Talia Patel
42297,Celeste Ilic
42307,Gray Hoang
42328,Kendall Qureshi
42329,Elio Nakamura
42369,Drew Mensah
42378,Sami Silva
42407,Vera Martinez
42428,Hayden Farah
42486,Giana Ueda
42492,Jamie Xiong
42496,Peyton Kobayashi
42508,Jolene Singh
42510,Avery Falk
42516,Ravi Chen
42529,Zane Umeh
42557,Uma Iyer
42579,Anwen Rivera
42614,Halle Castillo
42656,Sami Hernandez
42659,Selena Yilmaz
42702,Elio Qureshi
42718,Nadia Dahl
42735,Giana Johansson
42746,Darius Chen
42748,Ravi Mensah
42778,Charlie Haddad
42780,Emerson Jaramillo
42790,Giana Nowak
42805,Halle Okafor
42821,Maren Andersson
42853,Eden Singh
42855,Esme Ueda
42873,Yusuf Leung
42893,Jamie Hernandez
42894,Yusuf Qureshi
42896,Lior Fernandez
42909,Jolene Yamamoto
42918,Zola Ortiz
42926,Felipe Esposito
42998,Niko Farah
43069,Coral Weber
43073,Felix Yilmaz
43085,Jamie Ramirez
43087,Sami Zhang
43090,Drew Quiroga
43091,Ines Umeh
43102,Riley Lindqvist
43107,Lena Vukovic
43109,Kiran Fernandez
43147,Felipe Ximenes
43151,Clara Mbeki
43162,Omar Valdez
43188,Xander Singh
43201,Jolene Nakamura
43211,Esme Farah
43217,Kiran Mensah
43264,Ravi Rivera
43291,Kiran Cohen
43307,Gideon Zeleny
43352,Shawn Lindqvist
43423,Quill Quiroga
43431,Jolene Leung
43436,Celeste Giannis
43459,Yara Falk
43464,Mateo Moreau
43467,Skyler Toivonen
43480,Wren Sato
43521,Petra Ortiz
43612,Skyler Nguyen
43634,Alex Moreau
43656,Bodhi Giannis
43690,Jasper Farhat
43698,Xander Guo
43714,Denny Ramirez
43743,Reese Guo
43769,Soren Kim
43839,Elliot Baptiste
43840,Casey Fernandez
43843,Halle Pham
43876,Parker Papadopoulos
43917,Elliot Kowalski
43941,Riley Jaramillo
43954,Dakota Ekwueme
43978,Felipe Aoki
43982,Giana Tanaka
43983,Devon Ximenes
44020,Kai Sato
44034,Indigo Alvarez
44046,Frankie Barros
44048,Alex Cohen
44082,Hayden Ilic
44086,Nadia Aoki
44105,Amara Adebayo
44114,Felipe Farah
44145,Omar Rivera
44147,Shawn Wilder
44194,Indigo Rivera
44215,Quincy Santos
44258,Felix Valdez
44266,Casey Ibarra
44354,Orla Kaur
44371,Quincy Martinez
44389,Ivan Haddad
44411,Giana Falk
44424,Yusuf Santos
44430,Nadia Rivera
44530,Devon Yilmaz
44538,Willa Quiroga
44552,Jolene Alvarez
44596,Oscar Adebayo
44597,Drew Jovanovic
44621,Blake Dubois
44646,Willa Aoki
44670,Eden Novak
44724,Yusuf Jansen
44729,Wren Baptiste
44757,Zane Jansen
44770,Sage Bianchi
44771,Blake Barros
44772,Ivan Gorski
44773,Drew Nguyen
44775,Parker Ekwueme
44782,Skyler Yamamoto
44825,Celeste Baptiste
44863,Darius Pham
44895,Willa Haddad
44946,Quinn Costa
44956,Dakota Singh
44957,Uma Qureshi
44967,Darius Ostrowski
44968,Kiran Moreau
44974,Esme Leung
44998,Ines Castillo
45004,Luna Weber
45016,Amara Reyes
45038,Noel Ortiz
45040,Theo Alvarez
45072,Quinn Umeh
45083,Luna Sato
45100,Logan Santos
45116,Charlie Duarte
45117,Wren Silva
45135,Gideon Patel
45161,Anwen Duarte
45163,Shawn Singh
45165,Adrian Ueda
45175,Cameron Pham
45178,Priya Papadopoulos
45195,Vera Papadopoulos
45219,Beau Cohen
45258,Emerson Reyes
45266,Sami Quiroga
45327,Jamie Alvarez
45345,Taylor Dahl
45360,Yara Iyer
45362,Aria Wilder
45368,Bodhi Santos
45373,Reese Petrov
45380,Priya Vukovic
45394,Nadia Kaur
45437,Priya Lindqvist
45463,Quinn Hernandez
45485,Giana Xiong
45489,Roux Ortiz
45491,Umar Dahl
45496,Rowan Yilmaz
45511,Anwen Jansen
45566,Kai Ueda
45568,Bailey Bianchi
45572,Peyton Kaur
45586,Giana Ximenes
45599,Devon Ortiz
45602,Charlie Yamamoto
45615,Hana Leung
45650,Mateo Ximenes
45660,Talia Ekwueme
45672,Oscar Kowalski
45685,Bailey Lund
45706,Remy Berg
45759,Elliot Pham
45795,Umar Ekwueme
45812,Casey Tran
45821,Ines Martinez
45837,Felipe Ueda
45862,Jasper Castillo
45870,Frankie Ueda
45907,Zola Nguyen
45948,Kendall Ximenes
45956,Alex Delgado
45976,Omar Kallas
45991,Amara Jansen
46007,Lior Iyer
46023,Estelle Iyer
46049,Finley Petrov
46053,Maren Ekwueme
46071,Mateo Adebayo
46088,Giana Suzuki
46101,Frankie Kim
46110,Kai Quiroga
46112,Rowan Nowak
46121,Logan Costa
46143,Hayden Ximenes
46151,Nina Nguyen
46157,Jamie Correa
46202,Reese Dahl
46224,Ravi Baptiste
46252,Hayden Ramirez
46264,Denny Weber
46276,Gray Vukovic
46290,Riley Yildiz
46342,Halle Osei
46357,Darius Mbeki
46380,Peyton Nakamura
46412,Kiran Ramirez
46413,Taylor Sato
46450,Umar Adebayo
46539,Theo Zhang
46558,Yusuf Kowalski
46562,Indigo Patel
46597,Lior Bianchi
46604,Harper Berg
46605,Oscar Martinez
46638,Avery Ibarra
46671,Sami Alvarez
46692,Luna Moreau
46694,Zane Iyer
46711,Emerson Kobayashi
46740,Zane Jaramillo
46806,Shawn Petrov
46828,Alex Petrov
46830,Ilan Yamamoto
46855,Halle Ueda
46873,Finley Adebayo
46881,Elio Iyer
46898,Casey Vukovic
46918,Bram Andersson
46930,Gideon Adebayo
46935,Kian Abara
46975,Fiora Yildiz
46984,Luna Okafor
47001,Alex Hoang
47032,Skyler Silva
47058,Umar Jovanovic
47083,Rowan Rivera
47110,Koa Vukovic
47153,Noel Wojcik
47166,Kian Tran
47168,Riley Mbeki
47170,Fiora Jansen
47173,Shawn Leung
47215,Finley Correa
47231,Elio Jovanovic
47258,Micah Ueda
47300,Umar Nakamura
47355,Fiora Kim
47370,Zane Aoki
47371,Kiran Mbeki
47442,Jesse Mensah
47451,Clara Adebayo
47473,Zane Nakamura
47539,Estelle Jovanovic
47540,Marcus Toivonen
47542,Nina Petrov
47548,Amara Ekwueme
47553,Mateo Hoang
47558,Junia Nakamura
47560,Eden Xiong
47573,Lena Jaramillo
47574,Priya Toivonen
47578,Parker Ramirez
47612,Priya Sato
47628,Oscar Barros
47669,Hana Sato
47708,Elio Novak
47745,Aria Pham
47838,Jesse Zeleny
47861,Jasper Carvalho
47881,Kai Delgado
47917,Clara Ekstrom
47921,Marcus Ekstrom
47969,Kian Giannis
48050,Giana Dubois
48071,Peyton Iyer
48089,Ximena Patel
48206,Ilan Alvarez
48262,Lior Falk
48281,Quill Tanaka
48329,Qadir Adebayo
48338,Sami Costa
48348,Beau Baptiste
48403,Noel Carvalho
48453,Fiora Zhang
48474,Remy Falk
48480,Lior Alvarez
48486,Elliot Valdez
48499,Quinn Zamora
48508,Fiora Xiong
48539,Ximena Delgado
48541,Pia Dubois
48600,Ravi Ibarra
48604,Theo Ekstrom
48606,Roux Nakamura
48617,Qadir Nowak
48643,Greta Xiong
48647,Luna Singh
48683,Adrian Barros
48685,Xander Umeh
48736,Junia Dahl
48751,Lena Wilder
48784,Tara Berg
48786,Pia Singh
48787,Dakota Nowak
48832,Yusuf Mbeki
48839,Jolene Zhang
48845,Jolene Jansen
48881,Harper Larsen
48894,Greta Nakamura
48903,Kian Chen
48928,Dakota Weber
48950,Eden Kowalski
48972,Kiran Singh
48988,Ximena Haddad
48995,Bodhi Falk
49000,Estelle Haddad
49004,Rowan Tran
49008,Ilan Ekstrom
49010,Ximena Dubois
49012,Adrian Papadopoulos
49063,Kendall Pham
49078,Harper Reyes
49088,Lena Carvalho
49094,Xander Farah
49119,Mateo Wilder
49147,Tara Sato
49177,Harper Singh
49253,Ivan Zhang
49266,Elliot Singh
49314,Aria Reyes
49350,Aria Farhat
49356,Skyler Sato
49364,Jasper Falk
49403,Remy Leung
49406,Willa Kallas
49478,Ximena Cohen
49508,Qadir Baptiste
49513,Yusuf Chen
49558,Kai Kaur
49559,Fiora Yamamoto
49584,Ivan Qureshi
49619,Remy Zhang
49629,Ines Ueda
49631,Avery Kallas
49635,Lena Tran
49638,Nina Hernandez
49660,Skyler Leung
49670,Theo Mbeki
49679,Kian Patel
49732,Ravi Tran
49735,Clara Guo
49747,Estelle Tanaka
49809,Devon Rossi
49824,Sami Fernandez
49828,Kai Barros
49867,Amara Rossi
49879,Priya Moreau
49896,Koa Correa
49925,Willa Adebayo
49926,Yusuf Yilmaz
49931,Devon Nakamura
49968,Kiran Johansson
49998,Adrian Herrera
50056,Petra Guo
50115,Ximena Nguyen
50155,Wren Martinez
50174,Hana Jovanovic
50184,Koa Kowalski
50188,Anwen Wilder
50243,Nina Berg
50259,Wren Weber
50268,Finley Umeh
50269,Pia Costa
50292,Quinn Rivera
50311,Ravi Herrera
50317,Charlie Dahl
50319,Darius Kim
50335,Indigo Falk
50338,Alex Dubois
50395,Parker Wilder
50403,Blake Johansson
50449,Logan Ortiz
50484,Hayden Esposito
50487,Jordan Ibarra
50493,Ximena Santos
50516,Peyton Falk
50535,Celeste Aoki
50554,Ximena Aoki
50587,Skyler Farah
50601,Nadia Dubois
50616,Giana Leung
50651,Riley Barros
50661,Ines Mbeki
50718,Cameron Berg
50739,Felix Johansson
50757,Jordan Santos
50767,Esme Dubois
50769,Priya Nguyen
50781,Blake Jansen
50827,Avery Nakamura
50831,Nina Jansen
50836,Bodhi Zamora
50868,Frankie Mensah
50882,Shawn Quiroga
50887,Noel Lindqvist
50889,Bram Giannis
50896,Quinn Moreau
50905,Emerson Umeh
50913,Junia Ekwueme
50946,Finley Giannis
50978,Indigo Mensah
50996,Vera Hoang
50999,Emerson Jovanovic
51016,Micah Reyes
51033,Jolene Vukovic
51057,Zola Guo
51058,Frankie Kallas
51061,Ines Silva
51066,Cameron Jansen
51068,Beau Novak
51101,Jasper Kim
51106,Kian Johansson
51149,Roux Herrera
51179,Frankie Ilic
51197,Drew Ximenes
51200,Felix Ramirez
51238,Nina Gorski
51278,Aria Delgado
51279,Casey Reyes
51283,Adrian Ekstrom
51286,Niko Farhat
51301,Luna Correa
51328,Quinn Cohen
51338,Charlie Guo
51369,Elio Bianchi
51388,Lior Barros
51402,Talia Novak
51461,Rosa Castillo
51523,Rosa Giannis
51535,Zola Cohen
51549,Talia Berg
51603,Harper Lund
51628,Sage Nguyen
51647,Hayden Vukovic
51667,Cameron Ekwueme
51674,Avery Tran
51678,Ines Duarte
51708,Ravi Kim
51758,Darius Duarte
51760,Alex Barros
51799,Micah Hernandez
51869,Jasper Singh
51870,Peyton Alvarez
51879,Indigo Kaur
51925,Petra Berg
51945,Alex Quiroga
51956,Alex Adebayo
52017,Kiran Rivera
52020,Priya Berg
52052,Harper Cohen
52123,Logan Lund
52133,Harper Martinez
52139,Beau Esposito
52178,Jesse Johansson
52179,Clara Esposito
52190,Aria Valdez
52231,Umar Rivera
52253,Devon Duarte
52287,Casey Xiong
52302,Willa Ortiz
52311,Lena Ibarra
52318,Casey Silva
52325,Blake Jovanovic
52332,Kiran Petrov
52350,Lena Falk
52353,Riley Kowalski
52405,Greta Carvalho
52419,Lior Giannis
52465,Gideon Umeh
52468,Mateo Kowalski
52493,Rosa Andersson
52497,Skyler Osei
52533,Hayden Weber
52559,Celeste Yildiz
52692,Greta Sato
52703,Rosa Kobayashi
52705,Hana Qureshi
52720,Amara Yamamoto
52736,Quinn Delgado
52738,Oscar Ibarra
52751,Lena Baptiste
52800,Kian Novak
52835,Nadia Ortiz
52840,Ivan Patel
52847,Jordan Dubois
52849,Umar Suzuki
52917,Halle Zamora
52934,Remy Nowak
52936,Parker Xiong
52950,Eden Umeh
52954,Harper Mensah
52970,Drew Zamora
53009,Morgan Hoang
53014,Frankie Esposito
53015,Devon Kobayashi
53032,Blake Mensah
53057,Ivan Dahl
53065,Halle Yilmaz
53082,Lena Duarte
53136,Kiran Qureshi
53142,Nadia Hernandez
53150,Drew Farah
53153,Kian Falk
53162,Zane Dahl
53165,Ivan Giannis
53214,Aria Tanaka
53227,Vera Duarte
53245,Kian Barros
53289,Nina Zeleny
53326,Nina Bianchi
53327,Skyler Fernandez
53374,Jolene Johansson
53384,Hugo Moreau
53397,Jordan Okafor
53412,Roux Dahl
53432,Harper Quiroga
53452,Morgan Ximenes
53483,Quinn Esposito
53518,Skyler Cohen
53530,Niko Barros
53567,Bodhi Kobayashi
53575,Yara Weber
53593,Hana Wilder
53605,Hana Weber
53613,Kian Zamora
53654,Theo Leung
53666,Harper Nguyen
53679,Riley Ostrowski
53686,Dante Dubois
53703,Greta Quiroga
53708,Dakota Fernandez
53766,Charlie Wilder
53783,Quinn Patel
53798,Ivan Okafor
53804,Maren Jansen
53808,Bodhi Hoang
53819,Soren Reyes
53822,Orla Farah
53836,Anwen Kallas
53837,Quincy Silva
53849,Hugo Carvalho
53940,Xander Aoki
53965,Ximena Adebayo
53988,Anwen Lund
54042,Eden Duarte
54052,Ximena Kobayashi
54056,Lena Kowalski
54071,Coral Kobayashi
54076,Maren Fernandez
54111,Celeste Yilmaz
54119,Marcus Weber
54137,Oscar Vukovic
54213,Jamie Hoang
54232,Shawn Esposito
54261,Junia Yamamoto
54288,Coral Delgado
54313,Shawn Nakamura
54317,Marcus Zamora
54328,Lior Qureshi
54352,Quincy Costa
54353,Skyler Andersson
54405,Vera Silva
54417,Kai Xiong
54439,Lena Ekwueme
54465,Harper Vukovic
54500,Pia Suzuki
54508,Jordan Ekstrom
54514,Viggo Martinez
54518,Drew Ramirez
54526,Parker Kim
54554,Finley Herrera
54565,Hana Quiroga
54592,Jolene Haddad
54623,Tara Wilder
54624,Felipe Reyes
54631,Jamie Yilmaz
54665,Roux Petrov
54706,Soren Carvalho
54718,Logan Patel
54762,Clara Haddad
54790,Maren Ximenes
54792,Logan Dubois
54838,Niko Hernandez
54843,Casey Gorski
54850,Hugo Farhat
54889,Drew Novak
54911,Soren Petrov
54919,Bodhi Kowalski
54937,Uma Jaramillo
54943,Gideon Ramirez
54952,Ilan Zeleny
54975,Omar Ekstrom
54979,Giana Barros
55030,Micah Kim
55073,Bram Dubois
55098,Bram Ekwueme
55138,Orla Farhat
55141,Blake Ibarra
55148,Bram Adebayo
55154,Fiora Cohen
55164,Yara Kim
55172,Felix Moreau
55178,Kian Zeleny
55189,Cameron Yildiz
55236,Lena Fernandez
55241,Lior Rossi
55329,Jesse Petrov
55364,Elliot Herrera
55405,Wren Chen
55409,Skyler Kobayashi
55434,Ravi Ilic
55439,Roux Gorski
55445,Hugo Mbeki
55448,Zane Ibarra
55462,Kendall Rivera
55487,Mateo Jansen
55491,Finley Martinez
55511,Logan Okafor
55513,Zane Zeleny
55558,Bram Kowalski
55607,Elio Ueda
55609,Orla Kim
55619,Jolene Ekstrom
55637,Marcus Lindqvist
55689,Roux Cohen
55691,Hayden Ekwueme
55694,Maren Kallas
55701,Qadir Wojcik
55704,Kai Kowalski
55718,Willa Tran
55724,Kai Zeleny
55808,Priya Jovanovic
55815,Sami Zeleny
55818,Quill Gorski
55828,Zola Quiroga
55857,Sage Ueda
55883,Giana Zeleny
55909,Bailey Ilic
55910,Rowan Lindqvist
55921,Bram Baptiste
55996,Finley Ibarra
56034,Alex Papadopoulos
56036,Micah Nguyen
56046,Eden Ekstrom
56063,Avery Iyer
56096,Quill Ostrowski
56100,Adrian Larsen
56108,Zane Weber
56114,Darius Zeleny
56116,Priya Kaur
56133,Lena Umeh
56143,Riley Jovanovic
56146,Greta Alvarez
56161,Kian Papadopoulos
56220,Zane Leung
56231,Elliot Hernandez
56235,Amara Petrov
56237,Darius Haddad
56238,Selena Ilic
56261,Felix Rivera
56282,Darius Abara
56314,Shawn Mensah
56320,Mateo Aoki
56383,Felix Gorski
56384,Jolene Ostrowski
56389,Lior Wojcik
56414,Qadir Chen
56440,Gideon Silva
56444,Avery Martinez
56491,Remy Delgado
56496,Giana Guo
56533,Koa Castillo
56550,Darius Ekwueme
56617,Pia Yilmaz
56621,Charlie Nowak
56709,Avery Dubois
56721,Hugo Gorski
56747,Clara Dubois
56751,Mateo Okafor
56762,Petra Duarte
56803,Blake Aoki
56840,Sage Yilmaz
56847,Kiran Kim
56860,Beau Fernandez
56925,Luna Suzuki
56969,Bodhi Nguyen
56978,Orla Baptiste
57027,Ravi Aoki
57050,Fiora Alvarez
57061,Charlie Ekstrom
57075,Koa Jovanovic
57079,Hana Yildiz
57109,Quincy Ilic
57113,Rosa Pham
57133,Casey Farhat
57144,Jamie Tanaka
57145,Pia Weber
57147,Willa Chen
57150,Harper Moreau
57160,Adrian Yamamoto
57165,Niko Correa
57197,Jolene Kallas
57269,Remy Yildiz
57326,Gray Tanaka
57332,Harper Kim
57338,Petra Leung
57384,Jamie Kaur
57399,Emerson Ueda
57417,Jolene Dubois
57418,Gideon Esposito
57423,Ximena Jaramillo
57432,Yusuf Ostrowski
57441,Taylor Delgado
57478,Yusuf Tran
57497,Cameron Johansson
57498,Esme Petrov
57517,Koa Ostrowski
57545,Taylor Haddad
57548,Hugo Ekstrom
57558,Riley Novak
57569,Greta Zhang
57595,Nina Alvarez
57604,Remy Kowalski
57614,Casey Ximenes
57628,Roux Pham
57640,Gideon Iyer
57734,Luna Yilmaz
57762,Parker Castillo
57770,Viggo Giannis
57775,Anwen Guo
57813,Zola Farah
57837,Peyton Mbeki
57841,Anwen Jovanovic
57844,Dante Silva
57868,Orla Ostrowski
57908,Reese Singh
57913,Drew Zhang
57924,Rowan Kim
57925,Esme Lund
57929,Harper Ekwueme
57946,Emerson Cohen
57947,Niko Castillo
57971,Aria Giannis
57979,Kiran Patel
58005,Halle Mbeki
58023,Shawn Aoki
58033,Indigo Baptiste
58046,Hayden Quiroga
58098,Cameron Adebayo
58106,Aria Papadopoulos
58121,Fiora Valdez
58135,Rowan Jovanovic
58139,Tara Adebayo
58140,Jolene Novak
58143,Talia Singh
58189,Remy Jovanovic
58198,Shawn Zamora
58199,Drew Ilic
58308,Elio Weber
58310,Sami Petrov
58314,Cameron Baptiste
58351,Anwen Pham
58355,Taylor Lindqvist
58359,Gray Moreau
58395,Indigo Petrov
58401,Koa Giannis
58402,Felipe Zeleny
58451,Indigo Cohen
58452,Dante Qureshi
58472,Bram Zamora
58473,Taylor Osei
58479,Beau Singh
58509,Peyton Tran
58524,Kian Larsen
58555,Sami Qureshi
58567,Sami Tanaka
58588,Amara Dubois
58616,Frankie Gorski
58622,Willa Nakamura
58693,Elio Cohen
58699,Parker Giannis
58733,Petra Suzuki
58748,Morgan Zeleny
58774,Gideon Dubois
58800,Noel Fernandez
58815,Junia Martinez
58843,Umar Johansson
58876,Uma Suzuki
58885,Aria Umeh
58887,Emerson Nguyen
58904,Darius Wojcik
58933,Lena Adebayo
58935,Drew Umeh
58948,Gideon Dahl
58987,Clara Moreau
59011,Drew Nakamura
59017,Ilan Giannis
59034,Eden Correa
59060,Coral Ortiz
59061,Rowan Vukovic
59063,Amara Moreau
59069,Yusuf Rossi
59145,Theo Gorski
59190,Blake Suzuki
59200,Morgan Mbeki
59211,Eden Ortiz
59232,Elliot Jansen
59254,Denny Nowak
59274,Blake Yilmaz
59278,Adrian Martinez
59310,Wren Rivera
59333,Ravi Dahl
59354,Uma Esposito
59393,Soren Ilic
59398,Jamie Rivera
59418,Kai Wilder
59436,Felix Jansen
59471,Elliot Yamamoto
59475,Selena Rivera
59513,Micah Patel
59520,Esme Ekstrom
59569,Noel Toivonen
59620,Soren Zeleny
59650,Elliot Kallas
59710,Skyler Zamora
59738,Darius Castillo
59802,Zola Toivonen
59816,Darius Zamora
59836,Uma Johansson
59878,Priya Abara
59945,Xander Quiroga
59951,Wren Berg
59966,Quinn Nowak
59973,Jolene Tran
60024,Hayden Singh
60032,Zane Hernandez
60035,Alex Zamora
60044,Finley Kim
60049,Niko Rossi
60069,Selena Leung
60070,Logan Singh
60075,Noel Jovanovic
60115,Quinn Ximenes
60142,Kian Umeh
60148,Viggo Castillo
60188,Jesse Ostrowski
60233,Nadia Silva
60259,Shawn Guo
60305,Remy Yamamoto
60325,Pia Lindqvist
60331,Logan Valdez
60354,Ines Lindqvist
60409,Eden Ximenes
60422,Willa Vukovic
60446,Charlie Umeh
60448,Talia Suzuki
60457,Sami Wilder
60478,Quill Giannis
60511,Quill Adebayo
60517,Noel Barros
60522,Giana Adebayo
60528,Frankie Nguyen
60567,Avery Jaramillo
60597,Zola Costa
60613,Jesse Sato
60614,Jesse Kobayashi
60618,Theo Barros
60619,Dante Zhang
60624,Peyton Carvalho
60625,Adrian Mensah
60634,Felipe Toivonen
60655,Bram Ostrowski
60675,Koa Ekstrom
60685,Lior Rivera
60777,Zola Zamora
60778,Priya Zhang
60782,Darius Jansen
60791,Xander Silva
60797,Junia Kobayashi
60813,Lior Singh
60818,Koa Ximenes
60821,Marcus Leung
60824,Dakota Haddad
60861,Wren Qureshi
60904,Elliot Nowak
60905,Elliot Patel
60915,Remy Kallas
60932,Zane Qureshi
60971,Rosa Yilmaz
60986,Peyton Valdez
61003,Dante Yamamoto
61010,Adrian Yildiz
61011,Kai Kallas
61046,Jordan Wilder
61050,Tara Kim
61059,Drew Larsen
61103,Junia Carvalho
61109,Orla Barros
61126,Sami Singh
61190,Wren Vukovic
61194,Selena Xiong
61228,Bram Duarte
61248,Devon Ibarra
61252,Sage Quiroga
61286,Uma Wilder
61310,Beau Chen
61363,Koa Bianchi
61369,Lena Yilmaz
61371,Priya Farhat
61376,Felix Ueda
61379,Uma Dubois
61412,Quinn Aoki
61424,Kendall Mensah
61465,Quill Rivera
61502,Giana Herrera
61522,Orla Cohen
61551,Greta Zamora
61568,Felix Kim
61585,Anwen Sato
61593,Quinn Lund
61594,Alex Jovanovic
61613,Indigo Sato
61624,Koa Barros
61632,Cameron Ueda
61645,Lior Mbeki
61657,Morgan Qureshi
61674,Orla Singh
61677,Maren Castillo
61678,Oscar Papadopoulos
61694,Sage Rossi
61709,Omar Yamamoto
61737,Darius Cohen
61742,Ines Leung
61762,Yusuf Kobayashi
61783,Ines Zamora
61786,Frankie Qureshi
61803,Riley Patel
61805,Mateo Duarte
61809,Bailey Zhang
61836,Greta Abara
61863,Wren Zeleny
61869,Bailey Okafor
61879,Eden Papadopoulos
61888,Reese Rossi
61911,Junia Kim
61912,Giana Cohen
61920,Umar Ueda
61925,Kai Patel
61934,Vera Moreau
61935,Quincy Patel
61941,Felipe Carvalho
61968,Ximena Novak
61993,Peyton Ortiz
62004,Maren Xiong
62008,Bodhi Johansson
62024,Xander Ostrowski
62071,Hugo Duarte
62117,Skyler Lindqvist
62120,Coral Gorski
62125,Junia Adebayo
62151,Zane Kowalski
62180,Koa Andersson
62196,Lena Rossi
62199,Orla Chen
62259,Quincy Barros
62263,Giana Castillo
62272,Rosa Hoang
62279,Esme Singh
62290,Tara Okafor
62312,Alex Reyes
62330,Ines Osei
62331,Darius Ximenes
62334,Wren Reyes
62344,Nina Farah
62347,Denny Kowalski
62366,Skyler Lund
62383,Petra Fernandez
62393,Orla Yildiz
62395,Morgan Bianchi
62431,Bram Farah
62462,Quincy Adebayo
62463,Jordan Tran
62518,Cameron Suzuki
62520,Soren Mbeki
62522,Niko Suzuki
62524,Cameron Esposito
62539,Bailey Duarte
62565,Remy Giannis
62583,Fiora Silva
62585,Umar Xiong
62590,Dakota Jaramillo
62602,Coral Dahl
62631,Jasper Jansen
62663,Hana Singh
62681,Omar Ramirez
62705,Kendall Kallas
62707,Junia Hernandez
62737,Celeste Lindqvist
62761,Ines Iyer
62797,Nadia Ibarra
62894,Eden Kaur
62926,Theo Farhat
62928,Roux Carvalho
62935,Jordan Baptiste
62945,Logan Papadopoulos
62986,Maren Haddad
63016,Koa Baptiste
63017,Maren Farah
63019,Finley Cohen
63021,Parker Berg
63023,Quill Wojcik
63045,Hugo Barros
63112,Hayden Johansson
63117,Alex Falk
63119,Frankie Jovanovic
63137,Frankie Larsen
63155,Qadir Umeh
63185,Casey Alvarez
63237,Yusuf Vukovic
63256,Jasper Nguyen
63257,Tara Correa
63279,Petra Weber
63341,Luna Vukovic
63400,Kendall Petrov
63423,Eden Ekwueme
63499,Elliot Wojcik
63502,Rowan Falk
63516,Qadir Kallas
63528,Harper Haddad
63539,Jesse Ekstrom
63546,Yusuf Johansson
63560,Aria Rivera
63581,Junia Wilder
63613,Emerson Abara
63621,Halle Xiong
63625,Peyton Ekwueme
63653,Zola Papadopoulos
63696,Uma Alvarez
63733,Mateo Tanaka
63752,Cameron Nguyen
63771,Skyler Alvarez
63799,Harper Novak
63809,Nadia Guo
63829,Rosa Okafor
63844,Soren Bianchi
63846,Harper Kobayashi
63875,Quincy Ekstrom
63918,Elio Chen
63921,Uma Gorski
63931,Aria Guo
63944,Elio Fernandez
63966,Selena Suzuki
63967,Avery Moreau
63970,Micah Jansen
63982,Petra Ibarra
64018,Adrian Iyer
64019,Dante Jaramillo
64045,Wren Lindqvist
64049,Eden Berg
64050,Felix Duarte
64055,Jordan Johansson
64107,Rowan Dubois
64171,Ilan Tran
64173,Zane Yamamoto
64179,Junia Zeleny
64189,Gideon Kaur
64203,Anwen Silva
64213,Noel Abara
64236,Charlie Kobayashi
64259,Sami Ilic
64296,Tara Jovanovic
64321,Nina Ibarra
64333,Talia Ximenes
64340,Nina Nakamura
64357,Viggo Baptiste
64363,Casey Mensah
64366,Halle Haddad
64371,Anwen Xiong
64379,Amara Zeleny
64388,Blake Lund
64400,Hayden Gorski
64415,Hayden Nakamura
64441,Nadia Baptiste
64472,Marcus Johansson
64488,Taylor Moreau
64547,Aria Vukovic
64566,Dante Farhat
64583,Lena Rivera
64606,Riley Cohen
64610,Emerson Haddad
64618,Quinn Alvarez
64650,Avery Ilic
64670,Devon Dubois
64671,Aria Nowak
64682,Selena Duarte
64716,Sage Santos
64733,Coral Papadopoulos
64767,Pia Silva
64775,Kian Carvalho
64785,Charlie Tanaka
64816,Cameron Fernandez
64818,Hayden Umeh
64844,Umar Martinez
64866,Tara Jaramillo
64901,Xander Novak
64962,Omar Kobayashi
64970,Coral Adebayo
64972,Kendall Alvarez
64973,Theo Hernandez
64994,Amara Weber
65009,Priya Singh
65021,Clara Zhang
65036,Finley Yildiz
65073,Harper Ximenes
65106,Priya Farah
65145,Remy Ilic
65150,Celeste Wilder
65155,Skyler Johansson
65170,Xander Giannis
65228,Jamie Silva
65236,Umar Fernandez
65284,Taylor Nowak
65301,Sami Larsen
65302,Orla Quiroga
65311,Fiora Abara
65317,Zola Farhat
65343,Remy Novak
65346,Theo Adebayo
65349,Drew Osei
65365,Avery Ortiz
65376,Petra Ramirez
65385,Riley Dahl
65392,Theo Zeleny
65404,Gideon Vukovic
65427,Finley Castillo
65465,Aria Kobayashi
65514,Uma Martinez
65521,Elliot Ekstrom
65534,Kian Nakamura
65538,Giana Farah
65554,Morgan Iyer
65606,Coral Farah
65611,Talia Johansson
65646,Cameron Carvalho
65659,Zola Adebayo
65686,Giana Berg
65714,Hugo Falk
65740,Soren Umeh
65750,Beau Santos
65758,Ilan Zamora
65790,Drew Ekwueme
65791,Rowan Barros
65803,Fiora Toivonen
65812,Darius Ueda
65821,Dakota Suzuki
65831,Riley Zamora
65834,Avery Ekstrom
65841,Devon Johansson
65858,Aria Sato
65868,Nina Ekwueme
65883,Frankie Vukovic
65901,Devon Herrera
65907,Felipe Wojcik
65939,Roux Nowak
65964,Orla Tran
65981,Wren Gorski
65992,Wren Bianchi
66005,Halle Ostrowski
66020,Zane Ramirez
66031,Talia Correa
66057,Roux Ximenes
66125,Qadir Fernandez
66141,Indigo Berg
66167,Avery Farhat
66173,Kendall Hernandez
66186,Nadia Wilder
66214,Rowan Mensah
66244,Esme Nowak
66268,Greta Pham
66277,Alex Ximenes
66286,Roux Farhat
66315,Celeste Ramirez
66327,Luna Osei
66328,Hayden Andersson
66332,Beau Martinez
66353,Niko Lindqvist
66366,Selena Kobayashi
66390,Taylor Reyes
66401,Drew Santos
66413,Kian Lindqvist
66424,Hayden Petrov
66440,Casey Nowak
66523,Selena Martinez
66541,Nadia Haddad
66562,Estelle Zamora
66581,Niko Toivonen
66604,Fiora Kowalski
66626,Soren Papadopoulos
66657,Parker Silva
66708,Devon Guo
66713,Kendall Aoki
66746,Petra Dahl
66750,Petra Dubois
66764,Alex Mbeki
66789,Dakota Kaur
66865,Alex Suzuki
66890,Skyler Larsen
66926,Alex Correa
66934,Bailey Ramirez
66937,Reese Ekwueme
66948,Noel Larsen
66972,Viggo Carvalho
66986,Jesse Hernandez
66999,Ivan Kobayashi
67004,Quincy Chen
67020,Harper Barros
67024,Luna Mbeki
67037,Orla Valdez
67050,Jesse Jaramillo
67074,Priya Barros
67117,Taylor Mensah
67144,Finley Nguyen
67157,Alex Lindqvist
67173,Adrian Bianchi
67192,Quinn Weber
67196,Ilan Adebayo
67213,Jesse Rossi
67243,Parker Hoang
67244,Lena Castillo
67279,Jamie Novak
67349,Gideon Ortiz
67415,Bram Qureshi
67416,Adrian Ostrowski
67454,Nadia Pham
67456,Mateo Wojcik
67480,Denny Gorski
67488,Remy Ramirez
67491,Harper Zamora
67572,Wren Ortiz
67600,Tara Leung
67651,Alex Farah
67673,Selena Ueda
67676,Hugo Lindqvist
67695,Luna Ostrowski
67700,Casey Zhang
67740,Morgan Ueda
67765,Drew Singh
67798,Adrian Tanaka
67799,Pia Ekstrom
67861,Petra Rossi
67878,Pia Rivera
67883,Jordan Ostrowski
67906,Kiran Reyes
67919,Noel Baptiste
67938,Ilan Patel
67940,Viggo Pham
67966,Viggo Kowalski
68002,Devon Alvarez
68011,Greta Mbeki
68021,Peyton Castillo
68047,Yara Aoki
68048,Rosa Herrera
68072,Finley Fernandez
68086,Qadir Guo
68114,Remy Ortiz
68131,Logan Farah
68147,Felix Tanaka
68169,Quinn Chen
68172,Adrian Abara
68180,Mateo Bianchi
68205,Rosa Silva
68206,Soren Jaramillo
68207,Avery Suzuki
68220,Shawn Delgado
68230,Pia Duarte
68257,Petra Moreau
68275,Denny Baptiste
68285,Anwen Berg
68299,Soren Cohen
68318,Pia Giannis
68333,Bailey Tanaka
68338,Marcus Ueda
68362,Pia Kim
68394,Ilan Jovanovic
68404,Sage Suzuki
68502,Bodhi Patel
68514,Yara Abara
68567,Willa Mbeki
68578,Nadia Suzuki
68642,Hana Ekwueme
68649,Uma Ramirez
68673,Rosa Rivera
68695,Wren Moreau
68716,Orla Petrov
68770,Yara Fernandez
68778,Hayden Martinez
68804,Elliot Correa
68828,Quinn Baptiste
68849,Koa Nowak
68878,Felix Ekwueme
68890,Casey Abara
68919,Quill Lund
68941,Dakota Papadopoulos
68953,Petra Gorski
68957,Ravi Ramirez
69008,Nina Fernandez
69029,Esme Lindqvist
69030,Kian Qureshi
69058,Dakota Jovanovic
69123,Rosa Kallas
69125,Remy Ekstrom
69153,Yara Jaramillo
69169,Ines Hernandez
69185,Roux Barros
69289,Charlie Mensah
69291,Beau Suzuki
69315,Celeste Weber
69335,Priya Santos
69395,Wren Aoki
69398,Elio Adebayo
69404,Peyton Kowalski
69423,Soren Baptiste
69424,Estelle Valdez
69431,Casey Barros
69435,Selena Carvalho
69461,Gray Mensah
69497,Rosa Yamamoto
69523,Junia Correa
69529,Jordan Andersson
69571,Uma Nakamura
69576,Logan Cohen
69578,Omar Ximenes
69605,Kai Castillo
69608,Shawn Qureshi
69632,Fiora Andersson
69647,Finley Singh
69652,Willa Bianchi
69687,Nina Kobayashi
69691,Darius Dahl
69708,Harper Dahl
69742,Ravi Nowak
69778,Taylor Zhang
69787,Devon Gorski
69792,Ximena Andersson
69811,Reese Chen
69840,Remy Iyer
69851,Kian Alvarez
69894,Wren Pham
69908,Harper Silva
69914,Petra Kallas
69916,Coral Duarte
69918,Jordan Falk
69928,Hugo Tanaka
69933,Fiora Ramirez
69944,Kendall Patel
69957,Xander Ekwueme
69960,Gray Martinez
69966,Kian Herrera
69973,Felix Sato
69977,Jasper Kowalski
70010,Yusuf Barros
70031,Bailey Ostrowski
70037,Emerson Chen
70045,Selena Fernandez
70049,Alex Ostrowski
70051,Riley Santos
70053,Dakota Umeh
70092,Darius Andersson
70130,Viggo Aoki
70145,Koa Okafor
70165,Bailey Ortiz
70169,Noel Okafor
70176,Qadir Nakamura
70179,Darius Okafor
70268,Bram Castillo
70271,Maren Santos
70274,Selena Lund
70279,Fiora Farah
70286,Indigo Kim
70294,Reese Bianchi
70324,Zola Martinez
70328,Taylor Johansson
70329,Roux Novak
70338,Devon Leung
70361,Darius Barros
70393,Qadir Vukovic
70401,Shawn Baptiste
70416,Micah Dahl
70455,Vera Hernandez
70467,Umar Correa
70558,Elio Ilic
70590,Maren Jaramillo
70597,Hana Dubois
70606,Petra Osei
70616,Xander Wojcik
70636,Marcus Costa
70678,Clara Ueda
70716,Remy Suzuki
70739,Noel Ekstrom
70745,Elio Leung
70789,Giana Novak
70817,Aria Fernandez
70858,Ilan Qureshi
70916,Taylor Rivera
70941,Petra Vukovic
70971,Charlie Larsen
71005,Noel Ueda
71030,Ilan Guo
71080,Kendall Ilic
71097,Mateo Santos
71179,Quill Jaramillo
71186,Taylor Adebayo
71205,Ravi Fernandez
71231,Yara Silva
71233,Dante Papadopoulos
71256,Micah Okafor
71275,Yara Farah
71276,Emerson Rossi
71292,Casey Ortiz
71293,Quill Petrov
71298,Ivan Martinez
71319,Cameron Correa
71350,Denny Silva
71351,Fiora Falk
71356,Roux Kowalski
71403,Felipe Yildiz
71451,Dakota Ibarra
71460,Taylor Kallas
71533,Orla Vukovic
71535,Casey Jansen
71545,Priya Jaramillo
71547,Koa Wilder
71577,Gideon Okafor
71600,Marcus Chen
71624,Quinn Kim
71645,Finley Nowak
71672,Jamie Iyer
71683,Dakota Reyes
71710,Jesse Herrera
71714,Willa Ramirez
71723,Kiran Toivonen
71748,Clara Suzuki
71758,Eden Dubois
71783,Anwen Reyes
71790,Xander Okafor
71813,Mateo Singh
71839,Adrian Giannis
71862,Remy Andersson
71869,Greta Tran
71886,Morgan Quiroga
71893,Kiran Kallas
71919,Roux Ueda
71992,Marcus Larsen
72000,Dante Kaur
72009,Cameron Hernandez
72011,Mateo Dubois
72045,Ines Chen
72069,Adrian Weber
72130,Coral Rivera
72137,Ximena Reyes
72179,Estelle Santos
72206,Marcus Farah
72210,Emerson Delgado
72211,Adrian Haddad
72222,Adrian Osei
72239,Hugo Andersson
72241,Noel Nguyen
72265,Darius Vukovic
72276,Kian Valdez
72315,Nadia Adebayo
72337,Adrian Andersson
72356,Shawn Bianchi
72360,Greta Esposito
72364,Petra Wilder
72406,Giana Pham
72437,Soren Esposito
72445,Noel Bianchi
72486,Anwen Toivonen
72503,Emerson Esposito
72536,Estelle Correa
72543,Finley Quiroga
72566,Bram Costa
72612,Felix Kowalski
72624,Harper Alvarez
72644,Frankie Kowalski
72649,Pia Correa
72675,Estelle Barros
72683,Alex Abara
72722,Oscar Lund
72729,Orla Haddad
72796,Clara Iyer
72831,Sage Cohen
72861,Giana Patel
72873,Elio Martinez
72875,Aria Adebayo
72914,Remy Esposito
72925,Parker Valdez
72934,Devon Jaramillo
72976,Coral Okafor
73018,Emerson Yildiz
73033,Jasper Jovanovic
73092,Umar Castillo
73106,Felix Papadopoulos
73108,Avery Aoki
73146,Zola Pham
73166,Rosa Petrov
73223,Selena Ostrowski
73229,Logan Zhang
73238,Riley Yilmaz
73248,Mateo Farhat
73266,Kiran Martinez
73268,Charlie Jansen
73300,Selena Weber
73353,Charlie Farah
73355,Yara Zeleny
73360,Petra Sato
73371,Oscar Rossi
73378,Casey Delgado
73401,Indigo Moreau
73451,Theo Lund
73463,Morgan Zhang
73492,Kai Farah
73542,Micah Leung
73568,Aria Yilmaz
73585,Felipe Osei
73601,Casey Weber
73604,Hugo Chen
73617,Adrian Esposito
73639,Reese Farhat
73670,Casey Cohen
73717,Sami Valdez
73723,Devon Kim
73771,Clara Leung
73802,Umar Ortiz
73804,Coral Yamamoto
73824,Selena Rossi
73826,Yusuf Pham
73829,Aria Nguyen
73875,Morgan Martinez
73883,Yara Delgado
73903,Ilan Jaramillo
73904,Micah Duarte
73909,Esme Barros
73911,Riley Martinez
73915,Zola Weber
73936,Koa Xiong
73938,Taylor Nakamura
73949,Kian Reyes
73963,Willa Kowalski
73982,Avery Ximenes
74039,Yusuf Silva
74060,Quinn Iyer
74066,Orla Yamamoto
74077,Yara Farhat
74079,Omar Rossi
74097,Selena Silva
74109,Charlie Zeleny
74128,Jasper Berg
74130,Uma Guo
74166,Oscar Kobayashi
74171,Giana Costa
74183,Finley Okafor
74196,Sage Xiong
74207,Cameron Osei
74234,Jesse Tanaka
74251,Esme Dahl
74283,Darius Fernandez
74295,Dante Tran
74319,Skyler Kim
74323,Jasper Delgado
74343,Quinn Suzuki
74402,Rosa Martinez
74408,Bodhi Ramirez
74429,Finley Hernandez
74430,Yara Esposito
74453,Alex Nowak
74497,Clara Kowalski
74505,Peyton Dahl
74507,Darius Sato
74517,Jasper Larsen
74532,Kai Aoki
74538,Xander Lindqvist
74541,Marcus Farhat
74555,Felipe Wilder
74567,Skyler Kaur
74571,Viggo Rossi
74578,Eden Vukovic
74598,Amara Aoki
74608,Harper Delgado
74620,Giana Santos
74644,Junia Delgado
74652,Micah Jovanovic
74674,Greta Nowak
74794,Kai Toivonen
74795,Yusuf Rivera
74808,Estelle Xiong
74844,Niko Vukovic
74864,Casey Dahl
74882,Quill Haddad
74905,Shawn Ibarra
74906,Bram Leung
74917,Willa Berg
74972,Zane Herrera
75007,Adrian Baptiste
75079,Peyton Rivera
75080,Riley Kim
75082,Finley Yamamoto
75088,Hayden Alvarez
75090,Nina Martinez
75111,Qadir Okafor
75154,Maren Singh
75157,Parker Duarte
75179,Greta Kaur
75220,Avery Leung
75249,Clara Correa
75251,Soren Jansen
75255,Zola Hernandez
75261,Tara Aoki
75309,Hana Yilmaz
75322,Oscar Farhat
75344,Rowan Jaramillo
75351,Viggo Toivonen
75352,Viggo Adebayo
75373,Casey Kobayashi
75396,Kai Lindqvist
75470,Jolene Okafor
75477,Denny Hernandez
75491,Noel Valdez
75494,Tara Bianchi
75496,Qadir Ibarra
75508,Rowan Duarte
75551,Hugo Suzuki
75558,Halle Dubois
75571,Koa Esposito
75582,Lena Reyes
75589,Frankie Kaur
75625,Amara Kallas
75634,Jesse Nguyen
75665,Uma Ximenes
75669,Soren Falk
75696,Quinn Osei
75756,Kian Fernandez
75764,Gideon Qureshi
75791,Estelle Novak
75822,Wren Guo
75823,Jamie Vukovic
75830,Kiran Osei
75868,Aria Kim
75876,Jolene Hernandez
76001,Theo Iyer
76017,Beau Ximenes
76019,Denny Ueda
76029,Skyler Santos
76116,Hugo Abara
76151,Reese Larsen
76154,Harper Andersson
76163,Theo Ramirez
76184,Hugo Adebayo
76223,Nina Lund
76250,Willa Fernandez
76267,Selena Nowak
76299,Zane Hoang
76303,Rowan Rossi
76334,Logan Aoki
76358,Nina Yildiz
76359,Jamie Nowak
76386,Micah Bianchi
76419,Esme Correa
76448,Qadir Zeleny
76453,Devon Larsen
76456,Elliot Nguyen
76463,Morgan Zamora
76474,Omar Mensah
76485,Indigo Barros
76504,Remy Okafor
76508,Willa Yamamoto
76515,Gray Patel
76526,Gray Weber
76531,Ximena Kallas
76549,Riley Umeh
76570,Tara Weber
76584,Riley Chen
76587,Logan Nakamura
76611,Jasper Guo
76612,Devon Suzuki
76629,Kiran Ibarra
76630,Dakota Ortiz
76662,Quill Vukovic
76674,Kiran Andersson
76679,Bram Jaramillo
76681,Micah Ibarra
76687,Cameron Novak
76701,Quill Umeh
76710,Talia Bianchi
76724,Greta Kowalski
76750,Nadia Correa
76770,Oscar Tran
76798,Celeste Nakamura
76824,Aria Dahl
76827,Micah Iyer
76836,Casey Chen
76852,Harper Rivera
76860,Ravi Sato
76870,Hugo Sato
76875,Lena Yamamoto
76925,Ilan Jansen
76979,Petra Papadopoulos
77000,Mateo Patel
77021,Quinn Herrera
77051,Jesse Yilmaz
77093,Yusuf Bianchi
77139,Talia Ramirez
77175,Willa Johansson
77218,Drew Herrera
77236,Sage Haddad
77237,Adrian Aoki
77267,Yusuf Yamamoto
77320,Vera Zhang
77321,Aria Ortiz
77379,Bailey Moreau
77398,Qadir Ilic
77416,Halle Nakamura
77460,Maren Bianchi
77499,Jordan Berg
77506,Jordan Duarte
77507,Lior Herrera
77508,Zane Lund
77512,Yara Mbeki
77527,Coral Iyer
77536,Giana Mbeki
77552,Theo Hoang
77555,Dakota Castillo
77578,Taylor Tanaka
77581,Kai Berg
77588,Niko Papadopoulos
77591,Priya Delgado
77602,Eden Zhang
77618,Ivan Iyer
77649,Koa Silva
77654,Clara Rossi
77657,Kai Bianchi
77713,Eden Silva
77714,Beau Weber
77718,Quill Castillo
77828,Dakota Wilder
77855,Reese Wojcik
77869,Micah Lund
77873,Parker Adebayo
77875,Orla Larsen
77896,Vera Vukovic
77900,Elliot Novak
77948,Yusuf Jovanovic
77998,Jesse Chen
78018,Devon Farhat
78031,Lior Kallas
78057,Gideon Giannis
78062,Celeste Gorski
78066,Ivan Bianchi
78081,Drew Kallas
78090,Harper Ostrowski
78093,Peyton Lund
78117,Umar Reyes
78138,Roux Wojcik
78149,Talia Sato
78159,Beau Dahl
78203,Priya Kowalski
78211,Bram Mensah
78241,Felipe Umeh
78244,Giana Yildiz
78246,Estelle Cohen
78273,Kian Hernandez
78280,Lior Pham
78290,Gray Hernandez
78298,Bodhi Lindqvist
78307,Blake Qureshi
78308,Riley Duarte
78411,Kiran Delgado
78414,Dakota Farhat
78438,Kai Yildiz
78473,Ivan Kowalski
78475,Vera Kobayashi
78480,Casey Osei
78530,Yusuf Wilder
78543,Willa Gorski
78544,Fiora Umeh
78552,Willa Ibarra
78579,Harper Tanaka
78598,Kiran Jaramillo
78602,Logan Rivera
78616,Tara Zhang
78620,Morgan Fernandez
78623,Coral Singh
78643,Qadir Sato
78710,Wren Dubois
78713,Hugo Kowalski
78729,Beau Falk
78743,Mateo Iyer
78779,Lena Valdez
78784,Remy Ibarra
78805,Darius Falk
78842,Soren Yamamoto
78843,Bailey Kaur
78849,Finley Nakamura
78851,Uma Giannis
78852,Blake Zeleny
78870,Charlie Silva
78897,Bodhi Barros
78941,Riley Singh
78952,Junia Xiong
78982,Omar Dubois
78992,Pia Moreau
79000,Nadia Valdez
79019,Ravi Reyes
79045,Ines Ostrowski
79095,Devon Ramirez
79161,Gray Giannis
79162,Micah Ostrowski
79169,Dakota Tran
79175,Yara Okafor
79180,Roux Andersson
79201,Dakota Correa
79203,Casey Bianchi
79232,Maren Okafor
79259,Celeste Sato
79281,Hana Valdez
79311,Qadir Jovanovic
79352,Anwen Farah
79376,Luna Adebayo
79381,Jolene Berg
79382,Pia Farah
79384,Omar Jovanovic
79435,Ravi Dubois
79442,Roux Kaur
79489,Avery Kim
79544,Uma Zhang
79557,Bram Novak
79571,Umar Ramirez
79576,Jamie Wilder
79595,Lior Zeleny
79596,Amara Kim
79613,Jordan Aoki
79626,Felipe Vukovic
79640,Soren Leung
79643,Kiran Kobayashi
79652,Quinn Ekwueme
79666,Kian Rivera
79670,Jolene Esposito
79677,Petra Zeleny
79678,Charlie Martinez
79687,Ravi Haddad
79689,Kian Kobayashi
79699,Yusuf Ibarra
79709,Celeste Toivonen
79711,Alex Jaramillo
79758,Theo Dahl
79766,Clara Nakamura
79776,Talia Kallas
79793,Orla Papadopoulos
79807,Micah Ramirez
79829,Blake Jaramillo
79856,Remy Duarte
79880,Riley Esposito
79910,Felix Ximenes
79945,Rowan Abara
79967,Adrian Alvarez
79970,Theo Chen
79975,Greta Leung
79982,Fiora Chen
80019,Koa Valdez
80023,Hayden Abara
80065,Qadir Reyes
80077,Drew Ekstrom
80078,Luna Duarte
80119,Vera Herrera
80122,Maren Ibarra
80170,Harper Dubois
80177,Oscar Ostrowski
80196,Theo Andersson
80234,Lior Martinez
80239,Giana Baptiste
80241,Jordan Gorski
80247,Halle Farah
80252,Adrian Vukovic
80263,Quill Johansson
80265,Ivan Petrov
80275,Marcus Hernandez
80317,Jasper Ekwueme
80328,Uma Umeh
80334,Amara Farhat
80370,Riley Weber
80407,Bodhi Yamamoto
80446,Hayden Jovanovic
80458,Selena Hoang
80467,Celeste Rivera
80480,Denny Farah
80484,Jordan Barros
80511,Viggo Okafor
80533,Avery Giannis
80568,Yusuf Zhang
80571,Lior Guo
80575,Bodhi Lund
80586,Parker Quiroga
80587,Shawn Falk
80597,Jordan Reyes
80598,Petra Kim
80647,Priya Chen
80749,Remy Papadopoulos
80755,Denny Lund
80780,Anwen Umeh
80797,Esme Rivera
80811,Remy Herrera
80812,Indigo Yilmaz
80836,Adrian Sato
80847,Esme Costa
80863,Elio Kim
80900,Talia Weber
80914,Kian Ortiz
80935,Hugo Patel
80946,Felipe Dubois
80948,Hayden Moreau
80974,Rosa Papadopoulos
80976,Clara Hoang
81017,Jamie Ortiz
81044,Tara Rivera
81053,Lena Costa
81068,Frankie Dubois
81124,Morgan Farah
81125,Casey Wojcik
81132,Niko Okafor
81145,Coral Osei
81159,Marcus Moreau
81176,Casey Ueda
81197,Elliot Farah
81207,Jordan Martinez
81210,Mateo Correa
81215,Esme Ramirez
81216,Peyton Giannis
81269,Roux Farah
81329,Umar Ekstrom
81340,Uma Pham
81356,Greta Gorski
81403,Marcus Yamamoto
81484,Pia Guo
81509,Charlie Iyer
81566,Orla Castillo
81578,Sami Ostrowski
81593,Koa Mensah
81612,Ivan Silva
81662,Lior Reyes
81672,Luna Leung
81688,Lior Suzuki
81694,Nadia Xiong
81711,Harper Zeleny
81716,Theo Yamamoto
81751,Elliot Qureshi
81769,Gideon Ekstrom
81783,Beau Tanaka
81804,Bodhi Iyer
81823,Orla Yilmaz
81831,Elio Andersson
81867,Clara Farhat
81896,Halle Suzuki
81942,Marcus Martinez
81953,Drew Xiong
81969,Yusuf Yildiz
81978,Umar Yamamoto
81983,Bailey Delgado
82004,Micah Kobayashi
82018,Ximena Toivonen
82047,Denny Ekwueme
82126,Yara Valdez
82138,Ilan Cohen
82139,Dakota Toivonen
82141,Dante Andersson
82166,Jamie Wojcik
82177,Blake Quiroga
82187,Bailey Petrov
82198,Noel Silva
82211,Ilan Wojcik
82213,Micah Tran
82231,Ines Suzuki
82286,Peyton Patel
82304,Lior Kobayashi
82312,Ximena Larsen
82314,Drew Cohen
82330,Yusuf Dahl
82339,Anwen Ramirez
82342,Oscar Baptiste
82380,Tara Ueda
82388,Quinn Xiong
82392,Jasper Toivonen
82450,Nina Santos
82463,Quill Ramirez
82482,Pia Johansson
82484,Anwen Santos
82524,Riley Vukovic
82541,Alex Zhang
82551,Anwen Vukovic
82592,Beau Ilic
82637,Dante Costa
82680,Xander Yamamoto
82702,Dakota Leung
82727,Theo Giannis
82730,Micah Andersson
82788,Casey Farah
82801,Marcus Correa
82836,Ilan Xiong
82852,Sage Toivonen
82860,Noel Lund
82916,Gideon Barros
82917,Pia Jovanovic
82918,Kendall Hoang
82931,Hugo Giannis
82940,Coral Valdez
82955,Noel Santos
82979,Morgan Ortiz
82984,Kendall Zeleny
82994,Rowan Ilic
82997,Zola Valdez
82999,Nadia Lindqvist
83015,Celeste Herrera
83022,Yusuf Berg
83025,Riley Ilic
83035,Halle Martinez
83048,Celeste Petrov
83059,Jamie Osei
83073,Anwen Mensah
83077,Dante Ekstrom
83093,Marcus Esposito
83094,Yusuf Carvalho
83140,Aria Rossi
83168,Riley Osei
83214,Felix Mensah
83219,Ximena Nakamura
83384,Zola Kallas
83426,Tara Yamamoto
83441,Wren Rossi
83446,Frankie Ostrowski
83507,Blake Giannis
83508,Bailey Baptiste
83574,Felipe Larsen
83577,Vera Zeleny
83598,Xander Dahl
83696,Roux Suzuki
83780,Dakota Okafor
83787,Roux Valdez
83793,Kendall Santos
83811,Finley Chen
83814,Jordan Alvarez
83842,Zola Novak
83845,Kendall Okafor
83847,Hugo Correa
83854,Lena Suzuki
83855,Micah Herrera
83945,Nina Tanaka
83990,Yara Pham
83994,Elliot Haddad
83998,Charlie Falk
84016,Gray Dahl
84020,Jasper Tran
84046,Junia Jovanovic
84056,Amara Johansson
84059,Ximena Ekwueme
84076,Celeste Iyer
84086,Frankie Tran
84146,Finley Jaramillo
84158,Theo Tanaka
84166,Oscar Mbeki
84172,Selena Patel
84238,Micah Lindqvist
84293,Ximena Okafor
84332,Charlie Reyes
84393,Pia Kowalski
84407,Sage Zamora
84421,Talia Chen
84424,Ines Kobayashi
84433,Kendall Vukovic
84440,Marcus Qureshi
84456,Sage Ekwueme
84470,Nadia Chen
84516,Alex Valdez
84533,Beau Ekwueme
84552,Zane Chen
84556,Gray Okafor
84569,Anwen Ibarra
84643,Elio Nguyen
84654,Sage Qureshi
84658,Uma Petrov
84669,Orla Toivonen
84692,Dante Chen
84743,Selena Valdez
84752,Jolene Andersson
84758,Roux Chen
84763,Casey Tanaka
84776,Roux Jansen
84822,Umar Kobayashi
84900,Taylor Kaur
84925,Viggo Farah
84927,Peyton Novak
84934,Fiora Kobayashi
84996,Ines Ekstrom
84997,Shawn Kim
85011,Denny Zamora
85015,Gray Zamora
85034,Elio Suzuki
85036,Dakota Rivera
85115,Koa Reyes
85121,Sami Carvalho
85131,Elliot Quiroga
85153,Theo Nowak
85172,Halle Reyes
85185,Jasper Iyer
85217,Bailey Valdez
85228,Quill Reyes
85240,Wren Andersson
85243,Hana Correa
85253,Pia Xiong
85254,Jesse Tran
85264,Logan Ekwueme
85291,Ravi Ortiz
85298,Hayden Mensah
85326,Theo Baptiste
85429,Felix Rossi
85443,Giana Farhat
85447,Nina Ostrowski
85467,Sami Farah
85505,Jasper Kallas
85558,Jasper Ximenes
85590,Zane Wojcik
85594,Nina Reyes
85598,Ilan Reyes
85605,Quincy Lund
85613,Niko Chen
85635,Kiran Novak
85675,Yara Costa
85705,Zane Pham
85709,Zola Rossi
85710,Micah Petrov
85722,Zane Delgado
85733,Reese Kobayashi
85755,Uma Abara
85757,Halle Ekwueme
85759,Xander Pham
85798,Qadir Ekstrom
85805,Noel Petrov
85813,Bailey Herrera
85821,Gray Lund
85831,Cameron Falk
85844,Mateo Nowak
85859,Peyton Ekstrom
85860,Niko Haddad
85901,Elio Reyes
85908,Ilan Vukovic
85914,Micah Haddad
85927,Anwen Larsen
85930,Ravi Jansen
85937,Dante Lund
85956,Estelle Ibarra
85975,Gideon Martinez
85977,Rowan Correa
85983,Jasper Zamora
86004,Yara Singh
86014,Blake Pham
86031,Tara Ostrowski
86042,Morgan Nowak
86066,Ravi Kaur
86072,Gray Iyer
86113,Nina Zamora
86149,Giana Reyes
86164,Bailey Suzuki
86183,Lena Silva
86187,Hugo Leung
86192,Greta Nguyen
86233,Shawn Weber
86242,Finley Tran
86298,Niko Rivera
86308,Felipe Yilmaz
86339,Uma Rossi
86340,Oscar Zamora
86357,Vera Weber
86413,Marcus Bianchi
86427,Kai Ximenes
86462,Harper Patel
86489,Ines Toivonen
86546,Gideon Nguyen
86563,Hayden Rivera
86572,Nina Abara
86580,Elliot Ueda
86595,Micah Correa
86620,Jolene Ueda
86625,Gray Wojcik
86629,Kiran Ximenes
86642,Felix Hoang
86654,Ilan Mbeki
86686,Casey Falk
86698,Parker Gorski
86719,Oscar Yilmaz
86723,Marcus Adebayo
86737,Quill Zeleny
86742,Casey Patel
86745,Bailey Nguyen
86749,Finley Larsen
86759,Qadir Yilmaz
86765,Noel Correa
86770,Kian Duarte
86788,Umar Zamora
86800,Luna Jansen
86828,Bodhi Ibarra
86844,Sage Weber
86848,Blake Costa
86870,Zola Falk
86930,Esme Mensah
86931,Dakota Farah
86942,Koa Zhang
86953,Mateo Barros
87100,Eden Ostrowski
87116,Felipe Nowak
87152,Hugo Nakamura
87168,Oscar Lindqvist
87177,Halle Aoki
87186,Omar Xiong
87214,Celeste Ortiz
87235,Tara Quiroga
87262,Rowan Iyer
87332,Hana Kobayashi
87334,Sami Adebayo
87361,Amara Costa
87375,Hana Rivera
87394,Vera Chen
87451,Parker Herrera
87461,Clara Herrera
87477,Luna Jovanovic
87502,Giana Kowalski
87507,Jordan Singh
87511,Hana Costa
87530,Nina Qureshi
87551,Shawn Kowalski
87556,Kai Haddad
87573,Pia Alvarez
87604,Orla Qureshi
87618,Junia Valdez
87639,Coral Tran
87657,Hayden Kim
87688,Jasper Santos
87705,Denny Costa
87713,Felipe Kaur
87714,Reese Ramirez
87735,Harper Yildiz
87737,Sage Ilic
87772,Morgan Mensah
87804,Dakota Falk
87869,Shawn Larsen
87879,Petra Andersson
87907,Jolene Mbeki
87918,Elio Moreau
87932,Lior Nguyen
87952,Qadir Falk
87996,Dakota Chen
88046,Quincy Falk
88090,Shawn Nguyen
88102,Adrian Umeh
88107,Felix Santos
88110,Peyton Nowak
88182,Hugo Osei
88230,Quinn Quiroga
88250,Avery Umeh
88261,Felipe Jovanovic
88299,Elliot Aoki
88367,Jordan Correa
88430,Dante Carvalho
88432,Rosa Moreau
88435,Dakota Quiroga
88436,Dante Ueda
88439,Sage Papadopoulos
88455,Talia Costa
88469,Lior Ekwueme
88491,Yusuf Costa
88516,Umar Berg
88536,Charlie Okafor
88537,Taylor Andersson
88539,Clara Baptiste
88556,Darius Papadopoulos
88600,Riley Wilder
88662,Quill Silva
88703,Oscar Haddad
88766,Quincy Papadopoulos
88769,Kendall Guo
88790,Hayden Cohen
88797,Nina Costa
88813,Hugo Castillo
88852,Alex Kallas
88894,Charlie Ilic
88904,Micah Ekwueme
88910,Bodhi Gorski
88917,Jolene Moreau
88973,Jamie Cohen
89009,Logan Baptiste
89013,Quinn Farhat
89025,Devon Mensah
89091,Theo Okafor
89115,Gideon Costa
89147,Charlie Correa
89173,Zola Correa
89180,Clara Valdez
89228,Ilan Petrov
89241,Elio Ekstrom
89273,Ivan Alvarez
89286,Riley Johansson
89295,Bodhi Mbeki
89308,Noel Novak
89383,Mateo Delgado
89394,Viggo Chen
89419,Rowan Leung
89427,Priya Nowak
89457,Micah Esposito
89464,Aria Esposito
89497,Aria Jansen
89538,Ravi Yilmaz
89564,Morgan Gorski
89593,Ravi Xiong
89634,Sage Duarte
89646,Zane Tran
89654,Celeste Ibarra
89655,Pia Zeleny
89663,Remy Mbeki
89679,Taylor Carvalho
89721,Koa Leung
89728,Ravi Larsen
89750,Bram Carvalho
89795,Ines Hoang
89806,Celeste Mbeki
89816,Bram Falk
89829,Felix Fernandez
89871,Koa Abara
89882,Rosa Correa
89900,Rosa Suzuki
89918,Lena Mensah
89943,Qadir Andersson
89945,Felix Haddad
89971,Greta Cohen
89976,Niko Duarte
90050,Selena Petrov
90061,Remy Farah
90067,Logan Ximenes
90079,Yusuf Correa
90102,Reese Zeleny
90123,Sami Herrera
90128,Hayden Kaur
90137,Ivan Dubois
90192,Oscar Xiong
90234,Morgan Costa
90243,Gideon Jansen
90257,Estelle Dubois
90295,Marcus Petrov
90326,Alex Alvarez
90353,Jolene Aoki
90358,Bram Yildiz
90368,Nina Okafor
90412,Umar Zeleny
90416,Charlie Wojcik
90434,Wren Leung
90441,Bram Haddad
90485,Micah Mensah
90487,Marcus Dahl
90492,Zane Dubois
90500,Finley Yilmaz
90501,Soren Hoang
90508,Qadir Ekwueme
90579,Viggo Ramirez
90593,Quincy Kim
90607,Avery Sato
90625,Bailey Barros
90666,Shawn Reyes
90683,Blake Patel
90687,Dante Giannis
90691,Blake Esposito
90695,Devon Martinez
90761,Frankie Abara
90779,Indigo Herrera
90785,Hana Guo
90812,Dakota Xiong
90854,Finley Delgado
90868,Willa Patel
90932,Oscar Singh
90965,Jamie Gorski
90969,Drew Ortiz
91040,Ilan Baptiste
91052,Ines Moreau
91056,Luna Ekstrom
91071,Maren Toivonen
91116,Estelle Ortiz
91163,Quill Iyer
91176,Sami Zamora
91308,Harper Wojcik
91315,Remy Lund
91317,Qadir Abara
91338,Avery Zhang
91340,Ines Alvarez
91366,Ines Patel
91387,Tara Abara
91400,Pia Gorski
91401,Finley Ueda
91430,Beau Gorski
91434,Roux Wilder
91436,Noel Kim
91493,Niko Leung
91496,Maren Zhang
91499,Elio Toivonen
91519,Hayden Ortiz
91522,Shawn Tran
91534,Bodhi Delgado
91558,Fiora Patel
91560,Rosa Johansson
91571,Cameron Okafor
91597,Amara Nakamura
91598,Ines Rossi
91614,Nadia Yildiz
91630,Umar Ximenes
91639,Wren Johansson
91646,Quincy Rossi
91661,Hayden Tran
91712,Greta Singh
91750,Jasper Moreau
91761,Hugo Valdez
91771,Nina Zhang
91776,Darius Guo
91784,Greta Chen
91785,Roux Aoki
91806,Parker Kobayashi
91815,Bailey Yildiz
91831,Riley Tran
91880,Vera Sato
91883,Jasper Hoang
91895,Remy Kaur
91914,Lior Carvalho
91932,Celeste Leung
91933,Tara Rossi
91973,Remy Vukovic
91978,Morgan Correa
91985,Reese Kowalski
92001,Viggo Mbeki
92003,Marcus Yilmaz
92041,Halle Vukovic
92046,Nina Ueda
92056,Noel Osei
92060,Frankie Weber
92084,Kai Hoang
92091,Quincy Toivonen
92122,Halle Hoang
92128,Morgan Kaur
92175,Cameron Barros
92176,Quinn Farah
92186,Kendall Correa
92223,Pia Nowak
92241,Nadia Patel
92257,Lior Kim
92263,Skyler Papadopoulos
92273,Elliot Ilic
92288,Koa Ibarra
92316,Koa Zeleny
92329,Noel Reyes
92330,Petra Silva
92336,Kian Ximenes
92345,Dakota Giannis
92379,Charlie Jovanovic
92380,Jasper Wilder
92390,Harper Kaur
92435,Estelle Leung
92454,Beau Johansson
92495,Omar Santos
92536,Petra Santos
92552,Sami Xiong
92557,Selena Costa
92565,Zola Mensah
92663,Hana Baptiste
92717,Halle Ibarra
92727,Zane Mensah
92760,Darius Costa
92767,Orla Wojcik
92769,Shawn Duarte
92779,Junia Costa
92810,Emerson Silva
92834,Kai Andersson
92854,Hayden Barros
92856,Harper Lindqvist
92863,Ximena Suzuki
92865,Clara Patel
92929,Denny Wojcik
92950,Felix Jaramillo
92951,Aria Quiroga
92953,Quinn Ekstrom
92969,Talia Nguyen
92975,Oscar Hernandez
92985,Kian Zhang
93030,Denny Osei
93053,Frankie Hernandez
93067,Lior Vukovic
93074,Adrian Ximenes
93096,Fiora Singh
93111,Ivan Delgado
93116,Parker Rossi
93145,Felix Kaur
93171,Morgan Barros
93187,Omar Okafor
93220,Bram Vukovic
93246,Orla Falk
93248,Zola Berg
93254,Bodhi Farhat
93305,Jamie Tran
93418,Devon Toivonen
93424,Noel Ibarra
93451,Gray Dubois
93457,Alex Ekwueme
93475,Alex Berg
93494,Rosa Novak
93495,Oscar Wojcik
93515,Elliot Johansson
93537,Esme Ibarra
93589,Priya Quiroga
93615,Reese Nakamura
93679,Luna Alvarez
93711,Devon Carvalho
93712,Niko Weber
93717,Frankie Giannis
93719,Quincy Leung
93755,Bram Valdez
93756,Xander Wilder
93792,Indigo Lund
93809,Priya Falk
93847,Orla Nguyen
93855,Coral Abara
93874,Ines Singh
93885,Logan Abara
93889,Junia Ximenes
93913,Halle Kobayashi
93923,Taylor Farhat
93930,Elio Farah
93944,Marcus Lund
93965,Felix Silva
94001,Kai Ekstrom
94007,Felipe Martinez
94022,Charlie Esposito
94045,Oscar Leung
94118,Quincy Mbeki
94141,Elliot Larsen
94143,Theo Valdez
94144,Omar Aoki
94154,Sami Sato
94158,Omar Gorski
94173,Zane Valdez
94193,Nadia Mbeki
94219,Dakota Zamora
94239,Casey Papadopoulos
94242,Fiora Jaramillo
94292,Parker Costa
94298,Dakota Adebayo
94302,Hayden Ueda
94303,Taylor Duarte
94320,Jordan Vukovic
94334,Celeste Johansson
94338,Aria Singh
94352,Bailey Ekstrom
94375,Parker Dahl
94397,Lena Johansson
94409,Bodhi Tran
94411,Kai Esposito
94430,Parker Iyer
94464,Quinn Jaramillo
94468,Maren Mbeki
94470,Oscar Tanaka
94548,Reese Cohen
94553,Esme Sato
94575,Qadir Dahl
94613,Coral Zhang
94645,Kai Nakamura
94649,Drew Petrov
94650,Nadia Hoang
94661,Celeste Hoang
94666,Jolene Kobayashi
94672,Willa Ekwueme
94686,Denny Moreau
94690,Mateo Costa
94727,Zola Jaramillo
94751,Esme Martinez
94752,Amara Esposito
94787,Noel Costa
94799,Marcus Iyer
94807,Yusuf Ortiz
94821,Uma Nowak
94828,Luna Yildiz
94835,Rosa Singh
94836,Giana Zhang
94853,Greta Costa
94866,Drew Falk
94882,Nina Umeh
94937,Indigo Tanaka
95007,Darius Novak
95055,Bram Nguyen
95070,Esme Mbeki
95075,Willa Zamora
95117,Bailey Rivera
95133,Riley Guo
95194,Sami Cohen
95253,Marcus Patel
95331,Harper Zhang
95380,Riley Hoang
95391,Hugo Yilmaz
95399,Sage Baptiste
95403,Quinn Kowalski
95415,Umar Ilic
95436,Darius Johansson
95445,Vera Kim
95449,Amara Umeh
95455,Giana Gorski
95474,Ximena Correa
95499,Drew Ueda
95538,Luna Dubois
95570,Quill Baptiste
95600,Riley Bianchi
95634,Ximena Hernandez
95658,Ivan Lindqvist
95673,Theo Dubois
95726,Kai Farhat
95745,Petra Quiroga
95863,Dakota Baptiste
95886,Koa Sato
95902,Avery Costa
95924,Devon Falk
95975,Hugo Cohen
95985,Gideon Papadopoulos
95989,Harper Yilmaz
95990,Kiran Papadopoulos
95998,Ilan Nguyen
96091,Dakota Ilic
96104,Quill Guo
96109,Sage Ekstrom
96207,Gray Fernandez
96236,Bram Ilic
96265,Yusuf Gorski
96277,Riley Farhat
96278,Taylor Zeleny
96322,Riley Giannis
96325,Zola Vukovic
96331,Elio Xiong
96350,Aria Andersson
96353,Oscar Umeh
96356,Priya Valdez
96375,Fiora Quiroga
96408,Parker Zamora
96439,Bodhi Alvarez
96472,Selena Farhat
96492,Zola Lund
96495,Quinn Papadopoulos
96499,Sami Barros
96509,Rosa Jaramillo
96581,Remy Silva
96649,Orla Zamora
96673,Fiora Guo
96676,Jasper Alvarez
96765,Morgan Adebayo
96771,Avery Guo
96794,Frankie Jaramillo
96795,Quinn Ibarra
96801,Kendall Carvalho
96803,Maren Suzuki
96809,Micah Carvalho
96815,Willa Iyer
96818,Willa Petrov
96854,Giana Bianchi
96911,Elliot Chen
96913,Mateo Tran
96937,Jolene Carvalho
96972,Casey Nguyen
97017,Orla Johansson
97018,Emerson Ostrowski
97042,Blake Carvalho
97074,Esme Santos
97088,Jamie Farhat
97089,Beau Ibarra
97149,Estelle Okafor
97160,Logan Yilmaz
97180,Willa Moreau
97196,Blake Yamamoto
97206,Blake Ilic
97210,Eden Haddad
97273,Zane Novak
97302,Giana Ibarra
97333,Roux Lindqvist
97345,Morgan Leung
97378,Blake Ekstrom
97439,Celeste Silva
97452,Sami Mbeki
97462,Hugo Okafor
97491,Emerson Osei
97513,Luna Pham
97521,Sami Abara
97528,Willa Leung
97573,Harper Farah
97583,Devon Abara
97615,Ines Andersson
97644,Ivan Farhat
97673,Remy Dahl
97681,Hugo Guo
97692,Ilan Ostrowski
97773,Roux Ramirez
97784,Kian Wilder
97849,Darius Moreau
97896,Ravi Kowalski
97915,Felix Umeh
97948,Fiora Tran
97986,Umar Silva
97991,Willa Toivonen
97994,Celeste Mensah
97997,Skyler Novak
98001,Hana Hoang
98013,Xander Nakamura
98067,Zola Jansen
98078,Cameron Farah
98094,Celeste Jaramillo
98105,Willa Castillo
98227,Maren Vukovic
98308,Blake Kobayashi
98312,Quincy Reyes
98321,Drew Bianchi
98328,Harper Hernandez
98331,Mateo Baptiste
98334,Jamie Guo
98357,Jordan Umeh
98364,Darius Nakamura
98390,Taylor Yilmaz
98413,Bodhi Yildiz
98421,Giana Ramirez
98446,Junia Giannis
98455,Peyton Adebayo
98471,Petra Umeh
98475,Ivan Correa
98477,Drew Johansson
98489,Darius Farah
98491,Pia Andersson
98503,Ivan Ibarra
98508,Lena Kim
98520,Ravi Farah
98531,Qadir Kim
98547,Uma Lund
98552,Dante Barros
98623,Ravi Rossi
98632,Niko Aoki
98637,Theo Ilic
98638,Junia Leung
98662,Anwen Hoang
98680,Bram Zhang
98694,Jasper Zeleny
98726,Darius Giannis
98750,Coral Ilic
98753,Jamie Umeh
98755,Emerson Suzuki
98781,Peyton Wojcik
98816,Willa Barros
98847,Cameron Haddad
98873,Beau Kim
98908,Frankie Patel
98956,Kai Adebayo
98976,Morgan Nakamura
98992,Hayden Aoki
99003,Celeste Carvalho
99050,Qadir Qureshi
99090,Quincy Nguyen
99111,Darius Petrov
99142,Elliot Toivonen
99150,Sami Jansen
99163,Tara Delgado
99169,Qadir Bianchi
99170,Selena Yamamoto
99207,Reese Fernandez
99230,Hana Xiong
99277,Zane Tanaka
99302,Viggo Duarte
99308,Morgan Hernandez
99309,Ivan Baptiste
99325,Aria Chen
99342,Clara Rivera
99354,Dante Delgado
99408,Esme Andersson
99410,Maren Martinez
99435,Zane Ximenes
99450,Jesse Costa
99479,Charlie Dubois
99488,Reese Jovanovic
99506,Junia Hoang
99538,Pia Ximenes
99547,Sami Berg
99559,Luna Nowak
99575,Coral Kaur
99601,Luna Toivonen
99605,Mateo Lund
99611,Harper Yamamoto
99631,Roux Yildiz
99662,Riley Silva
99684,Avery Nguyen
99722,Nadia Tran
99726,Ilan Ilic
99760,Zola Singh
99774,Shawn Santos
99782,Skyler Duarte
99785,Peyton Ueda
99805,Ines Sato
99815,Aria Okafor
99843,Theo Suzuki
99874,Nina Andersson
99952,Rosa Zamora
99962,Hugo Silva
99999,Vera Delgado
100009,Quincy Yildiz
100049,Celeste Dahl
100081,Lior Quiroga
100141,Remy Reyes
100171,Noel Hoang
100177,Celeste Castillo
100196,Soren Zhang
100201,Taylor Jaramillo
100206,Omar Nguyen
100219,Roux Johansson
100230,Rosa Carvalho
100257,Greta Haddad
100260,Parker Patel
100263,Halle Correa
100264,Frankie Chen
100277,Giana Kobayashi
100286,Maren Adebayo
100304,Estelle Larsen
100320,Lena Hernandez
100345,Hana Ilic
100354,Junia Berg
100364,Elio Zeleny
100398,Ximena Zeleny
100400,Felix Kallas
100413,Mateo Leung
100419,Jasper Vukovic
100445,Ravi Delgado
100480,Elliot Ramirez
100510,Wren Barros
100533,Zane Lindqvist
100553,Umar Cohen
100568,Jordan Iyer
100577,Gideon Yamamoto
100587,Ravi Esposito
100621,Ines Nguyen
100636,Jesse Rivera
100642,Riley Baptiste
100682,Finley Zamora
100702,Finley Mbeki
100721,Quincy Kaur
100744,Uma Sato
100755,Marcus Novak
100766,Morgan Novak
100872,Casey Lund
100909,Clara Wojcik
100952,Vera Yamamoto
100955,Drew Silva
100956,Kiran Valdez
100970,Koa Yildiz
100991,Elliot Lund
100996,Remy Rossi
100997,Kendall Leung
101002,Ivan Jansen
101004,Bram Martinez
101009,Kian Esposito
101051,Devon Vukovic
101056,Wren Novak
101070,Micah Kaur
101084,Dakota Kowalski
101096,Ravi Berg
101116,Lior Papadopoulos
101142,Morgan Ibarra
101189,Finley Zeleny
101289,Darius Rivera
101304,Elio Wilder
101359,Viggo Tran
101385,Reese Farah
101411,Soren Novak
101415,Celeste Patel
101433,Quincy Johansson
101468,Halle Cohen
101470,Nina Cohen
101471,Junia Umeh
101489,Quill Tran
101505,Greta Farhat
101526,Coral Novak
101542,Reese Yildiz
101549,Greta Jaramillo
101560,Alex Novak
101561,Jordan Tanaka
101572,Jesse Yamamoto
101573,Jordan Farhat
101606,Dakota Dahl
101611,Dante Toivonen
101639,Greta Toivonen
101655,Priya Suzuki
101662,Theo Kobayashi
101671,Quincy Mensah
101673,Sage Iyer
101695,Kendall Ortiz
101707,Ravi Umeh
101724,Hugo Farah
101729,Dakota Yilmaz
101734,Greta Aoki
101763,Xander Qureshi
101786,Dakota Mensah
101869,Hana Zhang
101874,Elliot Moreau
101875,Oscar Fernandez
101947,Devon Zamora
101965,Yusuf Iyer
101967,Sage Reyes
101996,Gideon Osei
102011,Quincy Umeh
102020,Elio Ekwueme
102048,Jolene Barros
102109,Ravi Yildiz
102114,Gray Singh
102121,Talia Adebayo
102199,Bailey Larsen
102218,Casey Haddad
102233,Emerson Hernandez
102320,Rowan Kobayashi
102329,Ximena Zamora
102354,Yara Quiroga
102376,Marcus Suzuki
102386,Reese Duarte
102392,Celeste Pham
102415,Avery Dahl
102442,Xander Andersson
102443,Nina Larsen
102448,Quinn Vukovic
102452,Frankie Moreau
102479,Drew Yamamoto
102498,Halle Baptiste
102510,Niko Reyes
102530,Alex Ortiz
102552,Beau Duarte
102578,Rosa Gorski
102582,Oscar Nowak
102584,Felix Hernandez
102636,Shawn Valdez
102693,Celeste Osei
102715,Dakota Delgado
102716,Ilan Ibarra
102788,Xander Fernandez
102830,Morgan Patel
102847,Halle Ortiz
102860,Estelle Sato
102868,Adrian Correa
102932,Quill Mensah
102977,Ines Ortiz
102995,Rosa Mensah
103011,Felix Leung
103027,Ivan Herrera
103036,Xander Farhat
103071,Devon Santos
103079,Finley Guo
103085,Bailey Leung
103087,Viggo Yamamoto
103089,Rowan Castillo
103092,Indigo Mbeki
103126,Reese Ximenes
103153,Orla Hoang
103161,Kian Mbeki
103199,Kiran Weber
103225,Aria Falk
103232,Remy Bianchi
103247,Anwen Tanaka
103249,Viggo Ilic
103253,Greta Ekstrom
103258,Halle Giannis
103308,Yusuf Andersson
103338,Hugo Xiong
103377,Viggo Alvarez
103410,Giana Tran
103417,Yusuf Fernandez
103523,Gray Yilmaz
103531,Sage Kowalski
103590,Anwen Falk
103598,Cameron Duarte
103611,Quill Yilmaz
103622,Quincy Moreau
103631,Celeste Jovanovic
103659,Blake Rossi
103660,Jasper Yildiz
103678,Sami Kowalski
103680,Marcus Ekwueme
103707,Quill Sato
103712,Alex Toivonen
103756,Hayden Hernandez
103799,Zane Osei
103819,Casey Yilmaz
103844,Ines Santos
103845,Selena Vukovic
103856,Uma Rivera
103874,Priya Hernandez
103883,Ilan Correa
103917,Tara Osei
103936,Kai Tanaka
103938,Taylor Wojcik
103948,Quinn Bianchi
103956,Adrian Cohen
103966,Rowan Hoang
103998,Marcus Dubois
104048,Shawn Alvarez
104049,Felipe Lindqvist
104064,Quincy Tran
104089,Clara Mensah
104124,Logan Rossi
104126,Drew Wilder
104136,Sage Novak
104141,Drew Alvarez
104147,Greta Dubois
104172,Aria Suzuki
104194,Finley Lindqvist
104249,Zola Johansson
104274,Felipe Ekstrom
104308,Bram Mbeki
104339,Quincy Duarte
104357,Ilan Osei
104386,Talia Moreau
104387,Gideon Berg
104422,Yara Qureshi
104452,Logan Haddad
104453,Adrian Guo
104461,Zane Wilder
104494,Jesse Jovanovic
104515,Cameron Nakamura
104518,Felipe Tanaka
104612,Darius Baptiste
104643,Roux Toivonen
104681,Charlie Ueda
104694,Jordan Adebayo
104705,Kian Ibarra
104708,Maren Esposito
104723,Xander Moreau
104731,Quinn Guo
104743,Koa Delgado
104782,Devon Valdez
104788,Jamie Ekwueme
104791,Drew Zeleny
104825,Sami Weber
104842,Ivan Barros
104859,Talia Larsen
104907,Qadir Tran
104914,Elliot Farhat
104927,Darius Silva
104941,Anwen Yamamoto
104955,Devon Qureshi
104961,Petra Lindqvist
104973,Avery Lund
104992,Selena Jovanovic
104994,Rowan Ibarra
104997,Quinn Abara
105030,Rosa Rossi
105031,Harper Jovanovic
105037,Lior Adebayo
105069,Marcus Fernandez
105070,Umar Papadopoulos
105082,Junia Zhang
105118,Marcus Mensah
105141,Vera Andersson
105185,Celeste Costa
105191,Junia Ibarra
105202,Niko Ekstrom
105207,Emerson Yamamoto
105210,Emerson Kowalski
105211,Parker Qureshi
105226,Nina Lindqvist
105229,Mateo Rossi
105236,Uma Barros
105262,Priya Yildiz
105342,Charlie Osei
105356,Morgan Okafor
105419,Theo Pham
105426,Shawn Wojcik
105451,Bailey Gorski
105473,Anwen Nguyen
105498,Halle Delgado
105508,Logan Delgado
105520,Cameron Chen
105549,Jesse Ramirez
105555,Casey Umeh
105581,Noel Wilder
105587,Zola Duarte
105594,Indigo Novak
105607,Casey Quiroga
105613,Felipe Duarte
105624,Jamie Leung
105632,Devon Haddad
105666,Umar Wojcik
105679,Remy Weber
105728,Felipe Nakamura
105732,Wren Okafor
105737,Rowan Farah
105747,Estelle Gorski
105752,Jesse Mbeki
105753,Reese Castillo
105793,Willa Guo
105845,Amara Falk
105854,Rowan Osei
105898,Kai Umeh
105903,Sami Aoki
105912,Elliot Ortiz
105962,Coral Aoki
105966,Dante Baptiste
105969,Talia Haddad
105990,Felix Chen
105995,Quinn Okafor
106024,Lena Qureshi
106053,Hayden Berg
106107,Nina Tran
106108,Quincy Wojcik
106186,Lena Dahl
106247,Uma Haddad
106291,Quinn Zeleny
106325,Esme Nakamura
106357,Ximena Castillo
106360,Blake Umeh
106362,Kendall Chen
106402,Vera Jansen
106422,Zola Esposito
106444,Greta Duarte
106449,Zola Barros
106458,Jesse Wojcik
106481,Sami Hoang
106507,Skyler Jansen
106550,Mateo Nguyen
106553,Felix Andersson
106565,Denny Alvarez
106572,Drew Sato
106582,Ines Novak
106606,Niko Herrera
106607,Omar Pham
106614,Tara Hernandez
106643,Halle Valdez
106695,Quincy Fernandez
106700,Petra Zhang
106706,Rowan Herrera
106719,Junia Jaramillo
106730,Mateo Silva
106742,Clara Yildiz
106753,Jasper Papadopoulos
106771,Wren Lund
106781,Harper Toivonen
106784,Lior Lindqvist
106820,Harper Chen
106833,Niko Ilic
106857,Niko Alvarez
106861,Avery Valdez
106881,Umar Tran
106884,Gray Bianchi
106897,Tara Barros
106899,Adrian Mbeki
106956,Ivan Rivera
107030,Tara Gorski
107048,Darius Delgado
107050,Uma Baptiste
107090,Noel Iyer
107093,Maren Aoki
107140,Emerson Quiroga
107164,Kendall Fernandez
107165,Zane Rivera
107178,Taylor Yildiz
107213,Gray Johansson
107249,Kiran Ueda
107269,Xander Jovanovic
107293,Selena Toivonen
107348,Yusuf Valdez
107379,Mateo Valdez
107380,Remy Chen
107414,Koa Dubois
107430,Jamie Weber
107432,Nina Hoang
107439,Talia Osei
107474,Willa Yilmaz
107513,Nina Rossi
107521,Wren Hernandez
107562,Cameron Herrera
107565,Luna Valdez
107576,Zola Silva
107607,Cameron Yilmaz
107627,Halle Patel
107648,Avery Larsen
107650,Clara Ortiz
107657,Emerson Andersson
107678,Greta Kobayashi
107681,Sami Farhat
107693,Viggo Dahl
107714,Lena Gorski
107718,Zola Fernandez
107723,Jesse Aoki
107739,Petra Costa
107771,Greta Herrera
107798,Felipe Lund
107848,Maren Umeh
107857,Reese Ueda
107885,Logan Yamamoto
107898,Luna Martinez
107914,Clara Giannis
107935,Parker Alvarez
107945,Amara Quiroga
107976,Felipe Valdez
107979,Aria Larsen
107996,Kiran Chen
108001,Celeste Yamamoto
108004,Yara Papadopoulos
108012,Vera Rossi
108031,Reese Ortiz
108034,Kian Correa
108040,Ilan Hernandez
108047,Petra Farah
108086,Esme Iyer
108108,Uma Herrera
108112,Quill Dahl
108118,Omar Vukovic
108124,Peyton Reyes
108135,Jamie Moreau
108141,Charlie Qureshi
108147,Beau Wilder
108152,Marcus Vukovic
108166,Emerson Ibarra
108178,Esme Yilmaz
108181,Morgan Berg
108184,Parker Tran
108212,Pia Leung
108213,Anwen Hernandez
108241,Denny Leung
108289,Jasper Gorski
108312,Felix Mbeki
108322,Amara Sato
108326,Rowan Mbeki
108361,Bram Yilmaz
108381,Elliot Sato
108479,Gray Valdez
108486,Soren Barros
108491,Selena Wojcik
108534,Qadir Giannis
108537,Vera Novak
108607,Zane Ekstrom
108703,Lena Kaur
108723,Esme Jaramillo
108767,Kiran Abara
108778,Uma Ibarra
108795,Alex Iyer
108818,Esme Kobayashi
108821,Kian Adebayo
108841,Finley Andersson
108919,Aria Abara
108936,Yusuf Moreau
108943,Drew Tanaka
108975,Shawn Sato
108989,Kian Yilmaz
108995,Rowan Nakamura
109002,Quill Esposito
109003,Xander Sato
109013,Soren Kallas
109018,Shawn Haddad
109090,Rosa Ueda
109105,Charlie Fernandez
109119,Talia Martinez
109141,Elio Abara
109156,Hana Ramirez
109160,Rosa Xiong
109168,Selena Zhang
109175,Jamie Herrera
109176,Marcus Delgado
109210,Oscar Nguyen
109215,Felix Costa
109225,Viggo Patel
109229,Kiran Jovanovic
109274,Logan Kowalski
109280,Pia Tanaka
109295,Emerson Ramirez
109304,Jordan Ekwueme
109329,Pia Kobayashi
109435,Parker Larsen
109459,Estelle Quiroga
109474,Felix Okafor
109480,Coral Mbeki
109497,Jesse Suzuki
109561,Yara Herrera
109586,Koa Duarte
109598,Coral Ekwueme
109622,Dakota Cohen
109633,Felipe Ortiz
109665,Roux Kallas
109671,Felipe Jansen
109702,Cameron Kowalski
109708,Quincy Ueda
109731,Soren Ostrowski
109750,Felix Dubois
109834,Ximena Kowalski
109842,Reese Nowak
109855,Emerson Baptiste
109864,Yara Correa
109882,Adrian Lindqvist
109883,Orla Herrera
109936,Emerson Valdez
109945,Zola Patel
109969,Peyton Ostrowski
109972,Finley Aoki
110018,Devon Mbeki
110019,Jordan Hernandez
110023,Denny Yildiz
110053,Bodhi Jovanovic
110123,Greta Lund
110128,Xander Berg
110140,Ilan Larsen
110164,Quill Kobayashi
110243,Ines Zeleny
110253,Tara Andersson
110289,Yusuf Guo
110309,Noel Tran
110324,Bram Silva
110357,Petra Tanaka
110360,Blake Zamora
110365,Nadia Andersson
110390,Marcus Kowalski
110404,Jolene Duarte
110418,Orla Dubois
110424,Quill Weber
110453,Talia Lund
110466,Greta Falk
110503,Emerson Castillo
110522,Bailey Santos
110525,Nadia Iyer
110551,Devon Nowak
110576,Theo Delgado
110582,Zane Silva
110622,Vera Costa
110629,Luna Ximenes
110685,Charlie Leung
110695,Kian Jovanovic
110816,Fiora Vukovic
110835,Bailey Guo
110841,Omar Patel
110847,Zola Alvarez
110848,Skyler Dubois
110851,Darius Alvarez
110852,Felipe Xiong
110853,Aria Patel
110872,Taylor Correa
110881,Cameron Mbeki
110971,Kiran Herrera
110997,Theo Novak
111012,Viggo Guo
111013,Willa Ekstrom
111023,Skyler Wojcik
111024,Dante Rivera
111026,Jolene Papadopoulos
111033,Zane Nguyen
111034,Nina Kaur
111038,Halle Zhang
111061,Felix Kobayashi
111073,Quill Suzuki
111103,Ximena Kaur
111107,Aria Zeleny
111118,Zane Esposito
111119,Uma Falk
111123,Hana Lindqvist
111131,Kiran Silva
111144,Bodhi Berg
111155,Zola Hoang
111171,Anwen Ueda
111183,Omar Esposito
111188,Frankie Rivera
111195,Sami Suzuki
111232,Beau Ostrowski
111258,Parker Abara
111259,Avery Santos
111273,Micah Novak
111311,Petra Bianchi
111324,Selena Yildiz
111359,Noel Adebayo
111396,Yara Ilic
111414,Dante Hoang
111443,Bailey Haddad
111451,Devon Yamamoto
111460,Finley Berg
111482,Talia Petrov
111485,Logan Kobayashi
111490,Zane Alvarez
111559,Luna Hoang
111567,Nadia Kallas
111610,Uma Chen
111613,Devon Fernandez
111641,Kai Rivera
111647,Sage Moreau
111664,Ivan Singh
111680,Xander Ekstrom
111702,Amara Bianchi
111722,Priya Ramirez
111797,Orla Gorski
111798,Vera Kowalski
111823,Esme Osei
111848,Orla Bianchi
111857,Aria Duarte
111864,Umar Weber
111872,Sage Gorski
111895,Ines Rivera
111918,Jesse Zamora
111936,Jasper Yilmaz
111951,Omar Guo
112000,Aria Kaur
112012,Niko Kim
112027,Jordan Suzuki
112031,Gideon Larsen
112064,Zane Vukovic
112093,Quincy Zhang
112101,Willa Jovanovic
112104,Eden Weber
112109,Skyler Baptiste
112119,Parker Ilic
112130,Riley Alvarez
112203,Halle Tanaka
112225,Reese Tran
112307,Devon Lund
112321,Reese Kallas
112324,Avery Herrera
112341,Peyton Ximenes
112362,Talia Dahl
112370,Reese Kaur
112409,Pia Ramirez
112426,Mateo Ekwueme
112444,Tara Fernandez
112468,Kai Singh
112485,Fiora Farhat
112503,Peyton Moreau
112507,Bodhi Nakamura
112511,Clara Farah
112520,Morgan Carvalho
112556,Sage Yamamoto
112588,Morgan Papadopoulos
112598,Bodhi Andersson
112636,Estelle Mbeki
112664,Ravi Hernandez
112667,Bailey Alvarez
112670,Petra Wojcik
112680,Omar Andersson
112701,Celeste Moreau
112708,Koa Novak
112728,Vera Cohen
112745,Blake Leung
112786,Morgan Yilmaz
112802,Peyton Ibarra
112824,Gideon Aoki
112846,Taylor Falk
112897,Shawn Pham
112917,Bodhi Costa
112944,Dante Valdez
112956,Eden Leung
112958,Willa Farhat
112971,Frankie Yildiz
112978,Peyton Baptiste
113058,Koa Petrov
113069,Lena Lund
113072,Mateo Dahl
113086,Priya Umeh
113095,Eden Carvalho
113124,Morgan Weber
113150,Beau Yilmaz
113166,Rosa Vukovic
113223,Morgan Kallas
113226,Quinn Santos
113231,Quincy Carvalho
113245,Orla Mensah
113264,Hugo Ilic
113286,Mateo Sato
113299,Indigo Singh
113339,Dante Zamora
113490,Bram Guo
113541,Cameron Ximenes
113547,Alex Pham
113623,Hana Herrera
113626,Rosa Zhang
113642,Ivan Farah
113669,Zola Yilmaz
113693,Quincy Kobayashi
113727,Logan Mbeki
113737,Theo Tran
113784,Ximena Ilic
113791,Kian Leung
113800,Xander Correa
113822,Harper Farhat
113852,Willa Sato
113868,Anwen Cohen
113881,Parker Kowalski
113893,Remy Qureshi
113900,Talia Iyer
113924,Kai Ostrowski
113942,Charlie Kim
113971,Giana Zamora
113988,Logan Carvalho
113997,Coral Alvarez
114032,Blake Chen
114056,Oscar Giannis
114069,Nadia Kobayashi
114074,Hana Johansson
114075,Gideon Correa
114093,Aria Lindqvist
114157,Reese Patel
114175,Umar Esposito
114189,Hana Ueda
114206,Dante Reyes
114208,Remy Barros
114248,Jordan Kobayashi
114268,Amara Larsen
114284,Sage Ortiz
114297,Hana Nowak
114323,Shawn Papadopoulos
114334,Lior Yilmaz
114343,Jolene Yildiz
114344,Ravi Guo
114350,Emerson Petrov
114386,Esme Hernandez
114399,Beau Farah
114411,Casey Ostrowski
114483,Quinn Kobayashi
114505,Priya Bianchi
114550,Clara Barros
114553,Dante Haddad
114559,Jesse Iyer
114577,Bailey Chen
114592,Elio Larsen
114595,Orla Nowak
114642,Koa Herrera
114646,Emerson Qureshi
114657,Uma Ortiz
114666,Selena Kallas
114682,Junia Okafor
114695,Nadia Duarte
114722,Eden Cohen
114726,Coral Cohen
114730,Umar Farhat
114743,Denny Papadopoulos
114764,Greta Tanaka
114785,Quinn Tran
114833,Qadir Ximenes
114890,Drew Duarte
114894,Theo Petrov
114920,Marcus Carvalho
114961,Xander Vukovic
115011,Orla Dahl
115025,Fiora Nguyen
115036,Rosa Nakamura
115037,Coral Jansen
115074,Petra Hernandez
115086,Luna Haddad
115102,Bailey Zamora
115139,Omar Mbeki
115166,Charlie Kowalski
115170,Rosa Ibarra
115177,Emerson Lund
115211,Ines Nowak
115218,Ivan Ueda
115231,Ilan Novak
115240,Gideon Ostrowski
115276,Omar Wojcik
115315,Darius Ilic
115316,Darius Correa
115341,Anwen Kowalski
115370,Celeste Fernandez
115423,Sage Leung
115434,Halle Silva
115436,Maren Larsen
115437,Selena Okafor
115462,Gideon Jaramillo
115493,Gray Novak
115539,Gideon Quiroga
115548,Beau Haddad
115570,Drew Yildiz
115597,Darius Hernandez
115632,Skyler Patel
115716,Jamie Qureshi
115754,Clara Nowak
115757,Darius Kobayashi
115769,Soren Tran
115771,Skyler Tanaka
115810,Reese Novak
115820,Priya Mensah
115830,Reese Barros
115866,Taylor Kowalski
115900,Jordan Novak
115907,Hugo Hoang
115912,Blake Gorski
115934,Qadir Martinez
115968,Giana Kim
115974,Halle Rossi
115998,Denny Ilic
116014,Cameron Kallas
116035,Vera Okafor
116064,Petra Mensah
116105,Lena Correa
116111,Jasper Xiong
116130,Ximena Hoang
116135,Peyton Tanaka
116171,Estelle Silva
116178,Hayden Lund
116189,Quinn Andersson
116192,Micah Ximenes
116211,Jesse Farah
116230,Skyler Esposito
116233,Coral Yilmaz
116243,Pia Herrera
116250,Aria Nakamura
116260,Bailey Dahl
116275,Tara Santos
116287,Nadia Cohen
116311,Lior Tran
116319,Ravi Ostrowski
116321,Amara Papadopoulos
116327,Reese Ibarra
116330,Noel Rossi
116372,Xander Cohen
116404,Hana Tanaka
116442,Casey Guo
116447,Omar Singh
116455,Halle Tran
116460,Bodhi Ueda
116498,Sami Duarte
116505,Priya Rossi
116512,Gideon Wilder
116518,Qadir Tanaka
116544,Quincy Giannis
116575,Elliot Kaur
116592,Halle Moreau
116594,Junia Kowalski
116615,Emerson Kaur
116622,Xander Barros
116631,Rowan Farhat
116654,Vera Larsen
116690,Marcus Hoang
116831,Rowan Chen
116843,Priya Leung
116904,Kiran Sato
116926,Jesse Hoang
116928,Qadir Jaramillo
116931,Nadia Jansen
116937,Giana Lund
116939,Oscar Qureshi
116956,Charlie Weber
116958,Beau Berg
116974,Niko Pham
117024,Soren Yilmaz
117042,Yusuf Baptiste
117056,Peyton Herrera
117114,Rowan Nguyen
117118,Halle Yildiz
117125,Sage Pham
117130,Fiora Costa
117132,Darius Kallas
117149,Priya Nakamura
117152,Denny Carvalho
117171,Charlie Delgado
117181,Noel Cohen
117182,Jasper Osei
117185,Omar Qureshi
117192,Finley Kowalski
117199,Quill Duarte
117212,Soren Herrera
117220,Oscar Ekstrom
117221,Dante Bianchi
117232,Omar Nowak
117243,Qadir Yamamoto
117244,Ivan Fernandez
117265,Eden Jaramillo
117283,Frankie Alvarez
117286,Kiran Tanaka
117292,Kendall Dahl
117302,Omar Larsen
117348,Mateo Kallas
117358,Vera Fernandez
117395,Hugo Baptiste
117421,Xander Esposito
117437,Soren Quiroga
117449,Omar Dahl
117492,Sage Guo
117511,Denny Farhat
117521,Willa Qureshi
117524,Niko Ostrowski
117549,Oscar Moreau
117574,Remy Correa
117577,Jamie Martinez
117594,Harper Ibarra
117604,Esme Zamora
117650,Ivan Rossi
117651,Tara Jansen
117657,Anwen Castillo
117674,Luna Lund
117708,Talia Leung
117778,Charlie Adebayo
117789,Roux Yamamoto
117798,Celeste Adebayo
117803,Giana Delgado
117811,Willa Martinez
117909,Wren Falk
117911,Frankie Farah
117981,Bodhi Wojcik
117985,Petra Lund
117987,Uma Lindqvist
118030,Remy Kim
118041,Viggo Quiroga
118050,Omar Novak
118071,Nadia Costa
118076,Finley Rossi
118092,Charlie Kallas
118196,Gideon Sato
118210,Qadir Ortiz
118242,Viggo Kim
118252,Jamie Ekstrom
118258,Remy Aoki
118304,Hayden Patel
118330,Ravi Hoang
118364,Vera Ortiz
118371,Frankie Nakamura
118383,Peyton Nguyen
118384,Zane Farhat
118386,Hugo Esposito
118390,Uma Moreau
118416,Kai Kobayashi
118431,Rosa Falk
118446,Micah Quiroga
118482,Yara Ostrowski
118537,Charlie Rivera
118540,Sami Ortiz
118620,Quincy Herrera
118637,Ximena Silva
118647,Roux Rivera
118653,Emerson Giannis
118668,Willa Yildiz
118674,Rowan Valdez
118678,Frankie Zhang
118692,Jordan Larsen
118698,Reese Reyes
118700,Kendall Jovanovic
118719,Niko Ekwueme
118743,Jordan Pham
118800,Soren Ekstrom
118803,Maren Gorski
118809,Ines Jaramillo
118810,Rowan Silva
118821,Ines Aoki
118829,Talia Reyes
118844,Amara Andersson
118858,Kendall Gorski
118873,Oscar Bianchi
118906,Remy Adebayo
118932,Luna Rossi
118943,Xander Ximenes
118959,Bram Rossi
118964,Hugo Berg
118967,Viggo Esposito
118972,Hugo Mensah
119000,Omar Duarte
119029,Kendall Farah
119078,Skyler Yildiz
119174,Coral Nguyen
119177,Morgan Singh
119209,Logan Vukovic
119229,Devon Barros
119234,Peyton Silva
119240,Uma Castillo
119285,Gideon Rivera
119309,Nadia Martinez
119328,Ilan Wilder
119337,Dante Larsen
119392,Giana Chen
119416,Fiora Nowak
119427,Esme Weber
119439,Ines Ibarra
119443,Yara Yamamoto
119475,Ivan Yildiz
119490,Roux Fernandez
119496,Drew Farhat
119505,Quincy Qureshi
119561,Dante Novak
119566,Omar Hoang
119592,Vera Qureshi
119593,Sage Valdez
119604,Ilan Tanaka
119657,Bram Fernandez
119658,Niko Guo
119674,Uma Ostrowski
119695,Jamie Nakamura
119699,Felipe Kallas
119757,Skyler Delgado
119765,Mateo Herrera
119788,Jolene Sato
119792,Ilan Papadopoulos
119794,Hugo Nowak
119803,Jordan Kallas
119814,Taylor Novak
119816,Rosa Barros
119870,Esme Nguyen
119882,Marcus Papadopoulos
119884,Shawn Moreau
119904,Fiora Reyes
119926,Jesse Duarte
119934,Emerson Johansson
119979,Fiora Osei
119984,Adrian Ibarra
119986,Uma Jovanovic
119993,Qadir Dubois
120007,Clara Chen
120015,Junia Nowak
120018,Kian Nowak
120021,Felix Osei
120052,Greta Ostrowski
120065,Devon Kowalski
120092,Celeste Ekstrom
120113,Noel Leung
120132,Felix Esposito
120154,Giana Andersson
120166,Esme Papadopoulos
120181,Beau Sato
120184,Yara Barros
120197,Qadir Rivera
120226,Kiran Xiong
120313,Lena Kobayashi
120356,Reese Haddad
120385,Morgan Guo
120392,Bram Toivonen
120403,Micah Sato
120431,Amara Lindqvist
120443,Noel Johansson
120500,Selena Kowalski
120513,Zola Ueda
120514,Hugo Qureshi
120519,Hayden Jaramillo
120525,Jamie Duarte
120544,Peyton Zeleny
120578,Orla Lund
120602,Lior Silva
120611,Fiora Sato
120641,Xander Rossi
120657,Clara Singh
120675,Jamie Valdez
120708,Coral Zeleny
120709,Micah Hoang
120723,Alex Xiong
120766,Devon Ueda
120783,Rosa Valdez
120785,Parker Yamamoto
120793,Junia Ueda
120810,Yara Leung
120829,Harper Baptiste
120842,Willa Suzuki
120873,Talia Abara
120897,Felipe Mbeki
120901,Quinn Valdez
120920,Marcus Jovanovic
120926,Quill Ekwueme
120947,Sami Giannis
120949,Rowan Ueda
120961,Peyton Suzuki
120985,Wren Alvarez
120986,Bram Lund
120998,Frankie Farhat
121002,Bodhi Jaramillo
121029,Coral Kim
121043,Taylor Bianchi
121057,Roux Tran
121089,Emerson Kallas
121112,Bailey Farah
121189,Jasper Qureshi
121194,Micah Yildiz
121308,Gray Kaur
121323,Alex Nakamura
121343,Ximena Vukovic
121380,Luna Kallas
121419,Amara Carvalho
121434,Frankie Leung
121438,Talia Santos
121467,Harper Leung
121473,Aria Martinez
121477,Soren Andersson
121493,Eden Zeleny
121496,Blake Petrov
121509,Maren Papadopoulos
121530,Priya Duarte
121579,Blake Toivonen
121589,Oscar Jaramillo
121621,Lena Moreau
121624,Ilan Falk
121630,Kai Chen
121660,Avery Petrov
121666,Halle Ximenes
121725,Gideon Ibarra
121785,Reese Valdez
121811,Hana Kaur
121814,Noel Ekwueme
121817,Bailey Jaramillo
121851,Remy Ostrowski
121888,Xander Zamora
121931,Sami Wojcik
121961,Halle Hernandez
121987,Micah Baptiste
121996,Felipe Ibarra
121997,Hana Osei
122006,Esme Reyes
122011,Viggo Ximenes
122025,Alex Patel
122029,Xander Suzuki
122042,Jesse Moreau
122045,Amara Ortiz
122061,Parker Vukovic
122067,Denny Sato
122104,Denny Suzuki
122105,Riley Farah
122110,Elio Delgado
122116,Koa Umeh
122119,Roux Jaramillo
122130,Greta Fernandez
122153,Bailey Fernandez
122166,Junia Haddad
122169,Avery Reyes
122212,Eden Rossi
122234,Hayden Baptiste
122236,Xander Nowak
122254,Pia Tran
122337,Dante Ramirez
122385,Micah Alvarez
122391,Micah Nakamura
122400,Zola Qureshi
122404,Ximena Qureshi
122450,Rosa Kim
122452,Zane Larsen
122521,Rosa Tran
122531,Ilan Abara
122544,Emerson Dahl
122609,Drew Giannis
122632,Omar Johansson
122655,Niko Novak
122663,Umar Rossi
122707,Koa Wojcik
122757,Nadia Petrov
122803,Ilan Ueda
122853,Halle Farhat
122865,Nadia Toivonen
122890,Umar Delgado
122898,Hugo Singh
122929,Frankie Martinez
122951,Talia Jovanovic
122956,Quincy Yilmaz
122960,Amara Abara
122968,Clara Martinez
123006,Halle Toivonen
123023,Micah Johansson
123053,Zane Kobayashi
123055,Logan Sato
123061,Niko Yilmaz
123081,Jolene Rivera
123105,Ivan Osei
123117,Halle Santos
123173,Skyler Gorski
123200,Jolene Herrera
123207,Roux Jovanovic
123262,Omar Ostrowski
123312,Kendall Larsen
123315,Koa Carvalho
123332,Sage Patel
123338,Taylor Gorski
123344,Vera Ibarra
123359,Hana Abara
123361,Lior Delgado
123415,Taylor Nguyen
123434,Quinn Mbeki
123467,Pia Baptiste
123473,Bodhi Correa
123509,Tara Lindqvist
123511,Bodhi Duarte
123516,Giana Umeh
123527,Rosa Esposito
123540,Ravi Adebayo
123574,Estelle Adebayo
123579,Marcus Herrera
123590,Noel Zeleny
123608,Giana Kallas
123661,Zola Delgado
123688,Felipe Okafor
123689,Marcus Jansen
123711,Omar Silva
123720,Theo Martinez
123759,Micah Nowak
123764,Vera Zamora
123786,Taylor Ueda
123832,Celeste Lund
123887,Lior Toivonen
123901,Shawn Herrera
123906,Bodhi Aoki
124000,Luna Falk
124042,Greta Giannis
124048,Selena Osei
124059,Rowan Okafor
124115,Kian Berg
124126,Ximena Johansson
124159,Oscar Osei
124187,Yara Jansen
124207,Denny Cohen
124244,Dante Kowalski
124247,Frankie Santos
124252,Talia Gorski
124271,Devon Ostrowski
124327,Nina Singh
124362,Theo Aoki
124422,Jesse Esposito
124473,Viggo Tanaka
124482,Hugo Hernandez
124493,Denny Nakamura
124497,Celeste Ekwueme
124523,Jordan Wojcik
124537,Nina Silva
124561,Hayden Ibarra
124601,Elliot Jaramillo
124611,Gray Jansen
124622,Quincy Hernandez
124638,Parker Ortiz
124656,Dante Mbeki
124661,Wren Iyer
124748,Jordan Moreau
124767,Niko Larsen
124772,Zane Singh
124783,Bodhi Dubois
124784,Orla Novak
124818,Riley Berg
124829,Kiran Dahl
124833,Avery Gorski
124871,Vera Umeh
124875,Halle Costa
124889,Clara Kim
124896,Bram Osei
124902,Adrian Zamora
124905,Tara Toivonen
124919,Roux Quiroga
124958,Luna Quiroga
124961,Jamie Carvalho
124974,Junia Baptiste
124999,Anwen Ortiz
125014,Tara Carvalho
125054,Oscar Guo
125067,Koa Papadopoulos
125073,Logan Tanaka
125090,Greta Ximenes
125167,Quill Osei
125197,Noel Mbeki
125258,Vera Barros
125321,Parker Johansson
125334,Ilan Sato
125341,Ravi Quiroga
125371,Fiora Ostrowski
125400,Nina Ortiz
125414,Shawn Berg
125415,Ivan Guo
125436,Alex Ekstrom
125464,Hayden Wojcik
125475,Noel Papadopoulos
125493,Anwen Kim
125500,Zola Yildiz
125509,Micah Abara
125514,Dante Hernandez
125565,Rowan Hernandez
125633,Jordan Mensah
125655,Petra Larsen
125658,Greta Iyer
125711,Remy Ekwueme
125713,Giana Duarte
125773,Dakota Qureshi
125784,Zane Haddad
125791,Kiran Dubois
125831,Orla Delgado
125841,Sami Umeh
125847,Jamie Patel
125926,Soren Qureshi
125928,Xander Haddad
125963,Ravi Qureshi
125970,Willa Kaur
125989,Beau Reyes
126013,Zane Duarte
126020,Felipe Jaramillo
126058,Wren Valdez
126081,Luna Nakamura
126108,Gideon Nakamura
126150,Ximena Xiong
126157,Fiora Ibarra
126180,Halle Duarte
126191,Qadir Moreau
126202,Hayden Santos
126236,Frankie Hoang
126258,Elliot Weber
126291,Taylor Kim
126336,Vera Berg
126348,Lior Weber
126350,Nadia Vukovic
126363,Quinn Ueda
126367,Uma Toivonen
126378,Jolene Cohen
126445,Taylor Xiong
126457,Drew Rivera
126471,Coral Ibarra
126477,Gideon Chen
126523,Jamie Yildiz
126530,Niko Kowalski
126566,Oscar Alvarez
126599,Selena Johansson
126637,Logan Jansen
126662,Jordan Zhang
126663,Willa Papadopoulos
126677,Shawn Lund
126704,Nadia Falk
126788,Adrian Kallas
126819,Ilan Kim
126836,Charlie Aoki
126875,Drew Lund
126882,Jolene Mensah
126970,Marcus Aoki
127044,Hana Farah
127045,Jordan Kaur
127046,Giana Alvarez
127066,Quincy Esposito
127187,Qadir Kowalski
127203,Mateo Nakamura
127206,Micah Osei
127246,Alex Gorski
127254,Talia Ortiz
127262,Finley Mensah
127273,Junia Barros
127311,Orla Zhang
127312,Dante Castillo
127341,Kendall Sato
127342,Avery Osei
127388,Omar Reyes
127400,Avery Baptiste
127425,Quincy Nakamura
127446,Aria Gorski
127451,Omar Fernandez
127452,Gray Nowak
127544,Casey Mbeki
127547,Denny Kim
127574,Charlie Gorski
127581,Jasper Barros
127615,Sage Falk
127663,Yusuf Sato
127664,Micah Cohen
127702,Parker Weber
127706,Remy Kobayashi
127724,Remy Sato
127732,Celeste Ximenes
127741,Selena Giannis
127746,Elio Ostrowski
127752,Hugo Lund
127882,Micah Fernandez
127893,Riley Larsen
127924,Riley Sato
127928,Avery Carvalho
127930,Kian Delgado
127951,Amara Farah
127966,Jamie Ibarra
127979,Blake Bianchi
128033,Rowan Santos
128056,Hana Petrov
128094,Cameron Larsen
128095,Ximena Rivera
128100,Indigo Jaramillo
128103,Jesse Singh
128110,Quincy Larsen
128144,Giana Quiroga
128157,Petra Toivonen
128192,Rosa Sato
128223,Finley Papadopoulos
128229,Felipe Haddad
128238,Kai Rossi
128243,Finley Haddad
128290,Yusuf Quiroga
128299,Denny Lindqvist
128302,Kai Ramirez
128325,Ivan Valdez
128333,Qadir Ueda
128391,Finley Osei
128408,Beau Ramirez
128438,Adrian Patel
128472,Nadia Delgado
128525,Gideon Hernandez
128577,Elliot Guo
128590,Luna Qureshi
128631,Nadia Barros
128657,Hayden Iyer
128679,Maren Chen
128706,Selena Dahl
128730,Halle Jansen
128740,Peyton Cohen
128767,Uma Yilmaz
128779,Oscar Nakamura
128780,Oscar Iyer
128811,Theo Silva
128812,Theo Xiong
128837,Koa Qureshi
128864,Jordan Abara
128876,Peyton Wilder
128952,Omar Farah
128957,Drew Fernandez
128958,Indigo Duarte
128963,Theo Kallas
128965,Hayden Kowalski
128986,Celeste Nowak
128996,Greta Barros
129061,Greta Rivera
129070,Jesse Santos
129071,Estelle Patel
129080,Beau Patel
129087,Reese Yamamoto
129089,Ravi Silva
129102,Shawn Suzuki
129176,Anwen Andersson
129228,Umar Falk
129243,Denny Iyer
129302,Kiran Jansen
129305,Elio Berg
129320,Hugo Ortiz
129375,Selena Umeh
129390,Finley Suzuki
129396,Parker Falk
129426,Dante Santos
129435,Kiran Duarte
129437,Jolene Bianchi
129440,Sage Carvalho
129448,Morgan Falk
129451,Marcus Tanaka
129536,Noel Qureshi
129597,Quincy Osei
129600,Jordan Zamora
129601,Vera Iyer
129603,Drew Weber
129647,Denny Larsen
129655,Frankie Yamamoto
129668,Blake Kaur
129695,Alex Aoki
129711,Quinn Ilic
129717,Elio Giannis
129731,Skyler Barros
129769,Giana Qureshi
129800,Omar Nakamura
129826,Theo Rossi
129879,Morgan Chen
129892,Zane Costa
129924,Darius Wilder
129938,Ximena Ramirez
129986,Jamie Papadopoulos
130013,Shawn Chen
130017,Sage Alvarez
130047,Emerson Tanaka
130053,Pia Carvalho
130059,Pia Ueda
130062,Shawn Yildiz
130070,Sami Mensah
130084,Sami Castillo
130086,Yara Guo
130092,Bram Johansson
130097,Noel Andersson
130110,Mateo Rivera
130124,Hugo Iyer
130136,Hayden Tanaka
130145,Luna Kaur
130174,Ivan Mensah
130182,Estelle Delgado
130202,Theo Singh
130203,Lena Quiroga
130225,Jasper Tanaka
130271,Zola Wojcik
130280,Estelle Carvalho
130286,Amara Hernandez
130306,Soren Alvarez
130311,Coral Johansson
130329,Priya Baptiste
130333,Pia Sato
130335,Selena Zamora
130336,Jesse Ilic
130340,Frankie Umeh
130379,Jasper Duarte
130392,Hugo Yildiz
130423,Elliot Dahl
130434,Nadia Herrera
130511,Micah Gorski
130528,Zane Xiong
130536,Bodhi Toivonen
130538,Kai Costa
130546,Kiran Ilic
130587,Felix Correa
130611,Devon Umeh
130621,Yara Mensah
130698,Umar Kaur
130750,Mateo Castillo
130756,Bodhi Haddad
130794,Noel Chen
130803,Sami Tran
130844,Theo Falk
130858,Anwen Weber
130868,Xander Rivera
130911,Maren Weber
130913,Gideon Valdez
130935,Jesse Correa
130948,Anwen Ostrowski
131015,Soren Martinez
131074,Quill Jovanovic
131087,Mateo Farah
131116,Yara Suzuki
131135,Ines Johansson
131156,Theo Lindqvist
131167,Frankie Lund
131241,Esme Baptiste
131244,Felipe Fernandez
131253,Gideon Mbeki
131258,Selena Ximenes
131292,Ravi Ekstrom
131293,Riley Ramirez
131314,Maren Lund
131341,Zane Ueda
131343,Petra Abara
131347,Junia Reyes
131360,Yusuf Cohen
131368,Kian Castillo
131383,Harper Okafor
131388,Jasper Cohen
131396,Hugo Ibarra
131407,Peyton Farhat
131412,Willa Baptiste
131418,Lena Farah
131421,Halle Adebayo
131429,Jordan Dahl
131454,Eden Iyer
131473,Bodhi Esposito
131506,Yusuf Zeleny
131511,Felix Yildiz
131524,Jesse Guo
131531,Amara Okafor
131580,Petra Mbeki
131583,Esme Kim
131591,Clara Kaur
131617,Roux Iyer
131645,Koa Patel
131647,Roux Mensah
131656,Harper Herrera
131662,Bodhi Mensah
131690,Lena Alvarez
131698,Quill Singh
131742,Frankie Aoki
131802,Celeste Kowalski
131809,Alex Tanaka
131822,Ravi Ximenes
131841,Soren Yildiz
131843,Reese Lindqvist
131898,Aria Barros
131911,Yara Alvarez
131936,Micah Wilder
131981,Riley Quiroga
131987,Bailey Kallas
131994,Shawn Farhat
132084,Harper Costa
132085,Jordan Papadopoulos
132099,Blake Ortiz
132131,Jesse Berg
132132,Charlie Chen
132141,Oscar Zeleny
132182,Jordan Fernandez
132195,Ines Ramirez
132253,Ines Baptiste
132318,Umar Farah
132321,Charlie Yilmaz
132323,Jasper Correa
132358,Vera Quiroga
132375,Indigo Bianchi
132396,Ines Ekwueme
132455,Petra Chen
132461,Charlie Zamora
132484,Ivan Lund
132512,Zola Moreau
132520,Darius Zhang
132559,Giana Correa
132569,Hana Okafor
132585,Elio Rossi
132596,Bram Rivera
132624,Charlie Zhang
132651,Anwen Chen
132693,Casey Toivonen
132737,Indigo Jovanovic
132739,Ilan Dahl
132747,Nadia Nguyen
132753,Gray Jaramillo
132754,Peyton Hoang
132767,Avery Rivera
132777,Theo Abara
132779,Sage Nowak
132810,Jasper Costa
132811,Rowan Delgado
132830,Casey Yamamoto
132838,Eden Sato
132881,Clara Ekwueme
132885,Harper Kallas
132924,Elliot Wilder
132928,Jesse Giannis
132976,Koa Lindqvist
132982,Rowan Wojcik
133000,Nadia Novak
133003,Beau Mbeki
133018,Shawn Cohen
133027,Eden Patel
133040,Ximena Kim
133057,Maren Costa
133095,Quill Herrera
133098,Kiran Nowak
133131,Emerson Pham
133146,Sage Ibarra
133209,Remy Xiong
133210,Estelle Hoang
133270,Kendall Jaramillo
133292,Koa Ekwueme
133318,Blake Alvarez
133359,Alex Mensah
133376,Orla Carvalho
133377,Morgan Ekstrom
133400,Yara Dubois
133453,Dakota Sato
133486,Kai Herrera
133489,Jolene Delgado
133494,Esme Tran
133495,Luna Papadopoulos
133514,Wren Osei
133517,Estelle Tran
133527,Felix Barros
133571,Elliot Mbeki
133604,Nina Ximenes
133607,Jordan Yildiz
133610,Blake Sato
133628,Skyler Jovanovic
133681,Zola Dahl
133731,Eden Tran
133761,Kai Ekwueme
133787,Hayden Giannis
133830,Maren Moreau
133867,Finley Ramirez
133872,Quill Correa
133901,Mateo Zamora
133921,Priya Iyer
133982,Petra Rivera
133993,Rosa Santos
133999,Avery Rossi
134024,Maren Hoang
134045,Wren Ekstrom
134050,Gray Kobayashi
134075,Junia Rivera
134083,Logan Herrera
134104,Riley Ibarra
134109,Jordan Qureshi
134130,Selena Papadopoulos
134171,Anwen Leung
134180,Rowan Kallas
134187,Bram Wojcik
134202,Blake Ekwueme
134208,Frankie Singh
134221,Talia Hoang
134241,Roux Larsen
134255,Kian Farah
134306,Nadia Johansson
134329,Kendall Kobayashi
134352,Skyler Ostrowski
134372,Beau Osei
134386,Wren Fernandez
134392,Parker Esposito
134401,Quincy Quiroga
134404,Xander Adebayo
134444,Quill Santos
134451,Shawn Patel
134458,Zola Okafor
134460,Viggo Moreau
134490,Jordan Cohen
134515,Priya Esposito
134530,Ximena Berg
134532,Uma Jansen
134534,Beau Xiong
134561,Koa Hoang
134609,Micah Costa
134627,Peyton Ramirez
134629,Greta Mensah
134630,Frankie Reyes
134638,Indigo Abara
134649,Nina Chen
134665,Riley Ueda
134671,Yusuf Duarte
134687,Ilan Carvalho
134694,Ines Zhang
134718,Zane Jovanovic
134724,Zola Nakamura
134814,Sage Giannis
134829,Darius Ortiz
134842,Hana Kowalski
134912,Fiora Leung
134914,Vera Nguyen
134916,Gideon Ilic
134923,Morgan Alvarez
135026,Felix Wilder
135038,Kian Iyer
135039,Roux Leung
135059,Gray Alvarez
135088,Gray Ueda
135141,Amara Valdez
135155,Xander Baptiste
135176,Eden Kallas
135177,Ines Ximenes
135220,Taylor Dubois
135238,Soren Moreau
135253,Dakota Kim
135286,Niko Yamamoto
135297,Peyton Sato
135319,Gray Lindqvist
135324,Morgan Sato
135333,Sage Herrera
135358,Gideon Kowalski
135387,Junia Cohen
135429,Cameron Costa
135458,Charlie Ortiz
135493,Peyton Qureshi
135497,Ines Kowalski
135510,Theo Correa
135518,Junia Patel
135526,Bailey Kim
135543,Marcus Valdez
135585,Darius Dubois
135586,Cameron Yamamoto
135608,Tara Chen
135614,Halle Papadopoulos
135632,Mateo Ilic
135643,Casey Kim
135664,Theo Guo
135672,Felix Vukovic
135678,Eden Nguyen
135689,Bailey Yilmaz
135746,Yara Hoang
135812,Talia Hernandez
135878,Dante Suzuki
135888,Peyton Chen
135896,Jolene Adebayo
135937,Ivan Jovanovic
135939,Fiora Adebayo
135974,Bram Patel
136013,Felipe Qureshi
136092,Amara Qureshi
136101,Fiora Wojcik
136110,Kiran Umeh
136141,Felix Quiroga
136142,Taylor Jovanovic
136164,Anwen Yildiz
136184,Pia Ortiz
136188,Junia Vukovic
136192,Taylor Iyer
136232,Charlie Abara
136234,Vera Carvalho
136241,Kendall Giannis
136242,Morgan Kim
136247,Greta Castillo
136292,Adrian Lund
136296,Darius Bianchi
136310,Micah Papadopoulos
136330,Kian Yamamoto
136351,Yara Kobayashi
136385,Oscar Yamamoto
136392,Bodhi Ekwueme
136418,Nina Quiroga
136439,Pia Mensah
136452,Qadir Yildiz
136462,Coral Silva
136478,Ilan Hoang
136483,Luna Silva
136505,Darius Tran
136519,Taylor Aoki
136525,Xander Falk
136553,Ines Cohen
136555,Gray Nguyen
136570,Frankie Falk
136622,Shawn Barros
136632,Hana Cohen
136634,Gideon Alvarez
136668,Estelle Pham
136676,Charlie Rossi
136679,Finley Toivonen
136687,Felipe Rossi
136694,Celeste Alvarez
136724,Felix Ekstrom
136730,Ilan Barros
136733,Noel Nakamura
136741,Harper Petrov
136752,Alex Baptiste
136754,Reese Alvarez
136755,Pia Esposito
136759,Wren Santos
136782,Ines Papadopoulos
136860,Hugo Aoki
136873,Jasper Lindqvist
136888,Hana Silva
136901,Clara Wilder
136918,Cameron Ilic
136949,Vera Kallas
136959,Qadir Barros
136979,Quill Andersson
137030,Kendall Martinez
137066,Celeste Martinez
137087,Hayden Reyes
137111,Koa Weber
137119,Aria Ibarra
137149,Junia Yilmaz
137169,Nadia Esposito
137175,Maren Falk
137190,Kiran Quiroga
137196,Maren Iyer
137198,Anwen Singh
137213,Luna Castillo
137231,Elio Petrov
137243,Jolene Zeleny
137264,Jesse Valdez
137271,Selena Mbeki
137287,Dakota Guo
137293,Fiora Mensah
137298,Yara Nguyen
137330,Petra Barros
137367,Skyler Adebayo
137494,Amara Zhang
137495,Giana Ekstrom
137496,Petra Valdez
137506,Omar Giannis
137511,Selena Pham
137538,Xander Santos
137562,Halle Kowalski
137571,Willa Esposito
137652,Drew Leung
137681,Adrian Rivera
137689,Fiora Ximenes
137711,Skyler Pham
137723,Nina Novak
137726,Avery Ekwueme
137734,Cameron Castillo
137752,Marcus Mbeki
137754,Mateo Ramirez
137760,Coral Hernandez
137789,Giana Papadopoulos
137794,Peyton Jansen
137808,Beau Toivonen
137819,Sami Lund
137828,Pia Abara
137841,Soren Kowalski
137898,Nina Vukovic
137904,Jamie Ilic
137940,Kendall Kim
137969,Ivan Larsen
137991,Orla Xiong
138024,Amara Ilic
138084,Ilan Delgado
138128,Noel Moreau
138141,Koa Martinez
138142,Indigo Vukovic
138152,Elliot Costa
138182,Soren Hernandez
138219,Felipe Novak
138269,Lior Umeh
138288,Devon Berg
138298,Jolene Lindqvist
138305,Peyton Farah
138318,Darius Herrera
138362,Jolene Abara
138377,Logan Wilder
138382,Beau Leung
138399,Hugo Zhang
138420,Shawn Rossi
138435,Nina Osei
138438,Remy Dubois
138442,Uma Aoki
138453,Ilan Martinez
138455,Kendall Delgado
138476,Coral Jaramillo
138479,Jesse Larsen
138487,Marcus Ximenes
138508,Willa Zeleny
138533,Elliot Zeleny
138551,Willa Larsen
138566,Elliot Abara
138575,Devon Giannis
138583,Ximena Farhat
138596,Gray Haddad
138697,Soren Nguyen
138733,Gray Ramirez
138738,Aria Yamamoto
138749,Kendall Tran
138761,Kian Ramirez
138767,Bailey Yamamoto
138771,Alex Duarte
138783,Coral Vukovic
138804,Xander Valdez
138888,Peyton Toivonen
138890,Indigo Okafor
138897,Indigo Chen
138901,Roux Lund
138922,Soren Guo
138935,Oscar Aoki
138955,Uma Duarte
139005,Ines Wilder
139015,Cameron Papadopoulos
139024,Eden Jansen
139035,Kendall Zamora
139047,Umar Vukovic
139053,Ivan Johansson
139102,Charlie Singh
139105,Riley Tanaka
139114,Ravi Johansson
139115,Omar Ibarra
139125,Esme Yamamoto
139131,Remy Toivonen
139146,Taylor Abara
139172,Xander Johansson
139185,Kiran Costa
139190,Lior Moreau
139287,Eden Lindqvist
139353,Wren Kowalski
139366,Quill Carvalho
139448,Nina Ekstrom
139462,Mateo Guo
139466,Hana Jansen
139487,Umar Andersson
139499,Selena Barros
139518,Aria Leung
139523,Cameron Alvarez
139531,Reese Jansen
139567,Reese Sato
139585,Clara Gorski
139588,Qadir Valdez
139638,Ximena Leung
139683,Uma Yildiz
139735,Morgan Santos
139738,Soren Iyer
139759,Ravi Leung
139793,Zola Umeh
139809,Kian Xiong
139831,Peyton Dubois
139833,Bram Santos
139874,Emerson Xiong
139885,Blake Andersson
139911,Fiora Carvalho
139954,Tara Tran
139957,Mateo Novak
140031,Koa Falk
140041,Frankie Duarte
140042,Viggo Xiong
140064,Marcus Ostrowski
140088,Kai Mensah
140090,Zane Baptiste
140091,Jesse Adebayo
140110,Clara Aoki
140117,Amara Herrera
140240,Charlie Giannis
140251,Coral Martinez
140279,Devon Singh
140304,Riley Rossi
140324,Frankie Osei
140345,Yusuf Martinez
140365,Skyler Aoki
140380,Theo Jaramillo
140382,Gideon Ekwueme
140406,Zane Giannis
140454,Soren Ueda
140463,Gideon Farhat
140472,Nina Pham
140480,Anwen Dubois
140482,Greta Hernandez
140504,Elio Ramirez
140517,Esme Silva
140577,Soren Farhat
140578,Gray Reyes
140581,Kendall Abara
140606,Uma Hoang
140612,Ximena Yildiz
140636,Priya Pham
140641,Wren Nowak
140658,Peyton Barros
140659,Zane Suzuki
140664,Amara Tanaka
140703,Mateo Pham
140721,Elio Correa
140740,Shawn Ximenes
140742,Parker Nguyen
140748,Uma Papadopoulos
140780,Tara Larsen
140790,Ilan Duarte
140800,Dante Fernandez
140815,Xander Dubois
140838,Cameron Wilder
140858,Parker Correa
140862,Qadir Mbeki
140885,Devon Sato
140907,Kiran Zamora
140913,Esme Wojcik
140918,Coral Reyes
140977,Koa Johansson
140984,Kai Guo
141021,Parker Bianchi
141022,Taylor Alvarez
141048,Jolene Rossi
141058,Felipe Dahl
141098,Anwen Suzuki
141119,Riley Moreau
141140,Koa Farhat
141162,Frankie Okafor
141164,Oscar Zhang
141166,Priya Dubois
141187,Eden Ramirez
141207,Esme Larsen
141240,Ivan Aoki
141260,Casey Correa
141263,Clara Fernandez
141306,Esme Ostrowski
141353,Selena Farah
141361,Alex Weber
141363,Frankie Ekwueme
141388,Jesse Delgado
141399,Charlie Santos
141420,Priya Jansen
141436,Fiora Delgado
141453,Kai Suzuki
141468,Talia Castillo
141503,Elio Barros
141504,Rosa Costa
141535,Beau Dubois
141536,Eden Fernandez
141549,Ines Dubois
141557,Rowan Jansen
141573,Noel Sato
141582,Sage Farah
141598,Yusuf Xiong
141603,Gideon Yilmaz
141617,Sami Yildiz
141625,Umar Gorski
141633,Uma Zamora
141653,Riley Papadopoulos
141660,Tara Wojcik
141710,Qadir Johansson
141760,Anwen Jaramillo
141766,Skyler Mbeki
141767,Charlie Yildiz
141771,Umar Nowak
141814,Niko Bianchi
141828,Noel Weber
141830,Pia Ilic
141831,Bram Hoang
141848,Celeste Suzuki
141856,Taylor Martinez
141860,Kiran Haddad
141877,Jamie Ximenes
141899,Bram Iyer
141927,Charlie Hernandez
141934,Bailey Costa
141938,Luna Johansson
141976,Gray Kowalski
141983,Hana Andersson
142001,Koa Yamamoto
142007,Felix Iyer
142013,Anwen Lindqvist
142020,Talia Ekstrom
142061,Elliot Papadopoulos
142111,Ines Kaur
142153,Umar Aoki
142180,Halle Singh
142211,Indigo Wojcik
142214,Rowan Carvalho
142226,Ines Lund
142230,Dante Adebayo
142257,Felipe Tran
142286,Avery Farah
142322,Fiora Rossi
142323,Zane Papadopoulos
142341,Niko Gorski
142349,Beau Mensah
142365,Peyton Vukovic
142367,Micah Berg
142428,Celeste Vukovic
142441,Zane Guo
142470,Alex Carvalho
142522,Bram Kim
142533,Halle Chen
142538,Roux Kobayashi
142567,Darius Osei
142576,Ilan Berg
142579,Selena Guo
142583,Parker Okafor
142650,Peyton Kallas
142682,Elliot Esposito
142700,Viggo Correa
142712,Qadir Weber
142717,Amara Nguyen
142734,Beau Petrov
142749,Kian Ekwueme
142758,Fiora Martinez
142775,Ilan Fernandez
142781,Nina Dahl
142793,Fiora Giannis
142801,Indigo Kobayashi
142806,Remy Haddad
142817,Charlie Bianchi
142843,Estelle Wilder
142846,Beau Nowak
142864,Beau Ueda
142938,Hayden Osei
142962,Ivan Papadopoulos
142998,Omar Hernandez
143000,Finley Duarte
143018,Avery Zamora
143030,Dante Kallas
143049,Felix Giannis
143055,Soren Ortiz
143091,Marcus Jaramillo
143107,Charlie Barros
143115,Amara Jaramillo
143161,Soren Santos
143186,Noel Castillo
143207,Soren Okafor
143209,Petra Farhat
143230,Avery Singh
143274,Sami Dubois
143327,Ivan Zeleny
143337,Jolene Farah
143345,Amara Zamora
143348,Sage Castillo
143368,Bram Farhat
143445,Soren Fernandez
143464,Lior Costa
143472,Jasper Ramirez
143485,Koa Tran
143497,Drew Carvalho
143504,Oscar Falk
143535,Felipe Ekwueme
143553,Logan Toivonen
143561,Drew Dahl
143568,Estelle Vukovic
143584,Quill Farah
143606,Kai Ortiz
143610,Sami Iyer
143626,Kian Singh
143651,Devon Dahl
143654,Umar Costa
143680,Morgan Reyes
143706,Priya Costa
143719,Harper Valdez
143759,Fiora Zamora
143772,Esme Valdez
143774,Niko Costa
143826,Charlie Tran
143830,Reese Leung
143832,Koa Gorski
143835,Oscar Pham
143879,Clara Weber
143927,Xander Chen
143930,Denny Esposito
143965,Parker Delgado
143966,Celeste Berg
143987,Zola Castillo
144008,Parker Yildiz
144018,Dakota Mbeki
144053,Sage Kobayashi
144115,Noel Giannis
144128,Bailey Nowak
144182,Cameron Mensah
144189,Cameron Bianchi
144248,Denny Qureshi
144270,Beau Jansen
144301,Talia Duarte
144322,Charlie Lindqvist
144352,Hugo Martinez
144398,Kiran Ortiz
144413,Koa Nakamura
144442,Drew Andersson
144446,Priya Tanaka
144472,Casey Moreau
144475,Peyton Gorski
144509,Sami Toivonen
144515,Luna Ortiz
144528,Darius Adebayo
144536,Theo Berg
144553,Bram Nowak
144556,Orla Suzuki
144558,Quincy Jaramillo
144611,Elio Valdez
144646,Yara Vukovic
144694,Petra Okafor
144714,Kai Novak
144741,Halle Abara
144775,Finley Gorski
144787,Uma Carvalho
144825,Rowan Baptiste
144835,Micah Tanaka
144851,Denny Dahl
144856,Rosa Delgado
144859,Theo Toivonen
144860,Wren Umeh
144921,Nadia Zhang
144980,Remy Hoang
144992,Anwen Quiroga
144999,Viggo Hoang
145018,Willa Costa
145035,Jolene Qureshi
145061,Pia Santos
145076,Willa Nguyen
145094,Logan Bianchi
145098,Marcus Rivera
145120,Ines Costa
145174,Frankie Papadopoulos
145182,Willa Umeh
145188,Riley Wojcik
145193,Gray Farhat
145205,Niko Tanaka
145213,Priya Ueda
145241,Taylor Quiroga
145274,Celeste Kaur
145279,Amara Giannis
145304,Darius Umeh
145307,Bodhi Moreau
145350,Nadia Larsen
145355,Jolene Ortiz
145364,Greta Kim
145389,Amara Kaur
145411,Wren Carvalho
145436,Beau Papadopoulos
145442,Nadia Mensah
145480,Blake Mbeki
145485,Bodhi Herrera
145532,Riley Rivera
145535,Kendall Nguyen
145551,Frankie Costa
145584,Greta Kallas
145586,Yara Toivonen
145603,Noel Jansen
145608,Roux Reyes
145626,Elliot Gorski
145650,Skyler Qureshi
145666,Elliot Zhang
145672,Quinn Kallas
145698,Jolene Nguyen
145701,Felipe Zamora
145739,Theo Weber
145814,Ines Haddad
145839,Viggo Delgado
145859,Niko Andersson
145866,Gideon Lindqvist
145872,Viggo Nguyen
145873,Micah Ekstrom
145883,Sami Rossi
145948,Niko Osei
145970,Talia Okafor
145976,Koa Moreau
145989,Reese Mensah
146010,Ximena Iyer
146012,Pia Cohen
146022,Jesse Falk
146086,Yara Kaur
146088,Rosa Duarte
146142,Quinn Jovanovic
146144,Ilan Costa
146149,Eden Adebayo
146173,Bodhi Yilmaz
146190,Hayden Duarte
146216,Junia Larsen
146221,Bailey Jovanovic
146230,Sage Sato
146234,Yusuf Ekstrom
146267,Kian Dubois
146270,Emerson Mensah
146279,Oscar Andersson
146281,Vera Reyes
146297,Willa Kim
146302,Ivan Esposito
146336,Priya Tran
146347,Hugo Bianchi
146348,Marcus Barros
146390,Darius Kowalski
146417,Luna Lindqvist
146419,Indigo Giannis
146437,Skyler Chen
146446,Lior Nowak
146461,Hana Barros
146475,Theo Ortiz
146503,Kian Aoki
146506,Emerson Martinez
146516,Umar Carvalho
146524,Fiora Rivera
146525,Omar Iyer
146535,Oscar Jovanovic
146565,Omar Zamora
146566,Dante Jovanovic
146578,Alex Wojcik
146598,Vera Rivera
146609,Dante Nowak
146612,Kian Hoang
146639,Talia Yilmaz
146643,Jordan Jovanovic
146652,Wren Dahl
146680,Kai Baptiste
146698,Kai Duarte
146703,Soren Osei
146708,Yusuf Haddad
146714,Orla Okafor
146762,Pia Castillo
146777,Felipe Yamamoto
146778,Maren Herrera
146836,Tara Reyes
146853,Mateo Papadopoulos
146868,Zane Ilic
146870,Yusuf Nguyen
146898,Halle Herrera
146917,Beau Nguyen
146925,Roux Guo
146936,Nina Yilmaz
146969,Remy Johansson
146992,Casey Esposito
147045,Viggo Zeleny
147048,Orla Patel
147049,Zola Herrera
147102,Beau Tran
147116,Kai Correa
147126,Peyton Yilmaz
147174,Ilan Herrera
147210,Denny Ekstrom
147232,Uma Quiroga
147259,Celeste Dubois
147263,Kiran Alvarez
147281,Rowan Dahl
147301,Emerson Singh
147304,Shawn Hoang
147309,Hayden Ekstrom
147316,Luna Delgado
147326,Umar Toivonen
147327,Yara Adebayo
147353,Drew Iyer
147369,Maren Kim
147418,Rosa Wojcik
147490,Harper Falk
147528,Ines Dahl
147540,Clara Reyes
147610,Felix Alvarez
147662,Jesse Qureshi
147677,Denny Jaramillo
147687,Sami Haddad
147712,Priya Novak
147750,Uma Kim
147752,Morgan Toivonen
147756,Priya Qureshi
147795,Drew Gorski
147810,Lior Xiong
147815,Drew Tran
147874,Ravi Valdez
147877,Cameron Lindqvist
147898,Junia Tanaka
147907,Darius Patel
147910,Jordan Leung
147952,Petra Ueda
147981,Gray Baptiste
147993,Eden Mensah
148002,Tara Kaur
148003,Finley Jovanovic
148022,Vera Baptiste
148061,Casey Hoang
148079,Nadia Zeleny
148091,Marcus Silva
148109,Devon Quiroga
148115,Gray Ekwueme
148122,Bailey Reyes
148146,Greta Wilder
148149,Elliot Ximenes
148162,Qadir Pham
148183,Halle Ilic
148197,Taylor Mbeki
148220,Sami Dahl
148249,Taylor Petrov
148282,Ximena Singh
148291,Elliot Reyes
148300,Kiran Nakamura
148319,Parker Toivonen
148327,Felix Martinez
148357,Omar Kowalski
148362,Coral Barros
148363,Tara Haddad
148378,Kai Mbeki
148409,Alex Tran
148445,Devon Reyes
148447,Skyler Yilmaz
148453,Jasper Mbeki
148457,Noel Gorski
148485,Qadir Ramirez
148489,Eden Costa
148490,Frankie Zamora
148493,Koa Cohen
148510,Remy Osei
148538,Hayden Zeleny
148567,Bram Dahl
148590,Charlie Ibarra
148632,Estelle Singh
148671,Emerson Falk
148695,Avery Hoang
148716,Nina Adebayo
148738,Indigo Ekstrom
148741,Bodhi Jansen
148746,Emerson Okafor
148755,Cameron Weber
148759,Taylor Guo
148768,Omar Quiroga
148789,Sami Kim
148790,Xander Kim
148793,Shawn Jansen
148809,Gray Jovanovic
148813,Beau Wojcik
148876,Kiran Wilder
148880,Willa Dubois
148881,Qadir Farah
148906,Darius Toivonen
148960,Rosa Ortiz
148984,Dakota Silva
148986,Peyton Lindqvist
148991,Hayden Wilder
149015,Ximena Tran
149056,Rowan Patel
149073,Wren Kobayashi
149088,Fiora Mbeki
149121,Kendall Quiroga
149137,Qadir Mensah
149163,Aria Ekstrom
149177,Marcus Ramirez
149183,Beau Zamora
149202,Hana Fernandez
149240,Quill Delgado
149254,Jesse Ekwueme
149285,Jolene Ekwueme
149294,Jordan Osei
149329,Sage Vukovic
149340,Talia Ostrowski
149389,Bailey Dubois
149409,Felix Berg
149412,Nina Nowak
149477,Reese Abara
149481,Peyton Leung
149554,Amara Gorski
149568,Tara Castillo
149570,Ximena Jansen
149584,Junia Zamora
149610,Jasper Leung
149642,Halle Iyer
149670,Amara Mensah
149684,Soren Xiong
149711,Yara Wojcik
149732,Viggo Umeh
149738,Frankie Cohen
149756,Amara Jovanovic
149757,Esme Gorski
149761,Elio Ximenes
149763,Elio Ortiz
149767,Lena Singh
149793,Blake Kallas
149800,Fiora Pham
149806,Sami Nowak
149865,Quincy Pham
149873,Frankie Andersson
149890,Logan Petrov
149897,Luna Bianchi
149903,Vera Wilder
149957,Fiora Esposito
149962,Kian Rossi
149968,Jasper Pham
150005,Marcus Pham
150010,Sami Nguyen
150024,Willa Jansen
150028,Gideon Rossi
150065,Kiran Farah
150075,Elliot Carvalho
150127,Reese Giannis
150150,Uma Farah
150168,Oscar Hoang
150179,Riley Falk
150196,Anwen Aoki
150205,Oscar Herrera
150216,Dakota Ximenes
150223,Talia Nowak
150257,Umar Santos
150258,Kai Martinez
150261,Omar Papadopoulos
150267,Amara Nowak
150293,Indigo Kallas
150295,Yusuf Tanaka
150301,Charlie Novak
150320,Gray Cohen
150333,Parker Singh
150342,Sage Delgado
150345,Taylor Wilder
150371,Xander Herrera
150378,Dakota Petrov
150395,Bailey Esposito
150414,Aria Kowalski
150425,Cameron Qureshi
150435,Indigo Ilic
150468,Blake Castillo
150472,Umar Qureshi
150549,Noel Berg
150562,Jamie Kobayashi
150566,Esme Yildiz
150582,Emerson Duarte
150585,Micah Castillo
150593,Rowan Cohen
150602,Gideon Wojcik
150604,Remy Costa
150613,Pia Osei
150655,Talia Lindqvist
150657,Willa Wojcik
150662,Emerson Novak
150671,Drew Baptiste
150673,Amara Toivonen
150681,Qadir Cohen
150713,Tara Ekwueme
150743,Anwen Zhang
150759,Dante Kobayashi
150764,Oscar Novak
150775,Elliot Tran
150873,Elio Kallas
150922,Dakota Martinez
150928,Nadia Rossi
150930,Esme Quiroga
150938,Emerson Zamora
150977,Coral Umeh
150987,Logan Castillo
151009,Ximena Ekstrom
151018,Kai Fernandez
151040,Roux Baptiste
151049,Morgan Umeh
151061,Jordan Ortiz
151068,Morgan Dubois
151072,Kai Wojcik
151082,Oscar Sato
151102,Casey Martinez
151104,Qadir Aoki
151117,Yusuf Ramirez
151120,Lena Herrera
151128,Bailey Wilder
151196,Harper Castillo
151214,Umar Patel
151232,Uma Dahl
151273,Ivan Ekstrom
151289,Rowan Martinez
151324,Jesse Kaur
151334,Selena Quiroga
151337,Vera Aoki
151369,Lior Nakamura
151386,Noel Hernandez
151417,Blake Wojcik
151449,Jesse Patel
151460,Charlie Kaur
151466,Bailey Ibarra
151477,Estelle Alvarez
151485,Halle Esposito
151519,Anwen Baptiste
151542,Amara Ramirez
151565,Orla Moreau
151585,Quill Falk
151588,Halle Umeh
151683,Greta Yamamoto
151695,Petra Ekstrom
151707,Estelle Fernandez
151708,Estelle Giannis
151714,Quinn Ortiz
151732,Jesse Kallas
151739,Umar Chen
151755,Zane Castillo
151793,Quinn Dahl
151798,Rosa Guo
151804,Greta Osei
151808,Bailey Abara
151868,Kian Cohen
151876,Jordan Castillo
151881,Niko Kobayashi
151883,Quill Jansen
151911,Elliot Andersson
151912,Elliot Kim
151913,Gideon Mensah
151922,Celeste Farah
151938,Maren Novak
151980,Giana Singh
152033,Reese Ilic
152060,Aria Ilic
152079,Ximena Valdez
152086,Hayden Xiong
152099,Soren Ekwueme
152107,Gray Gorski
152114,Emerson Farhat
152148,Esme Haddad
152152,Hugo Kaur
152177,Zane Sato
152193,Dakota Ueda
152196,Jasper Quiroga
152224,Aria Costa
152238,Gray Wilder
152240,Casey Kallas
152325,Eden Bianchi
152357,Finley Baptiste
152378,Pia Fernandez
152390,Tara Dahl
152420,Harper Ramirez
152431,Wren Larsen
152483,Viggo Andersson
152519,Skyler Moreau
152532,Omar Delgado
152559,Charlie Ximenes
152572,Harper Xiong
152579,Indigo Dahl
152594,Indigo Leung
152653,Reese Baptiste
152665,Selena Delgado
152688,Clara Umeh
152690,Coral Larsen
152710,Sage Nakamura
152711,Shawn Costa
152728,Quill Ibarra
152746,Dante Wojcik
152783,Estelle Duarte
152788,Frankie Mbeki
152801,Theo Wojcik
152807,Ilan Dubois
152820,Umar Duarte
152823,Gideon Tanaka
152866,Cameron Hoang
152875,Reese Lund
152876,Anwen Kaur
152879,Umar Alvarez
152896,Charlie Sato
152909,Micah Mbeki
152928,Charlie Mbeki
152934,Marcus Kaur
152937,Fiora Okafor
152951,Dante Wilder
152958,Coral Ostrowski
152980,Alex Martinez
153018,Shawn Kallas
153027,Esme Kowalski
153032,Devon Pham
153048,Kiran Santos
153055,Blake Herrera
153070,Vera Pham
153086,Selena Ramirez
153122,Logan Hoang
153134,Dakota Yamamoto
153193,Cameron Lund
153210,Greta Ramirez
153242,Felipe Castillo
153260,Luna Nguyen
153276,Morgan Vukovic
153301,Drew Patel
153348,Bailey Carvalho
153367,Oscar Correa
153434,Ivan Ekwueme
153496,Charlie Ramirez
153688,Quincy Haddad
153712,Elliot Yildiz
153721,Harper Ilic
153730,Elio Tran
153735,Blake Silva
153746,Eden Valdez
153776,Charlie Herrera
153786,Oscar Reyes
153802,Indigo Jansen
153897,Cameron Ramirez
153929,Celeste Qureshi
153943,Halle Rivera
153967,Coral Ueda
153970,Frankie Rossi
153978,Noel Zhang
153983,Coral Herrera
154018,Gideon Novak
154044,Dakota Patel
154077,Theo Haddad
154084,Vera Osei
154092,Sage Dahl
154098,Nina Farhat
154136,Wren Zhang
154137,Vera Jaramillo
154155,Zola Mbeki
154156,Jolene Costa
154184,Felix Guo
154189,Pia Delgado
154234,Estelle Johansson
154277,Jasper Herrera
154328,Emerson Costa
154373,Selena Tran
154397,Jolene Ximenes
154484,Soren Singh
154485,Nina Wojcik
154487,Sage Ostrowski
154496,Hayden Zhang
154512,Fiora Kaur
154515,Maren Mensah
154561,Darius Valdez
154575,Rosa Yildiz
154588,Priya Adebayo
154621,Clara Silva
154655,Talia Fernandez
154663,Eden Hoang
154664,Lior Aoki
154683,Casey Andersson
154692,Denny Pham
154737,Logan Adebayo
154746,Gray Yamamoto
154785,Kiran Tran
154803,Noel Aoki
154806,Tara Novak
154808,Coral Mensah
154825,Maren Nakamura
154861,Uma Larsen
154884,Tara Qureshi
154906,Greta Guo
154937,Bailey Falk
154947,Talia Farah
154956,Felix Toivonen
155025,Reese Herrera
155040,Ravi Alvarez
155042,Cameron Rossi
155074,Sage Yildiz
155102,Sage Abara
155146,Kendall Xiong
155151,Taylor Yamamoto
155163,Yusuf Larsen
155187,Beau Costa
155193,Nadia Qureshi
155198,Willa Farah
155206,Celeste Cohen
155239,Soren Correa
155276,Noel Ostrowski
155328,Eden Jovanovic
155372,Morgan Tanaka
155378,Sami Reyes
155408,Ilan Lindqvist
155418,Anwen Gorski
155441,Orla Silva
155468,Kendall Novak
155528,Parker Aoki
155621,Esme Suzuki
155642,Wren Wojcik
155680,Yusuf Herrera
155711,Noel Yilmaz
155724,Roux Moreau
155725,Rowan Tanaka
155775,Yusuf Esposito
155776,Bram Suzuki
155778,Yusuf Jaramillo
155791,Ivan Hoang
155822,Denny Santos
155853,Viggo Qureshi
155926,Fiora Correa
155939,Fiora Ortiz
155970,Dante Guo
156048,Adrian Ortiz
156050,Elio Santos
156054,Selena Andersson
156064,Jordan Ximenes
156081,Marcus Kallas
156090,Luna Aoki
156094,Jasper Silva
156108,Petra Martinez
156183,Devon Bianchi
156184,Rosa Ekstrom
156217,Aria Mensah
156235,Felipe Pham
156249,Devon Aoki
156274,Yara Carvalho
156275,Devon Osei
156292,Gideon Singh
156295,Umar Abara
156298,Dakota Nguyen
156310,Niko Martinez
156334,Gideon Santos
156346,Ines Jansen
156372,Jasper Reyes
156387,Eden Larsen
156391,Alex Fernandez
156406,Indigo Weber
156419,Elio Kobayashi
156464,Darius Yilmaz
156480,Gray Abara
156485,Roux Mbeki
156486,Elliot Petrov
156523,Finley Kaur
156563,Nadia Moreau
156572,Vera Giannis
156634,Hana Esposito
156691,Viggo Hernandez
156710,Orla Nakamura
156740,Uma Adebayo
156778,Bailey Andersson
156844,Jordan Guo
156845,Gray Ostrowski
156848,Halle Berg
156863,Sage Zhang
156900,Reese Silva
156975,Petra Aoki
156999,Coral Tanaka
157019,Marcus Tran
157060,Uma Berg
157063,Denny Jovanovic
157085,Sage Costa
157086,Lior Ilic
157095,Jesse Ximenes
157113,Selena Adebayo
157115,Felipe Falk
157125,Soren Larsen
157134,Bram Quiroga
157153,Blake Guo
157213,Bram Jansen
157243,Zola Suzuki
157246,Ximena Fernandez
157275,Jasper Jaramillo
157373,Ivan Wojcik
157426,Nadia Okafor
157456,Roux Zhang
157468,Jasper Ortiz
157469,Dakota Bianchi
157484,Dakota Duarte
157490,Bram Weber
157501,Finley Silva
157509,Wren Petrov
157538,Wren Papadopoulos
157539,Lena Patel
157541,Greta Berg
157547,Viggo Santos
157549,Xander Osei
157557,Maren Patel
157578,Soren Ramirez
157621,Harper Papadopoulos
157628,Ravi Wojcik
157679,Sami Gorski
157703,Coral Farhat
157719,Marcus Santos
157727,Peyton Santos
157736,Logan Quiroga
157737,Drew Qureshi
157751,Ines Tran
157804,Petra Patel
157814,Hugo Jansen
157822,Ilan Bianchi
157846,Theo Kaur
157848,Giana Yilmaz
157860,Avery Pham
157876,Giana Dahl
157877,Gideon Lund
157878,Felipe Mensah
157915,Blake Abara
157954,Amara Dahl
157964,Indigo Ostrowski
157975,Hayden Okafor
158028,Nina Kowalski
158047,Celeste Barros
158050,Skyler Umeh
158053,Quill Nakamura
158064,Junia Fernandez
158081,Selena Berg
158101,Shawn Correa
158109,Jesse Ortiz
158119,Dakota Barros
158147,Cameron Dahl
158148,Taylor Okafor
158172,Theo Jovanovic
158185,Remy Zamora
158226,Jamie Costa
158243,Aria Novak
158267,Selena Reyes
158295,Quinn Larsen
158299,Felipe Silva
158308,Jesse Papadopoulos
158351,Harper Mbeki
158354,Sage Esposito
158384,Koa Kim
158413,Felix Ortiz
158474,Indigo Santos
158488,Ines Guo
158588,Zola Larsen
158593,Kai Nowak
158600,Felipe Patel
158622,Bodhi Vukovic
158634,Casey Castillo
158638,Orla Aoki
158655,Marcus Alvarez
158656,Drew Okafor
158667,Kiran Yilmaz
158686,Blake Singh
158719,Denny Umeh
158724,Felipe Berg
158740,Bodhi Larsen
158748,Gray Falk
158794,Esme Chen
158804,Jesse Castillo
158824,Harper Hoang
158836,Omar Wilder
158845,Morgan Esposito
158866,Nina Mensah
158899,Oscar Valdez
158927,Bailey Ekwueme
158944,Kendall Baptiste
158947,Avery Nowak
158953,Ines Jovanovic
158961,Rowan Giannis
158983,Bram Kobayashi
158997,Ravi Duarte
159009,Junia Tran
159048,Frankie Ibarra
159059,Halle Gorski
159082,Yusuf Abara
159093,Kian Petrov
159192,Rosa Tanaka
159195,Roux Delgado
159206,Beau Ekstrom
159269,Emerson Vukovic
159272,Roux Giannis
159355,Finley Carvalho
159362,Avery Patel
159380,Willa Cohen
159393,Harper Aoki
159403,Talia Giannis
159417,Ines Vukovic
159488,Quill Farhat
159504,Denny Valdez
159508,Oscar Wilder
159523,Hayden Delgado
159534,Pia Ostrowski
159606,Pia Bianchi
159618,Ivan Mbeki
159639,Skyler Valdez
159642,Kendall Yildiz
159663,Umar Moreau
159698,Coral Ekstrom
159734,Ravi Singh
159737,Charlie Patel
159753,Viggo Dubois
159795,Celeste Esposito
159816,Uma Vukovic
159827,Sami Ibarra
159828,Koa Chen
159841,Esme Vukovic
159848,Coral Rossi
159871,Anwen Adebayo
159872,Alex Lund
159900,Yusuf Alvarez
159927,Alex Kaur
159932,Hayden Yamamoto
159936,Jesse Bianchi
159950,Adrian Kaur
160007,Halle Johansson
160024,Marcus Berg
160049,Quincy Cohen
160088,Viggo Jansen
160099,Aria Berg
160112,Ivan Kim
160170,Eden Herrera
160173,Greta Suzuki
160210,Jesse Dubois
160219,Tara Ximenes
160256,Zola Gorski
160259,Kendall Mbeki
160261,Pia Toivonen
160271,Noel Jaramillo
160275,Xander Zhang
160317,Koa Hernandez
160331,Elio Haddad
160338,Dakota Novak
160363,Roux Okafor
160376,Kian Haddad
160395,Tara Nowak
160430,Anwen Ekstrom
160436,Lior Dahl
160501,Kiran Berg
160506,Selena Mensah
160513,Viggo Osei
160514,Wren Hoang
160531,Lior Esposito
160540,Kian Ekstrom
160667,Amara Castillo
160735,Niko Yildiz
160747,Elliot Cohen
160772,Nadia Leung
160778,Hayden Toivonen
160805,Rosa Wilder
160809,Ravi Giannis
160833,Vera Jovanovic
160844,Denny Wilder
160858,Jolene Kaur
160897,Quill Zamora
160904,Maren Delgado
160922,Darius Quiroga
160925,Blake Falk
160945,Ilan Pham
160951,Gideon Herrera
161047,Felipe Baptiste
161066,Pia Kaur
161091,Giana Lindqvist
161103,Ivan Nakamura
161115,Casey Ramirez
161157,Taylor Kobayashi
161163,Blake Tran
161184,Jamie Bianchi
161205,Elio Yamamoto
161223,Beau Herrera
161232,Zane Carvalho
161251,Uma Osei
161342,Viggo Ortiz
161382,Gray Quiroga
161383,Greta Vukovic
161389,Quinn Falk
161421,Ines Correa
161437,Noel Alvarez
161478,Jordan Ramirez
161484,Micah Delgado
161486,Felipe Alvarez
161544,Ximena Ortiz
161560,Finley Farah
161561,Indigo Johansson
161586,Gideon Castillo
161675,Soren Wilder
161692,Bodhi Ilic
161714,Maren Correa
161725,Kiran Lindqvist
161826,Amara Suzuki
161841,Dakota Andersson
161919,Hayden Chen
161927,Mateo Mensah
161928,Ximena Guo
161939,Sage Chen
161946,Beau Correa
161976,Elio Mensah
162007,Jasper Kaur
162047,Omar Suzuki
162067,Casey Baptiste
162093,Zane Okafor
162245,Rosa Larsen
162250,Orla Ekstrom
162271,Rowan Johansson
162286,Indigo Ekwueme
162294,Finley Moreau
162296,Bodhi Qureshi
162297,Jasper Rossi
162326,Mateo Zhang
162334,Aria Aoki
162349,Xander Kowalski
162358,Xander Petrov
162368,Yara Tran
162387,Casey Jovanovic
162394,Esme Ximenes
162445,Logan Nguyen
162484,Elliot Umeh
162495,Jamie Toivonen
162508,Soren Rivera
162516,Amara Ostrowski
